income,education_years,land_owned,age,employment_years,has_collateral,num_dependents,credit_score,district,gender,caste,loan_approved
89022,5,1.004,23,16,1,5,239,Jaipur,0,1,0
57866,0,0.683,50,20,0,4,128,Delhi,1,1,0
146932,16,6.84,38,39,0,0,496,Hyderabad,0,0,1
42432,0,0.502,33,1,1,2,491,Delhi,1,1,0
74183,6,1.945,64,9,0,4,623,Mumbai,1,0,0
125268,3,8.41,56,12,0,1,546,Delhi,0,0,1
69886,4,5.8,51,26,1,0,559,Bhopal,0,0,0
152337,3,6.19,59,9,1,8,646,Kolkata,0,0,1
65517,7,0.28300000000000003,32,23,0,4,196,Mumbai,1,1,0
66623,1,3.58,23,40,1,1,286,Lucknow,0,1,0
70249,0,0.06,19,0,0,3,279,Bhopal,1,0,0
50523,0,0.34900000000000003,41,13,0,2,421,Hyderabad,1,1,0
67997,3,0.722,66,18,0,6,206,Pune,1,1,0
17062,0,0.2,45,0,1,0,432,Chennai,1,0,0
36458,1,0.7320000000000001,18,32,0,3,611,Delhi,0,1,0
53443,5,2.356,18,1,1,6,414,Bhopal,0,1,0
51883,3,2.2399999999999998,45,10,0,4,506,Jaipur,0,1,0
15769,13,7.39,53,9,0,3,778,Pune,0,0,0
48577,0,3.2520000000000007,37,38,0,3,607,Lucknow,0,1,0
51951,7,0.516,65,32,0,1,279,Pune,0,1,0
11171,9,0.045,25,0,0,7,357,Kolkata,1,0,0
76930,12,2.7600000000000002,18,14,0,3,286,Pune,0,1,0
71420,0,0.301,43,17,1,1,363,Lucknow,1,1,0
55167,3,1.565,68,2,0,8,612,Jaipur,1,0,0
96120,3,0.3775,60,29,1,6,162,Patna,1,0,0
52054,10,0.4690000000000001,66,18,0,2,72,Patna,1,1,0
171730,1,5.04,42,38,1,6,603,Hyderabad,0,0,1
64660,4,2.34,27,6,0,0,184,Patna,0,1,0
75645,6,1.2825,29,0,0,0,468,Mumbai,1,0,0
90476,9,1.24,58,1,0,3,519,Lucknow,1,0,0
145523,17,3.33,24,20,0,3,732,Delhi,0,0,1
6344,8,0.071,29,6,0,3,106,Bhopal,1,1,0
90255,7,0.36000000000000004,64,29,1,8,296,Kolkata,0,1,0
44398,1,1.085,57,21,0,5,502,Bhopal,1,0,0
79739,10,0.89,34,0,0,2,201,Bhopal,1,0,0
64775,10,2.064,22,23,0,5,589,Kolkata,0,1,0
181845,9,3.05,31,18,0,1,369,Kolkata,0,0,0
134346,14,6.88,51,2,1,1,686,Pune,0,0,1
82435,14,8.64,65,14,1,6,823,Lucknow,0,0,1
46725,2,1.1960000000000002,34,35,0,2,476,Jaipur,0,1,0
53171,8,0.772,52,5,1,6,244,Delhi,0,1,0
46551,16,1.16,18,17,0,2,477,Jaipur,0,0,0
72168,2,1.54,67,29,0,1,127,Chennai,1,0,0
17156,3,1.7760000000000002,67,18,0,3,338,Hyderabad,0,1,0
30062,9,0.188,53,21,0,3,10,Chennai,1,1,0
18890,20,6.53,32,12,1,2,710,Hyderabad,0,0,0
56606,17,1.48,36,38,1,8,454,Pune,0,0,0
56272,6,1.385,68,3,0,5,325,Patna,1,0,0
56019,5,0.527,59,25,0,4,114,Bhopal,1,1,0
13085,2,1.835,22,3,0,5,498,Hyderabad,1,0,0
67593,1,0.05500000000000001,36,15,0,7,349,Hyderabad,1,1,0
169969,11,8.88,60,3,0,4,397,Lucknow,0,0,1
83148,5,7.03,56,35,0,3,318,Patna,0,0,0
139243,18,2.16,22,13,1,6,612,Delhi,0,0,1
87863,2,0.7320000000000001,69,16,0,4,707,Bhopal,0,1,0
110210,0,1.7280000000000002,29,2,0,3,624,Lucknow,0,1,0
76646,9,2.045,36,29,0,4,350,Kolkata,1,0,0
63555,17,8.43,64,22,1,3,658,Jaipur,0,0,1
32159,15,5.2,29,12,0,7,682,Patna,0,0,0
44869,0,0.861,53,0,0,7,511,Mumbai,1,1,0
66841,0,0.0125,29,12,1,0,163,Kolkata,1,0,0
52292,1,0.0875,35,32,0,2,484,Bhopal,1,0,0
33098,8,3.6479999999999997,66,7,0,3,290,Kolkata,0,1,0
12318,2,0.775,68,8,0,1,222,Patna,1,1,0
51674,10,1.1275,65,7,0,4,505,Kolkata,1,0,0
24308,6,0.754,60,7,0,7,264,Kolkata,1,1,0
66790,0,0.9560000000000001,51,19,0,1,270,Patna,1,1,0
8827,0,0.772,65,7,0,8,211,Hyderabad,1,1,0
124689,14,3.3680000000000003,50,13,1,6,675,Mumbai,0,1,1
33842,8,3.0440000000000005,66,37,1,5,493,Lucknow,0,1,0
40861,3,0.168,35,11,0,7,386,Chennai,1,1,0
63876,0,0.8340000000000001,46,32,0,1,246,Kolkata,1,1,0
9485,0,0.195,62,25,0,4,349,Delhi,1,1,0
30468,1,2.2325,22,20,0,3,191,Chennai,1,0,0
58512,6,1.1475,42,0,0,7,415,Mumbai,1,0,0
5725,0,0.677,41,1,0,0,212,Patna,1,1,0
45884,1,1.988,46,19,1,2,474,Lucknow,0,1,0
21035,14,0.235,55,0,0,7,290,Jaipur,1,0,0
21615,0,0.7275,50,18,0,4,365,Delhi,1,0,0
53788,0,2.46,27,23,0,3,260,Bhopal,1,0,0
13347,6,2.4025,54,1,0,5,359,Hyderabad,1,0,0
101807,1,3.2,50,39,0,4,610,Delhi,0,0,1
9718,5,0.9960000000000001,40,8,0,2,415,Pune,1,1,0
120361,1,3.3840000000000003,28,32,1,4,577,Lucknow,0,1,0
85053,1,1.5275,41,0,0,3,141,Mumbai,1,0,0
18963,0,0.04000000000000001,41,30,1,0,77,Jaipur,1,1,0
36417,0,2.2525,24,9,0,0,594,Bhopal,1,0,0
71363,7,1.3925,67,0,0,6,472,Bhopal,1,0,0
41589,0,3.472,38,7,0,3,550,Patna,0,1,0
19938,0,0.8340000000000001,37,16,0,0,20,Patna,1,1,0
11419,0,3.3320000000000003,70,30,0,5,686,Bhopal,0,1,0
87848,7,2.7920000000000003,27,3,0,0,339,Jaipur,0,1,0
81821,10,0.7275,42,11,1,7,480,Jaipur,1,0,0
90593,0,1.344,64,27,0,8,476,Chennai,0,1,0
194262,19,3.08,53,39,0,2,651,Mumbai,0,0,1
54100,0,0.020000000000000004,65,0,0,6,179,Pune,1,1,0
19485,10,0.5830000000000001,64,31,0,4,471,Hyderabad,1,1,0
98577,13,1.7475,32,14,0,2,514,Kolkata,1,0,0
15942,0,2.135,61,4,0,4,332,Pune,1,0,0
42271,0,0.35,57,7,0,6,649,Jaipur,1,0,0
51591,2,0.544,57,17,0,6,394,Jaipur,1,1,0
27666,12,0.08,67,30,1,8,326,Kolkata,0,0,0
19183,0,0.095,23,0,1,7,448,Kolkata,1,1,0
149633,17,0.54,54,16,1,3,737,Bhopal,0,0,1
23019,10,1.8125,19,7,0,4,404,Pune,1,0,0
51678,15,0.32400000000000007,29,36,0,4,368,Pune,0,1,0
77667,15,2.8640000000000003,21,9,0,1,378,Hyderabad,0,1,0
198323,12,2.5,40,37,1,6,401,Kolkata,0,0,1
20714,10,2.195,30,22,0,6,598,Lucknow,1,0,0
15204,0,3.2520000000000007,34,9,0,8,403,Pune,0,1,0
16278,0,0.9580000000000001,48,25,0,8,516,Hyderabad,1,1,0
128569,0,8.84,33,5,0,3,826,Bhopal,0,0,1
36990,8,2.3325,58,19,0,4,560,Bhopal,1,0,0
37228,2,0.859,43,19,1,6,516,Patna,1,1,0
142478,16,6.93,45,12,1,6,529,Patna,0,0,1
27622,1,0.425,18,32,0,7,233,Chennai,1,0,0
33023,7,0.272,64,3,0,7,515,Hyderabad,1,1,0
76276,6,0.5325,29,31,0,1,303,Bhopal,1,0,0
16877,9,2.4160000000000004,54,1,0,8,213,Chennai,0,1,0
14134,0,0.504,67,0,0,3,295,Patna,1,1,0
67686,1,2.1675,37,0,0,0,572,Delhi,1,0,0
83363,10,3.812,19,7,0,0,684,Pune,0,1,0
100218,8,1.62,53,2,1,4,585,Kolkata,0,1,0
61967,0,0.506,32,0,0,6,126,Bhopal,1,1,0
199064,4,9.72,55,12,1,4,441,Jaipur,0,0,1
62593,10,0.69,39,0,0,2,247,Patna,1,0,0
152982,15,7.92,61,30,1,6,649,Pune,0,0,1
81892,0,0.9,67,24,0,0,703,Hyderabad,0,1,0
68888,13,2.724,49,7,0,0,642,Jaipur,0,1,0
136626,16,2.54,37,30,0,1,543,Chennai,0,0,1
73796,0,2.21,53,22,0,0,305,Jaipur,1,0,0
95080,8,2.244,50,16,1,8,412,Kolkata,0,1,0
75574,11,0.465,32,10,0,3,633,Pune,1,0,0
13734,3,0.22400000000000003,67,0,0,6,0,Jaipur,1,1,0
108189,11,1.235,63,21,1,4,358,Hyderabad,1,0,0
65015,12,9.62,20,9,1,6,354,Chennai,0,0,0
137096,10,7.7,46,28,0,6,794,Delhi,0,0,1
122059,20,4.88,64,39,0,0,717,Mumbai,0,0,1
81696,16,1.352,44,17,0,0,627,Bhopal,0,1,1
56616,9,1.3725,22,3,0,2,457,Kolkata,1,0,0
106738,12,2.9920000000000004,48,22,0,1,456,Lucknow,0,1,0
43213,0,0.784,39,2,1,6,9,Mumbai,1,1,0
179899,18,3.25,52,8,1,2,640,Patna,0,0,1
50454,15,2.8840000000000003,24,23,0,6,283,Bhopal,0,1,0
32335,4,0.658,23,16,0,8,344,Patna,1,1,0
108426,8,9.59,43,24,1,0,669,Hyderabad,0,0,1
132845,19,9.31,18,8,0,2,497,Lucknow,0,0,1
92604,3,1.9725,36,3,1,5,133,Patna,1,0,0
58585,11,7.23,24,10,0,8,637,Delhi,0,0,0
68323,14,0.685,53,29,0,4,661,Mumbai,1,0,0
43474,13,2.115,29,19,0,2,576,Hyderabad,1,0,0
122608,0,1.7120000000000002,37,7,0,7,705,Patna,0,1,0
69766,9,0.272,40,1,0,4,435,Lucknow,1,1,0
68505,2,0.96,42,16,0,5,485,Chennai,1,0,0
11500,10,3.344,47,35,1,1,580,Pune,0,1,0
71668,0,0.596,46,8,0,3,661,Delhi,0,1,0
26610,7,1.8239999999999998,48,40,0,0,289,Patna,0,1,0
107248,0,1.23,35,0,0,3,525,Chennai,1,0,0
103957,4,0.0925,58,0,1,0,428,Kolkata,1,0,0
167906,1,1.96,36,17,0,3,459,Kolkata,0,0,0
18175,9,2.0675,21,26,0,1,174,Lucknow,1,0,0
14694,0,0.8310000000000001,18,8,1,5,255,Pune,1,1,0
90766,14,2.92,58,35,0,5,833,Hyderabad,0,0,1
161779,11,8.75,32,27,1,7,721,Lucknow,0,0,1
168048,0,7.72,25,14,1,8,563,Mumbai,0,0,1
21186,2,0.418,32,10,0,7,232,Bhopal,1,1,0
50091,3,0.7480000000000001,32,13,0,0,232,Mumbai,1,1,0
25204,3,3.844,67,5,0,2,696,Lucknow,0,1,0
96883,1,1.1475,56,0,0,5,164,Pune,1,0,0
143376,11,2.38,39,8,0,0,735,Patna,0,0,1
99351,0,3.7680000000000002,35,19,0,7,514,Jaipur,0,1,0
70061,6,2.4160000000000004,33,36,1,5,583,Kolkata,0,1,0
51103,0,0.10500000000000001,19,2,0,0,163,Pune,1,1,0
38508,3,1.4325,53,0,0,1,375,Pune,1,0,0
85550,12,1.2525,37,13,0,5,185,Lucknow,1,0,0
13212,0,0.8560000000000001,33,27,1,7,87,Kolkata,1,1,0
54197,0,0.531,20,0,0,4,239,Pune,1,1,0
47940,0,0.255,47,0,0,0,310,Kolkata,1,1,0
18748,16,6.76,19,5,1,1,557,Kolkata,0,0,0
28545,0,5.43,52,21,0,3,813,Bhopal,0,0,0
92728,16,0.932,43,9,1,3,613,Pune,0,1,0
117544,16,2.2960000000000003,22,39,1,6,308,Hyderabad,0,1,0
48691,1,2.055,19,11,0,1,445,Pune,1,0,0
70562,1,0.11599999999999999,68,27,1,6,196,Bhopal,0,1,0
76087,17,6.31,37,22,1,6,641,Chennai,0,0,1
83840,5,3.5,51,34,1,6,548,Lucknow,0,0,0
47708,0,0.29300000000000004,51,0,0,2,176,Delhi,1,1,0
66005,12,3.93,37,28,0,5,656,Pune,0,0,0
192648,18,3.42,67,8,1,5,794,Mumbai,0,0,1
54353,7,8.32,42,8,0,3,334,Bhopal,0,0,0
67733,8,2.75,37,21,0,0,706,Jaipur,0,0,0
44174,10,1.8325,42,0,1,8,129,Pune,1,0,0
93354,0,0.235,70,7,0,1,650,Chennai,1,0,0
53411,14,3.8040000000000003,31,39,0,8,714,Delhi,0,1,1
108264,10,6.22,64,5,0,7,394,Patna,0,0,0
22954,10,1.7675,61,4,0,0,569,Patna,1,0,0
70322,14,0.745,60,24,0,6,339,Patna,1,0,0
69949,12,1.03,60,10,0,2,215,Patna,1,0,0
80809,0,0.56,56,6,1,8,500,Bhopal,1,0,0
68304,3,3.732,29,32,0,4,386,Pune,0,1,0
101582,12,1.22,65,1,0,2,365,Hyderabad,1,0,0
22392,6,6.3,22,0,1,7,809,Lucknow,0,0,0
25268,6,0.734,19,3,0,2,82,Delhi,1,1,0
192789,5,3.71,33,28,0,6,616,Delhi,0,0,1
23544,8,0.7200000000000001,47,8,0,6,104,Lucknow,1,1,0
91427,1,2.704,64,3,1,6,549,Lucknow,0,1,0
94809,0,1.765,60,20,1,0,299,Hyderabad,1,0,0
30553,0,0.489,55,0,0,4,82,Mumbai,1,1,0
129177,0,1.532,62,12,0,0,711,Lucknow,0,1,1
113506,18,2.22,68,4,0,6,800,Mumbai,0,0,1
68613,13,2.0625,59,0,1,7,467,Patna,1,0,0
87038,0,2.4320000000000004,41,33,0,6,451,Patna,0,1,0
103194,12,1.7760000000000002,68,6,0,0,510,Mumbai,0,1,0
22188,4,2.36,47,19,0,2,508,Pune,1,0,0
100775,0,0.12,54,1,1,2,256,Hyderabad,1,0,0
66719,6,2.125,70,0,0,6,480,Hyderabad,1,0,0
198155,19,9.98,56,2,0,3,581,Patna,0,0,1
66594,10,2.2175,28,16,1,2,321,Delhi,1,0,0
37195,0,0.81,31,14,0,5,530,Lucknow,1,1,0
32303,0,1.4960000000000002,40,26,0,5,195,Patna,0,1,0
81300,9,0.924,70,13,0,4,293,Patna,0,1,0
34184,8,0.735,33,29,0,5,67,Chennai,1,1,0
37671,2,3.05,67,31,1,2,329,Patna,0,0,0
111316,9,0.7040000000000001,38,22,0,4,698,Patna,0,1,1
38747,0,0.787,21,31,0,8,21,Delhi,1,1,0
122316,0,1.252,50,36,1,3,610,Mumbai,0,1,0
101202,9,9.14,64,2,0,1,329,Jaipur,0,0,0
66663,17,8.41,31,34,0,4,709,Patna,0,0,1
16889,9,2.12,36,4,1,2,168,Mumbai,1,0,0
106906,7,7.72,22,33,0,2,624,Mumbai,0,0,1
23169,0,0.8810000000000001,53,15,0,3,487,Kolkata,1,1,0
53225,1,0.806,48,0,1,3,297,Chennai,1,1,0
46312,3,2.4120000000000004,62,11,0,4,360,Bhopal,0,1,0
45597,5,0.296,35,0,0,6,121,Bhopal,1,1,0
49780,7,0.8880000000000001,61,10,1,3,123,Jaipur,1,1,0
17786,0,0.8410000000000001,48,0,0,6,452,Kolkata,1,1,0
102363,1,1.8920000000000003,47,27,0,8,445,Lucknow,0,1,0
53261,1,0.03900000000000001,38,5,0,2,27,Hyderabad,1,1,0
85113,2,1.5975,64,18,1,4,378,Mumbai,1,0,0
35712,4,0.051000000000000004,47,9,0,3,76,Jaipur,1,1,0
30850,5,0.926,58,32,0,8,431,Lucknow,1,1,0
63628,5,2.405,21,0,0,4,154,Delhi,1,0,0
9334,3,0.189,22,24,0,1,435,Jaipur,1,1,0
18770,2,0.676,58,28,1,0,113,Bhopal,1,1,0
147874,1,0.92,62,24,0,6,361,Lucknow,0,0,0
23155,2,7.3,27,12,1,0,351,Mumbai,0,0,0
35349,5,1.3880000000000001,44,22,0,7,295,Mumbai,0,1,0
70158,2,1.7025,33,27,1,8,166,Kolkata,1,0,0
34239,13,0.9325,47,24,0,6,557,Pune,1,0,0
36918,7,1.46,30,20,0,8,711,Pune,0,0,0
55539,3,1.015,53,25,0,5,220,Mumbai,1,0,0
16196,8,0.11299999999999999,38,27,0,6,278,Lucknow,1,1,0
162718,2,5.77,62,16,1,2,406,Bhopal,0,0,1
34013,0,0.1025,70,1,1,8,154,Mumbai,1,0,0
88383,0,2.108,57,22,0,2,538,Kolkata,0,1,0
111601,15,8.86,62,1,1,5,301,Chennai,0,0,0
67381,10,2.095,32,26,0,3,611,Kolkata,1,0,0
162443,14,8.83,37,13,0,8,571,Pune,0,0,1
45213,0,0.9220000000000002,37,32,0,0,143,Jaipur,1,1,0
81466,5,0.2625,62,0,0,8,554,Mumbai,1,0,0
177688,8,1.29,22,18,0,3,750,Patna,0,0,1
65299,14,1.3925,49,7,0,4,347,Jaipur,1,0,0
70341,5,2.235,23,16,0,0,664,Hyderabad,1,0,0
35932,14,9.74,47,0,1,0,513,Bhopal,0,0,0
73037,0,0.115,43,0,0,5,367,Delhi,1,0,0
16035,7,0.35600000000000004,54,18,0,0,407,Hyderabad,1,1,0
189088,19,2.13,30,1,0,1,352,Patna,0,0,1
8008,1,0.756,46,21,0,2,313,Mumbai,1,1,0
47496,0,0.6400000000000001,22,1,0,6,373,Delhi,1,1,0
67464,5,0.12,42,10,0,1,36,Jaipur,1,1,0
19598,11,1.936,30,15,0,4,703,Delhi,0,1,0
197479,0,6.85,41,12,0,8,383,Jaipur,0,0,1
81690,1,7.79,48,7,0,7,393,Mumbai,0,0,0
10724,0,0.05,37,22,0,7,534,Lucknow,1,0,0
21295,20,8.9,25,24,1,1,641,Lucknow,0,0,0
135885,19,5.69,26,38,1,0,849,Kolkata,0,0,1
141071,16,8.12,38,20,0,8,720,Mumbai,0,0,1
48126,15,3.232,68,37,0,3,527,Lucknow,0,1,0
14950,14,0.475,37,32,0,8,247,Delhi,1,0,0
175371,0,1.1,32,28,0,6,451,Mumbai,0,0,0
56823,9,0.7210000000000001,43,0,0,5,521,Mumbai,1,1,0
131336,5,1.56,59,17,1,8,337,Delhi,0,0,0
17056,4,0.8500000000000001,28,26,0,3,426,Hyderabad,1,1,0
20539,13,7.26,54,26,0,0,404,Jaipur,0,0,0
109682,13,2.105,58,0,1,4,284,Chennai,1,0,0
126376,10,1.1960000000000002,28,6,0,5,723,Jaipur,0,1,1
77584,7,0.7925,44,1,0,5,331,Lucknow,1,0,0
148629,20,6.71,47,9,0,0,825,Chennai,0,0,1
19076,0,0.031,36,19,1,6,131,Kolkata,1,1,0
148272,5,7.26,51,35,1,7,451,Patna,0,0,1
106175,10,2.09,55,1,1,4,215,Delhi,1,0,0
36357,10,4.15,40,34,1,1,802,Jaipur,0,0,0
73766,9,1.9125,70,26,0,1,641,Jaipur,1,0,0
60128,7,0.7000000000000001,18,36,0,4,553,Hyderabad,0,1,0
11614,10,1.2880000000000003,20,19,0,6,195,Mumbai,0,1,0
42320,0,3.8960000000000004,20,12,0,6,197,Pune,0,1,0
45507,7,0.986,45,2,0,3,408,Pune,1,1,0
70966,16,2.052,31,18,1,2,186,Lucknow,0,1,0
105272,2,9.34,69,27,1,8,544,Pune,0,0,1
53467,7,5.23,47,37,1,6,428,Patna,0,0,0
13702,0,0.292,22,0,0,1,454,Kolkata,1,1,0
38041,0,0.267,66,28,0,0,71,Patna,1,1,0
150059,17,9.3,32,18,1,1,459,Mumbai,0,0,1
48016,5,0.6880000000000001,55,36,1,2,266,Bhopal,0,1,0
60228,9,0.58,31,5,0,4,400,Pune,1,1,0
78865,10,1.39,31,22,1,2,581,Kolkata,1,0,0
105757,1,1.85,66,19,0,8,648,Hyderabad,1,0,0
65920,6,1.9960000000000002,25,35,0,3,268,Mumbai,0,1,0
55426,0,1.088,25,37,0,6,185,Chennai,0,1,0
32485,6,0.4225,36,10,0,3,203,Bhopal,1,0,0
79592,16,2.484,49,0,0,2,429,Kolkata,0,1,0
66812,0,0.7190000000000001,48,14,0,0,415,Hyderabad,1,1,0
105378,6,1.425,46,19,0,8,191,Patna,1,0,0
12451,0,0.738,58,0,0,0,111,Patna,1,1,0
58451,0,0.142,28,32,0,0,171,Patna,1,1,0
99427,4,3.5280000000000005,62,17,0,0,452,Patna,0,1,0
72259,9,1.455,30,30,1,4,649,Hyderabad,1,0,0
62333,1,1.27,44,24,0,6,618,Patna,0,0,0
149508,0,4.62,36,17,0,6,381,Hyderabad,0,0,0
32608,0,0.845,43,0,0,0,74,Delhi,1,1,0
98778,14,3.5920000000000005,70,18,0,5,608,Jaipur,0,1,1
107776,6,1.06,68,11,1,8,639,Patna,0,1,1
45746,11,7.11,54,24,0,5,645,Jaipur,0,0,0
23014,1,0.1,65,26,0,3,248,Bhopal,1,1,0
106961,0,0.085,26,0,0,8,506,Lucknow,1,0,0
24683,2,0.5599999999999999,45,0,1,2,362,Lucknow,1,1,0
73377,3,2.7800000000000002,49,0,0,3,475,Mumbai,0,1,0
185862,8,7.96,69,7,1,3,367,Kolkata,0,0,1
43777,0,0.34,20,30,0,3,437,Delhi,1,1,0
98586,16,0.028000000000000004,68,17,0,5,711,Lucknow,0,1,1
59498,8,1.2,49,0,0,6,252,Kolkata,1,0,0
66793,0,0.016,22,0,0,8,294,Hyderabad,1,1,0
21704,9,0.09200000000000001,25,0,0,2,295,Jaipur,1,1,0
76664,7,1.308,31,28,1,7,212,Jaipur,0,1,0
81000,0,1.7480000000000002,20,0,0,7,553,Hyderabad,0,1,0
66540,1,0.6975,41,21,0,0,151,Bhopal,1,0,0
49736,0,0.5820000000000001,30,0,0,4,304,Jaipur,1,1,0
90563,8,0.1375,60,0,0,4,227,Jaipur,1,0,0
38014,0,0.58,46,21,0,7,275,Jaipur,0,1,0
35030,0,0.6950000000000001,25,0,0,7,65,Kolkata,1,1,0
18307,0,0.142,68,9,0,1,520,Pune,1,1,0
58525,9,6.4,59,24,1,2,529,Chennai,0,0,0
125628,16,0.22000000000000003,48,19,0,1,537,Hyderabad,0,1,1
116159,10,1.6280000000000001,43,30,0,0,581,Mumbai,0,1,1
43014,10,0.4425,35,21,0,1,218,Lucknow,1,0,0
48828,5,1.1,35,15,0,5,570,Delhi,0,0,0
58909,0,0.5670000000000001,24,0,1,0,361,Patna,1,1,0
10131,6,2.32,65,8,0,5,283,Lucknow,1,0,0
61463,9,0.1375,55,1,0,0,647,Mumbai,1,0,0
95142,3,1.688,65,6,1,1,348,Pune,0,1,0
105219,8,1.77,33,0,0,7,140,Delhi,1,0,0
84691,12,1.852,50,16,0,5,719,Pune,0,1,1
139019,16,8.06,68,8,0,8,696,Kolkata,0,0,1
80726,12,1.8,20,8,0,0,335,Delhi,0,0,0
55971,6,0.96,55,28,1,4,494,Delhi,1,1,0
84934,1,1.54,21,23,0,6,493,Lucknow,0,1,0
7543,6,0.342,53,30,0,8,489,Chennai,1,1,0
108024,9,2.1875,21,2,0,8,395,Patna,1,0,0
86459,9,2.256,59,7,0,3,412,Hyderabad,0,1,0
14886,2,0.516,26,16,0,3,435,Hyderabad,1,1,0
117426,1,2.908,57,1,0,3,185,Patna,0,1,0
178817,2,5.8,68,9,1,2,834,Hyderabad,0,0,1
109957,9,0.652,34,23,0,7,423,Delhi,0,1,0
77184,9,2.696,34,15,0,4,420,Kolkata,0,1,0
108876,8,0.3325,50,10,0,6,392,Delhi,1,0,0
33560,3,3.224,37,30,1,5,254,Delhi,0,1,0
31456,4,0.9900000000000001,31,2,0,8,282,Hyderabad,1,1,0
6797,2,0.377,39,0,0,2,534,Pune,1,1,0
16960,12,1.7800000000000002,69,5,1,5,266,Delhi,0,1,0
18188,14,0.115,44,23,0,2,268,Chennai,1,0,0
33005,0,0.05600000000000001,60,38,0,1,329,Lucknow,0,1,0
46772,1,3.6840000000000006,20,12,1,2,339,Mumbai,0,1,0
63098,0,0.516,41,2,1,1,625,Kolkata,0,1,0
9197,6,0.446,47,32,0,1,81,Mumbai,1,1,0
124207,0,3.2600000000000002,25,34,0,6,186,Hyderabad,0,1,0
95602,8,2.2225,39,29,0,2,301,Hyderabad,1,0,0
78561,0,2.076,42,16,1,7,705,Lucknow,0,1,0
52143,9,0.5650000000000001,27,0,1,1,477,Lucknow,1,1,0
78331,1,2.68,66,33,0,6,362,Mumbai,0,1,0
38361,0,2.4025,46,3,0,2,433,Patna,1,0,0
13520,13,2.4120000000000004,57,23,0,8,353,Bhopal,0,1,0
90894,11,1.3975,18,0,0,6,133,Delhi,1,0,0
127244,0,0.06,69,10,0,8,479,Bhopal,0,1,0
70450,6,0.08100000000000002,38,18,0,1,72,Pune,1,1,0
44592,13,5.77,56,23,1,5,813,Kolkata,0,0,1
9168,3,0.9359999999999999,41,9,0,4,342,Patna,1,1,0
100612,8,3.468,26,26,0,1,575,Mumbai,0,1,0
125627,6,9.83,61,40,0,3,632,Chennai,0,0,1
55455,7,2.112,43,20,0,3,534,Patna,0,1,0
6208,4,0.788,26,25,1,7,162,Mumbai,1,1,0
33095,8,0.8400000000000001,37,24,0,6,115,Kolkata,1,1,0
21655,10,6.48,52,17,1,4,702,Chennai,0,0,0
46767,8,0.8475,53,0,0,8,198,Pune,1,0,0
66899,7,1.8800000000000001,59,23,0,0,626,Lucknow,0,1,0
90379,0,3.4320000000000004,53,0,0,3,187,Hyderabad,0,1,0
159475,16,2.99,26,5,1,4,322,Pune,0,0,0
16836,0,0.924,39,10,1,7,542,Bhopal,1,1,0
102074,14,0.9199999999999999,18,21,1,2,593,Mumbai,0,1,0
76924,13,1.875,22,0,0,4,528,Jaipur,1,0,0
73608,0,1.5775,26,0,0,2,141,Bhopal,1,0,0
108848,2,7.5,54,8,1,6,702,Hyderabad,0,0,1
24281,5,0.43700000000000006,55,12,0,2,156,Kolkata,1,1,0
69997,1,0.933,36,19,0,6,329,Kolkata,1,1,0
77627,1,1.58,25,0,0,1,141,Lucknow,1,0,0
127641,12,1.152,59,23,0,6,651,Kolkata,0,1,1
24490,2,2.552,60,7,0,8,443,Pune,0,1,0
25242,0,0.28700000000000003,49,8,1,4,302,Mumbai,1,1,0
16453,7,0.294,30,25,0,5,464,Mumbai,1,1,0
85313,0,4.0,37,19,0,2,463,Patna,0,0,0
92828,0,3.408,53,15,0,4,315,Pune,0,1,0
109492,0,1.25,60,1,0,4,371,Patna,1,0,0
71685,8,2.716,61,33,1,2,384,Patna,0,1,0
161410,5,3.92,54,9,1,7,601,Mumbai,0,0,1
70747,7,0.66,47,21,1,5,361,Jaipur,1,0,0
107627,0,3.8200000000000003,27,29,0,2,240,Jaipur,0,1,0
9928,9,1.51,48,16,0,0,584,Bhopal,1,0,0
69647,4,0.934,42,32,0,0,301,Delhi,1,1,0
46364,4,0.20299999999999999,46,0,1,1,471,Lucknow,1,1,0
56229,0,0.3675,41,11,0,4,513,Lucknow,1,0,0
178165,7,8.56,56,16,1,6,558,Hyderabad,0,0,1
185806,15,6.81,38,2,0,0,841,Kolkata,0,0,1
88523,15,1.87,58,39,0,0,829,Lucknow,0,0,1
71159,0,1.076,26,35,0,3,366,Jaipur,0,1,0
11446,2,0.801,59,17,0,5,211,Kolkata,1,1,0
98613,12,4.54,59,9,1,8,334,Patna,0,0,0
55919,0,1.6775,19,25,0,0,266,Bhopal,1,0,0
48865,0,0.795,21,5,0,4,401,Chennai,1,0,0
34945,0,0.381,25,0,0,8,546,Bhopal,1,1,0
43251,14,9.91,49,26,0,7,548,Pune,0,0,0
42356,0,0.248,31,1,0,6,56,Kolkata,1,1,0
45604,0,0.506,66,6,0,1,304,Chennai,1,1,0
40945,6,8.44,30,36,0,8,821,Patna,0,0,0
37841,2,0.23900000000000002,38,13,0,7,360,Lucknow,1,1,0
30691,0,1.6600000000000001,41,30,0,8,416,Lucknow,0,1,0
15150,3,2.4600000000000004,67,1,0,8,413,Jaipur,0,1,0
11521,0,1.2025,35,22,0,8,342,Chennai,1,0,0
108934,5,1.15,62,5,0,2,446,Hyderabad,1,0,0
95694,14,1.452,57,9,0,6,277,Mumbai,0,1,0
115235,6,5.87,43,29,0,0,525,Chennai,0,0,0
32082,0,0.6240000000000001,49,27,0,8,488,Delhi,1,1,0
72243,9,1.6325,61,31,1,8,597,Lucknow,1,0,0
29177,0,0.06999999999999999,70,6,0,2,333,Mumbai,1,1,0
17542,3,1.5775,50,5,0,4,631,Patna,1,0,0
80188,0,2.3825,69,22,0,7,501,Bhopal,1,0,0
68727,7,0.541,48,20,0,5,422,Hyderabad,1,1,0
84632,11,1.7875,35,18,1,8,467,Mumbai,1,0,0
7234,0,0.557,52,12,1,2,152,Jaipur,1,1,0
19280,14,2.1375,29,0,0,6,571,Delhi,1,0,0
105388,0,2.325,68,11,0,5,409,Bhopal,1,0,0
129548,1,1.84,42,34,1,4,418,Pune,0,0,0
126488,10,4.37,62,14,0,3,513,Hyderabad,0,0,1
97119,8,1.568,48,23,0,4,618,Chennai,0,1,0
103721,0,1.62,27,15,0,3,626,Mumbai,0,1,0
71247,0,0.126,64,27,0,2,41,Lucknow,1,1,0
28843,9,3.2560000000000002,69,10,1,6,574,Lucknow,0,1,0
85653,5,0.09,51,0,0,5,366,Patna,1,0,0
17580,0,1.32,68,0,0,3,410,Pune,1,0,0
45912,0,0.662,20,10,0,8,247,Lucknow,1,1,0
29391,0,0.207,63,32,0,0,448,Jaipur,1,1,0
30044,7,0.9060000000000001,56,0,0,0,83,Hyderabad,1,1,0
103581,10,3.3560000000000003,25,35,0,8,400,Chennai,0,1,0
108468,7,4.71,49,24,0,6,350,Kolkata,0,0,0
15882,4,1.6440000000000001,60,35,0,1,729,Hyderabad,0,1,0
104582,0,0.5925,46,2,0,4,306,Patna,1,0,0
93832,9,7.3,39,15,0,3,824,Bhopal,0,0,1
66293,19,1.32,37,16,0,0,522,Patna,0,0,0
51579,0,1.7,23,15,0,8,584,Jaipur,1,0,0
96357,9,2.105,60,8,1,5,538,Chennai,1,0,0
58919,2,2.28,66,19,1,5,386,Hyderabad,0,0,0
99725,3,2.165,46,13,0,3,378,Hyderabad,1,0,0
48681,0,0.033,59,0,0,1,180,Jaipur,1,1,0
71342,6,3.6520000000000006,34,6,0,7,490,Mumbai,0,1,0
71573,16,1.18,48,13,0,7,472,Lucknow,0,0,0
26490,0,0.646,70,2,0,2,321,Hyderabad,1,1,0
22905,0,0.625,51,3,0,6,459,Hyderabad,1,0,0
77470,12,3.348,55,4,0,6,675,Chennai,0,1,0
24731,4,2.048,54,4,0,4,424,Mumbai,0,1,0
73525,14,0.54,21,19,0,4,684,Pune,0,1,0
40175,0,0.5710000000000001,19,6,1,7,328,Patna,1,1,0
54200,1,1.6320000000000001,29,25,0,3,375,Lucknow,0,1,0
91735,0,2.644,52,32,0,0,241,Chennai,0,1,0
121049,0,3.5280000000000005,23,29,1,0,204,Kolkata,0,1,0
13687,9,0.40900000000000003,63,15,0,8,377,Patna,1,1,0
68874,9,0.725,25,14,0,3,414,Mumbai,1,0,0
115793,10,0.15,38,8,1,0,351,Patna,0,0,0
13652,6,1.4375,70,0,0,1,159,Mumbai,1,0,0
37033,5,1.6079999999999999,63,35,0,6,636,Lucknow,0,1,0
24540,2,3.75,52,6,1,1,301,Mumbai,0,0,0
31364,8,1.83,65,21,1,0,768,Delhi,0,0,0
53868,1,0.43,32,5,0,8,105,Kolkata,1,1,0
42663,13,9.84,24,28,0,4,515,Jaipur,0,0,0
36845,0,0.745,32,7,0,3,533,Patna,1,0,0
42607,7,0.6000000000000001,62,25,1,3,209,Patna,1,1,0
115081,12,3.104,23,9,0,0,237,Kolkata,0,1,0
60337,2,1.8725,64,0,1,2,162,Delhi,1,0,0
41674,4,1.316,34,24,1,0,317,Delhi,0,1,0
68904,5,2.4440000000000004,21,26,1,4,668,Hyderabad,0,1,0
164143,18,8.71,39,14,0,4,768,Delhi,0,0,1
17509,10,0.06,49,31,0,8,568,Lucknow,0,1,0
99696,0,1.09,39,19,0,7,317,Lucknow,1,0,0
69342,10,0.8960000000000001,44,8,0,4,381,Delhi,0,1,0
12350,15,1.556,63,6,0,4,371,Delhi,0,1,0
116042,1,4.16,32,15,0,6,406,Jaipur,0,0,0
70596,8,2.988,61,25,1,1,506,Bhopal,0,1,0
42432,5,0.094,68,26,0,6,356,Lucknow,1,1,0
29317,8,1.2825,39,8,0,0,620,Jaipur,1,0,0
54891,5,2.256,45,22,0,4,463,Patna,0,1,0
35029,3,0.49400000000000005,59,0,0,5,467,Chennai,1,1,0
108443,5,2.9280000000000004,55,1,0,0,687,Lucknow,0,1,1
80561,9,1.536,26,30,0,8,285,Jaipur,0,1,0
53494,8,9.45,51,31,1,8,593,Bhopal,0,0,0
6568,3,0.48200000000000004,53,20,0,0,65,Kolkata,1,1,0
102851,0,2.2840000000000003,26,2,0,3,374,Hyderabad,0,1,0
40229,9,0.8260000000000001,32,0,0,7,187,Delhi,1,1,0
38487,5,0.275,62,0,0,1,46,Lucknow,1,1,0
90111,0,0.30000000000000004,37,30,0,7,541,Hyderabad,0,1,0
63462,3,1.77,25,28,0,8,656,Patna,1,0,0
27527,0,1.9320000000000002,45,19,0,8,666,Delhi,0,1,0
59404,4,2.2425,68,20,0,0,365,Patna,1,0,0
60113,4,2.4575,36,8,0,8,297,Chennai,1,0,0
22193,14,0.9975,33,1,1,3,234,Lucknow,1,0,0
57017,14,1.0375,28,32,0,7,284,Hyderabad,1,0,0
84230,8,1.6320000000000001,59,21,1,8,398,Delhi,0,1,0
161377,6,3.25,25,5,0,2,496,Jaipur,0,0,0
58729,12,3.128,50,33,0,5,580,Mumbai,0,1,0
52619,0,3.036,27,30,1,2,255,Pune,0,1,0
72458,11,4.79,35,11,0,0,725,Lucknow,0,0,0
35358,9,0.45,52,11,1,5,586,Lucknow,0,0,0
11873,13,1.2400000000000002,60,15,0,4,724,Patna,0,1,0
53759,4,0.73,67,16,0,2,418,Lucknow,1,0,0
37389,5,0.8109999999999999,20,13,0,3,293,Kolkata,1,1,0
53513,16,0.88,57,26,0,1,746,Jaipur,0,0,1
111906,14,3.224,44,23,0,3,593,Patna,0,1,1
9415,7,0.669,45,3,0,3,430,Jaipur,1,1,0
80566,0,1.83,63,9,0,2,349,Lucknow,1,0,0
22543,20,4.32,23,15,1,5,395,Hyderabad,0,0,0
120891,15,6.8,64,3,0,0,738,Jaipur,0,0,1
98762,0,1.5225,31,3,0,8,290,Patna,1,0,0
27059,1,0.7690000000000001,24,24,0,2,316,Delhi,1,1,0
32683,4,1.1175,27,13,0,2,663,Bhopal,1,0,0
19217,4,0.4730000000000001,32,9,0,2,490,Mumbai,1,1,0
12114,4,0.6440000000000001,48,24,0,6,387,Chennai,1,1,0
118174,11,0.43200000000000005,46,26,0,7,251,Pune,0,1,0
22270,0,0.43600000000000005,59,10,0,1,531,Jaipur,1,1,0
129352,11,9.72,34,13,0,0,538,Lucknow,0,0,1
53923,6,0.095,68,16,0,4,208,Kolkata,1,0,0
65649,0,1.2640000000000002,46,33,0,7,714,Chennai,0,1,0
21420,2,1.2560000000000002,66,23,0,2,333,Hyderabad,0,1,0
52841,1,6.33,61,37,1,5,489,Kolkata,0,0,0
85640,14,1.06,32,22,0,2,714,Hyderabad,0,0,1
117638,3,2.516,43,4,1,5,333,Hyderabad,0,1,0
54850,0,0.095,29,27,0,3,338,Chennai,1,1,0
116058,10,0.38,42,23,1,6,696,Chennai,0,1,1
42061,7,1.82,58,27,1,0,154,Bhopal,1,0,0
59811,7,3.24,22,4,1,0,825,Delhi,0,0,0
100254,5,2.4425,21,30,0,4,656,Jaipur,1,0,0
108044,8,0.148,61,5,0,8,397,Jaipur,0,1,0
86180,10,4.45,65,35,1,4,553,Hyderabad,0,0,1
67694,6,0.11299999999999999,58,0,0,3,202,Mumbai,1,1,0
70320,10,0.8775,48,1,1,7,220,Bhopal,1,0,0
29833,0,0.9980000000000001,20,0,0,4,360,Lucknow,1,1,0
92083,14,2.2225,70,12,0,0,297,Mumbai,1,0,0
45362,0,0.048,20,31,0,6,275,Delhi,1,1,0
81541,0,2.2520000000000002,43,38,0,3,491,Kolkata,0,1,0
19108,11,2.5920000000000005,67,36,0,4,589,Mumbai,0,1,0
187627,3,2.1,34,2,1,5,587,Chennai,0,0,1
106167,8,0.3625,27,22,1,6,644,Mumbai,1,0,0
95420,7,3.6159999999999997,19,26,0,1,580,Hyderabad,0,1,0
70279,0,0.969,41,8,0,0,216,Kolkata,1,1,0
87217,11,3.968,28,22,0,2,649,Delhi,0,1,0
29040,3,0.79,41,4,0,0,26,Bhopal,1,1,0
19645,0,0.664,52,18,0,3,421,Kolkata,1,1,0
125678,2,1.3840000000000001,40,19,1,5,193,Patna,0,1,0
33768,2,0.171,49,4,0,4,500,Bhopal,1,1,0
105853,15,0.31600000000000006,40,23,1,3,504,Bhopal,0,1,0
110849,0,2.7720000000000002,51,40,1,6,503,Hyderabad,0,1,0
100656,0,1.9625,58,0,0,5,404,Patna,1,0,0
117872,10,3.3040000000000003,36,9,1,2,268,Lucknow,0,1,0
26512,0,0.9140000000000001,19,0,0,8,44,Kolkata,1,1,0
23928,4,0.8800000000000001,68,4,0,4,497,Mumbai,1,1,0
115946,9,4.0,19,13,0,0,677,Jaipur,0,1,1
38003,13,0.61,32,24,0,5,264,Kolkata,1,0,0
7323,8,0.763,38,0,1,4,517,Jaipur,1,1,0
100364,8,2.3440000000000003,52,1,0,7,261,Bhopal,0,1,0
36429,0,0.261,22,30,0,3,166,Chennai,1,1,0
50414,10,0.9820000000000001,60,32,0,0,104,Delhi,1,1,0
42111,0,0.8980000000000001,44,22,0,1,487,Pune,1,1,0
86461,13,0.3225,41,0,1,7,429,Chennai,1,0,0
66630,15,0.10400000000000001,24,33,0,7,261,Jaipur,0,1,0
86660,1,2.7520000000000002,23,18,0,4,273,Chennai,0,1,0
49117,0,2.4160000000000004,63,36,0,5,500,Delhi,0,1,0
42192,1,9.36,50,8,1,1,642,Hyderabad,0,0,0
16062,15,2.34,66,23,0,8,660,Pune,0,0,0
99076,17,0.84,34,12,0,5,365,Mumbai,0,0,0
57629,0,0.6475,63,21,0,8,548,Mumbai,1,0,0
59922,0,0.019000000000000003,59,10,0,2,400,Hyderabad,1,1,0
13115,2,0.036,47,32,0,5,170,Delhi,1,1,0
14395,12,2.2875,25,1,0,4,187,Patna,1,0,0
56903,0,0.88,57,5,1,8,611,Chennai,1,0,0
91763,8,1.6440000000000001,63,39,0,0,213,Patna,0,1,0
118033,10,0.18,24,19,0,8,300,Lucknow,0,0,0
8704,0,0.271,23,0,0,4,150,Delhi,1,1,0
169786,19,8.05,21,37,0,0,557,Mumbai,0,0,1
53102,19,6.15,18,38,1,7,318,Jaipur,0,0,0
89460,14,7.54,32,4,0,6,334,Hyderabad,0,0,0
117634,3,4.47,48,31,0,5,670,Hyderabad,0,0,1
104930,8,3.1,42,5,0,1,790,Bhopal,0,0,1
11990,0,1.2075,64,5,1,4,360,Chennai,1,0,0
42238,8,0.323,50,0,0,2,6,Mumbai,1,1,0
126235,14,3.3560000000000003,69,13,0,1,728,Delhi,0,1,1
110303,1,1.192,52,11,0,0,550,Hyderabad,0,1,0
123716,1,2.64,22,26,0,8,429,Pune,0,1,0
9098,13,0.3425,22,17,0,1,234,Chennai,1,0,0
23840,10,2.748,53,11,1,0,516,Patna,0,1,0
192804,14,9.13,34,7,0,6,441,Patna,0,0,1
196415,19,6.09,70,9,0,8,784,Pune,0,0,1
54081,8,5.6,69,15,0,5,737,Chennai,0,0,1
38647,0,0.961,31,17,0,7,87,Hyderabad,1,1,0
18735,11,1.5675,46,0,0,6,582,Delhi,1,0,0
103092,17,2.6,25,40,0,8,347,Delhi,0,0,0
38331,0,0.73,51,20,0,6,600,Chennai,1,0,0
41962,19,7.05,57,19,1,5,823,Jaipur,0,0,1
15477,0,0.735,18,8,1,0,210,Mumbai,1,1,0
28807,4,3.03,46,18,0,8,543,Delhi,0,0,0
67360,0,0.34500000000000003,53,8,0,4,238,Bhopal,1,1,0
172504,11,9.91,68,38,1,1,496,Patna,0,0,1
121117,0,0.40800000000000003,54,0,0,7,414,Hyderabad,0,1,0
119048,8,1.62,46,28,0,3,366,Patna,0,1,0
95807,5,0.248,22,13,0,2,469,Delhi,0,1,0
37989,0,0.8210000000000002,70,8,1,0,220,Chennai,1,1,0
65057,0,0.09200000000000001,49,4,0,4,496,Pune,1,1,0
12465,0,0.674,69,20,0,2,495,Lucknow,1,1,0
64582,0,0.05600000000000001,41,25,0,3,301,Patna,1,1,0
41790,18,6.73,36,26,1,8,486,Kolkata,0,0,0
73630,3,2.1075,29,24,0,6,569,Jaipur,1,0,0
14402,0,0.399,69,20,0,4,411,Delhi,1,1,0
10897,10,0.522,18,28,0,7,244,Kolkata,1,1,0
21264,8,0.40199999999999997,24,30,1,5,312,Bhopal,1,1,0
101188,20,3.0,34,18,1,1,795,Pune,0,0,1
19748,1,8.03,51,23,1,6,321,Bhopal,0,0,0
85528,13,0.68,60,5,1,0,187,Delhi,1,0,0
6687,0,0.7230000000000001,24,28,0,2,391,Patna,1,1,0
90324,0,0.8240000000000001,34,4,0,0,495,Hyderabad,0,1,0
29480,0,1.0,20,23,0,0,244,Kolkata,0,1,0
87553,10,0.84,46,25,0,4,660,Hyderabad,1,0,0
61326,5,0.589,39,22,0,5,211,Bhopal,1,1,0
67358,5,0.454,55,21,0,2,199,Bhopal,1,1,0
20705,3,0.7450000000000001,60,0,0,2,177,Mumbai,1,1,0
67224,6,2.14,46,26,1,2,722,Chennai,0,0,0
35293,16,0.044000000000000004,67,27,0,0,641,Patna,0,1,0
61892,6,3.108,67,25,1,4,223,Hyderabad,0,1,0
76629,0,8.22,59,17,0,0,730,Chennai,0,0,1
81040,10,0.59,22,35,0,2,467,Bhopal,0,0,0
43016,20,6.11,47,7,0,5,586,Pune,0,0,0
21428,0,0.945,40,9,0,5,456,Lucknow,1,0,0
31584,2,3.176,38,19,1,2,350,Kolkata,0,1,0
42303,4,0.8740000000000001,43,23,0,8,182,Bhopal,1,1,0
84383,13,3.404,64,28,0,7,195,Kolkata,0,1,0
28267,5,1.9425,38,9,0,2,615,Pune,1,0,0
144695,16,2.69,37,6,1,4,409,Delhi,0,0,0
168772,0,8.12,40,0,1,4,605,Patna,0,0,1
27291,4,1.3325,21,19,0,4,125,Bhopal,1,0,0
51175,0,0.053000000000000005,38,24,0,2,272,Lucknow,1,1,0
12712,4,0.4570000000000001,38,0,1,4,360,Pune,1,1,0
59617,14,2.355,18,11,0,4,304,Jaipur,1,0,0
23875,5,3.5520000000000005,32,35,0,3,279,Delhi,0,1,0
69135,2,0.40800000000000003,34,30,1,3,269,Bhopal,0,1,0
176426,1,7.44,68,37,0,1,545,Hyderabad,0,0,1
18747,5,3.224,31,27,1,8,418,Pune,0,1,0
83892,0,1.084,36,2,1,6,260,Patna,0,1,0
31004,1,0.472,67,0,1,0,114,Lucknow,1,1,0
32640,18,7.11,51,22,0,4,575,Patna,0,0,0
67528,10,4.39,23,6,1,1,379,Kolkata,0,0,0
29377,1,0.2825,62,27,0,5,298,Jaipur,1,0,0
67638,17,7.06,66,0,0,6,608,Mumbai,0,0,0
71073,0,0.9119999999999999,23,0,0,1,508,Kolkata,1,1,0
125133,10,6.52,70,23,0,5,559,Pune,0,0,1
78882,8,3.096,22,36,0,2,471,Hyderabad,0,1,0
107353,0,1.4320000000000002,24,35,0,8,470,Hyderabad,0,1,0
103126,5,0.4575,50,15,0,3,661,Bhopal,1,0,0
93816,0,1.6075,30,29,0,2,182,Kolkata,1,0,0
84252,3,0.82,68,20,0,2,524,Jaipur,1,0,0
93859,16,8.6,18,36,0,1,779,Lucknow,0,0,1
40989,0,0.123,30,23,0,8,324,Delhi,1,1,0
102080,12,1.7320000000000002,60,24,0,7,560,Delhi,0,1,0
16914,11,1.588,44,9,0,4,489,Kolkata,0,1,0
20045,0,2.345,24,26,0,8,462,Chennai,1,0,0
77494,13,0.3825,69,16,0,1,594,Patna,1,0,0
21427,0,0.025,20,18,0,5,175,Kolkata,1,0,0
81203,9,2.38,42,31,0,6,724,Hyderabad,0,0,1
47960,0,0.82,50,3,0,5,141,Mumbai,1,1,0
175775,7,2.09,57,3,0,2,675,Kolkata,0,0,1
15819,0,0.9640000000000001,34,25,0,8,405,Lucknow,0,1,0
21959,2,0.13,62,0,0,7,473,Mumbai,1,1,0
49743,4,2.8600000000000003,31,16,1,7,204,Bhopal,0,1,0
64362,3,0.1725,54,0,0,7,484,Patna,1,0,0
99665,14,3.31,40,28,0,8,394,Kolkata,0,0,0
78511,0,1.128,41,0,0,0,687,Hyderabad,0,1,0
177993,15,5.55,46,17,1,7,475,Delhi,0,0,1
26568,6,1.825,55,32,0,1,527,Lucknow,1,0,0
173427,19,5.33,44,19,1,3,789,Delhi,0,0,1
92310,13,3.724,55,40,0,0,638,Patna,0,1,1
12892,6,3.8040000000000003,70,33,0,5,592,Hyderabad,0,1,0
12569,0,0.361,57,19,0,0,337,Patna,1,1,0
125890,11,3.112,62,34,0,4,510,Patna,0,1,0
88913,0,2.956,67,15,1,8,392,Delhi,0,1,0
66338,0,2.2325,40,12,0,0,464,Chennai,1,0,0
184160,11,4.48,48,12,0,8,846,Lucknow,0,0,1
33515,0,0.53,53,26,0,3,523,Delhi,1,1,0
25126,0,0.41600000000000004,34,23,0,2,345,Pune,1,1,0
25754,1,0.8500000000000001,54,29,0,7,247,Jaipur,1,1,0
118052,4,0.9199999999999999,20,5,0,5,504,Chennai,0,1,0
112007,9,2.4,53,37,0,6,766,Jaipur,0,0,1
63598,0,1.492,22,37,0,8,270,Kolkata,0,1,0
42532,15,2.3,63,12,1,4,593,Jaipur,0,0,0
117273,15,2.244,32,38,0,1,720,Jaipur,0,1,1
137402,6,1.34,69,12,0,2,823,Kolkata,0,0,1
73156,0,0.8,66,3,0,2,378,Delhi,1,0,0
105334,0,2.2825,23,24,0,3,206,Chennai,1,0,0
54262,8,0.40900000000000003,27,19,0,6,157,Patna,1,1,0
46265,0,2.9920000000000004,49,2,0,5,673,Lucknow,0,1,0
23024,0,0.11299999999999999,40,9,0,2,185,Mumbai,1,1,0
23591,3,0.248,65,17,0,6,343,Kolkata,1,1,0
144473,1,8.07,34,39,1,3,815,Jaipur,0,0,1
47541,10,3.052,63,1,0,7,688,Pune,0,1,0
60726,1,0.386,37,0,1,6,539,Jaipur,1,1,0
25585,0,0.954,61,19,0,6,15,Pune,1,1,0
119576,15,3.644,58,27,0,8,704,Hyderabad,0,1,1
5725,0,0.962,32,16,0,7,199,Mumbai,1,1,0
42247,14,1.07,61,17,1,0,303,Kolkata,1,0,0
42712,9,1.97,63,1,1,6,608,Delhi,0,0,0
63523,7,1.5675,39,25,0,2,627,Lucknow,1,0,0
100416,9,2.74,67,29,0,3,460,Delhi,0,1,0
83080,0,0.5,69,20,1,5,337,Jaipur,0,1,0
79077,11,1.965,23,28,0,4,479,Patna,1,0,0
27631,3,0.018,21,14,0,7,258,Patna,1,1,0
38833,1,4.83,40,32,1,1,456,Hyderabad,0,0,0
150230,11,3.31,61,1,1,4,724,Mumbai,0,0,1
19419,0,1.85,62,18,0,4,140,Delhi,1,0,0
21970,3,3.13,36,21,1,2,646,Patna,0,0,0
48110,6,2.0675,62,25,0,4,469,Chennai,1,0,0
22000,0,0.5950000000000001,48,7,0,3,384,Jaipur,1,1,0
108196,9,3.176,61,19,0,4,617,Lucknow,0,1,0
11803,5,0.9890000000000001,69,17,1,8,455,Bhopal,1,1,0
32489,0,0.679,20,7,0,6,545,Kolkata,1,1,0
120570,0,9.85,45,5,0,0,379,Bhopal,0,0,0
13036,6,0.0725,20,14,0,2,571,Lucknow,1,0,0
146456,3,3.38,31,36,1,8,840,Bhopal,0,0,1
15404,19,1.08,35,7,1,3,788,Pune,0,0,0
66857,7,0.262,44,0,1,3,522,Patna,1,1,0
193998,5,8.39,68,36,0,5,691,Lucknow,0,0,1
175261,2,0.32,27,21,1,2,658,Kolkata,0,0,1
15269,6,1.3,66,0,0,2,152,Delhi,1,0,0
58792,5,0.5670000000000001,32,23,0,8,135,Chennai,1,1,0
62228,0,1.4025,36,8,1,4,529,Patna,1,0,0
85762,0,1.1875,26,29,1,6,648,Hyderabad,1,0,0
95642,20,7.91,21,16,0,4,390,Kolkata,0,0,0
42647,3,0.536,32,36,0,5,592,Pune,0,1,0
25073,14,1.244,68,22,0,7,478,Chennai,0,1,0
21188,7,1.54,65,4,0,7,606,Jaipur,1,0,0
16845,2,2.7640000000000002,25,31,0,1,252,Kolkata,0,1,0
7081,3,0.404,66,13,0,8,260,Pune,1,1,0
98050,0,2.1875,70,0,1,5,431,Lucknow,1,0,0
71286,1,0.41500000000000004,18,13,0,6,164,Lucknow,1,1,0
103693,11,1.612,24,20,0,2,514,Hyderabad,0,1,0
136288,16,0.36,70,5,1,3,801,Mumbai,0,0,1
29570,6,1.3775,48,5,0,5,280,Kolkata,1,0,0
64667,3,0.7090000000000001,35,7,1,6,389,Bhopal,1,1,0
33058,0,0.285,29,0,0,5,190,Kolkata,1,0,0
24642,3,0.305,65,0,0,4,91,Chennai,1,1,0
163172,14,7.81,47,20,1,1,660,Patna,0,0,1
46859,7,1.4640000000000002,50,29,0,6,500,Jaipur,0,1,0
20321,10,0.605,64,21,0,4,364,Chennai,1,0,0
34283,4,2.688,24,31,0,8,203,Mumbai,0,1,0
68502,4,0.197,45,14,0,3,402,Hyderabad,1,1,0
44086,1,0.8960000000000001,66,0,1,1,372,Chennai,1,1,0
38321,0,0.10600000000000001,20,0,0,6,285,Delhi,1,1,0
18298,0,0.7070000000000001,60,0,0,6,440,Hyderabad,1,1,0
99652,8,2.0,23,36,1,0,531,Pune,0,1,0
49854,9,0.87,48,0,0,4,218,Lucknow,1,1,0
19167,3,0.504,55,2,0,2,664,Mumbai,0,1,0
42282,7,1.695,32,27,0,8,562,Delhi,1,0,0
67637,4,0.572,24,0,0,8,217,Jaipur,1,1,0
64922,10,4.8,60,3,0,6,366,Pune,0,0,0
109074,0,4.91,47,30,1,8,330,Patna,0,0,0
115778,16,2.888,44,1,0,1,501,Jaipur,0,1,0
28672,0,2.345,34,5,0,7,369,Mumbai,1,0,0
103958,10,0.2275,35,28,0,0,129,Lucknow,1,0,0
130765,18,0.2,39,30,0,2,584,Delhi,0,0,1
88963,13,8.06,70,1,1,7,452,Bhopal,0,0,0
67036,1,0.27,43,22,0,7,663,Lucknow,1,0,0
77504,6,2.4675,68,13,0,7,648,Lucknow,1,0,0
25535,15,2.4760000000000004,44,9,0,6,550,Jaipur,0,1,0
34206,0,2.604,57,29,1,1,480,Patna,0,1,0
103884,0,0.4975,41,24,0,2,265,Pune,1,0,0
71479,0,0.24,69,10,0,8,51,Hyderabad,1,1,0
18808,0,1.6475,25,16,0,1,523,Chennai,1,0,0
91206,0,2.275,38,0,0,6,260,Hyderabad,1,0,0
16639,6,2.455,46,23,0,0,207,Pune,1,0,0
38504,0,0.792,60,24,1,2,606,Bhopal,0,1,0
5809,0,0.134,38,32,0,0,83,Chennai,1,1,0
35596,0,0.22400000000000003,20,16,0,5,422,Lucknow,0,1,0
50989,13,2.17,48,5,0,3,225,Patna,1,0,0
65605,1,0.29500000000000004,44,4,1,0,354,Kolkata,1,1,0
24553,0,0.002,63,29,0,4,20,Pune,1,1,0
40971,0,0.56,44,30,0,3,125,Kolkata,1,0,0
62606,10,1.36,26,1,0,1,400,Hyderabad,0,1,0
28676,0,0.9910000000000001,50,23,0,6,86,Lucknow,1,1,0
33456,5,0.524,50,23,0,7,452,Jaipur,1,1,0
7846,0,0.205,43,31,0,3,341,Jaipur,1,1,0
70393,19,3.35,45,5,0,8,692,Patna,0,0,0
84157,7,0.825,61,16,0,2,471,Lucknow,1,0,0
22513,0,0.05,60,0,0,5,365,Pune,1,0,0
169458,0,1.35,48,17,0,6,412,Patna,0,0,0
49909,14,1.7375,70,29,0,6,277,Chennai,1,0,0
109456,14,1.2,18,2,1,5,536,Chennai,0,0,0
44468,0,0.924,37,4,1,8,422,Lucknow,0,1,0
61731,10,0.8775,29,15,0,0,285,Patna,1,0,0
31524,0,1.895,34,25,0,8,153,Delhi,1,0,0
55503,15,2.3280000000000003,32,38,0,8,434,Kolkata,0,1,0
70928,0,0.6890000000000001,51,15,0,3,301,Patna,1,1,0
31948,1,1.4175,67,27,0,4,339,Bhopal,1,0,0
76827,11,2.736,33,27,1,2,211,Kolkata,0,1,0
120823,14,0.012,21,33,0,6,688,Delhi,0,1,1
38763,0,2.3275,25,7,0,1,601,Pune,1,0,0
12498,0,0.11100000000000002,51,27,1,7,232,Delhi,1,1,0
25068,0,0.40599999999999997,63,0,0,8,214,Hyderabad,1,1,0
77501,0,1.9275,42,9,1,5,361,Bhopal,1,0,0
117468,11,4.35,32,5,1,8,544,Lucknow,0,0,0
31630,1,0.9470000000000001,45,19,0,5,19,Pune,1,1,0
10505,9,0.46799999999999997,26,30,0,2,209,Kolkata,1,1,0
11312,6,2.1875,19,25,0,2,545,Lucknow,1,0,0
84836,19,8.11,34,40,0,1,371,Chennai,0,0,0
77722,4,3.9240000000000004,27,28,0,4,357,Bhopal,0,1,0
65299,0,0.927,26,0,0,3,522,Pune,1,1,0
158087,3,8.98,48,13,0,5,598,Pune,0,0,1
60002,18,7.32,19,4,1,4,565,Delhi,0,0,0
83779,12,0.9175,41,16,0,5,639,Patna,1,0,0
106090,1,0.42400000000000004,36,38,0,3,674,Bhopal,0,1,0
170286,12,6.89,34,7,0,2,574,Lucknow,0,0,1
83689,4,2.4475,60,6,1,0,172,Delhi,1,0,0
157709,12,7.27,66,18,0,4,699,Kolkata,0,0,1
109516,8,3.7159999999999997,27,10,1,5,593,Kolkata,0,1,0
13967,9,0.8039999999999999,67,11,1,4,488,Hyderabad,1,1,0
26183,4,0.163,45,27,0,4,501,Patna,1,1,0
140827,20,2.49,55,17,1,5,606,Mumbai,0,0,1
67768,6,0.855,65,5,0,3,536,Kolkata,1,0,0
103021,4,0.42,45,29,0,3,628,Patna,1,0,0
116570,18,5.82,67,24,1,7,829,Chennai,0,0,1
116678,3,3.9000000000000004,69,15,0,7,185,Patna,0,1,0
30288,9,0.7610000000000001,67,9,0,2,421,Pune,1,1,0
71697,1,1.0575,18,0,0,6,570,Lucknow,1,0,0
49883,3,0.0125,20,31,0,4,546,Pune,1,0,0
43732,15,3.13,32,0,0,4,689,Pune,0,0,0
136465,18,5.27,69,0,0,2,633,Kolkata,0,0,1
157386,10,3.24,27,20,1,1,747,Hyderabad,0,0,1
60784,2,0.11100000000000002,38,16,0,2,337,Jaipur,1,1,0
72108,8,4.43,54,26,0,6,387,Patna,0,0,0
82026,15,1.012,32,9,0,2,448,Jaipur,0,1,0
42213,8,0.909,40,3,0,1,64,Jaipur,1,1,0
51668,15,1.02,31,27,1,3,363,Jaipur,0,0,0
13606,0,0.049,32,23,0,4,269,Delhi,1,1,0
33694,8,0.005000000000000001,27,24,0,6,376,Jaipur,1,1,0
30111,5,0.82,26,0,0,0,448,Kolkata,1,0,0
80058,8,1.65,61,17,0,7,637,Mumbai,1,0,0
65824,7,1.825,56,32,0,2,540,Jaipur,1,0,0
162979,10,4.53,22,1,0,5,612,Delhi,0,0,1
58932,0,0.684,42,26,0,3,308,Delhi,1,1,0
36709,4,0.9,59,25,0,4,308,Pune,1,0,0
44138,0,0.668,43,0,0,5,41,Jaipur,1,1,0
38203,0,0.041,25,22,0,1,319,Mumbai,1,1,0
82828,6,1.564,39,22,0,2,624,Patna,0,1,0
38624,18,7.91,69,11,0,7,673,Bhopal,0,0,0
24908,1,3.2119999999999997,42,27,1,7,465,Kolkata,0,1,0
101764,9,2.8640000000000003,65,14,0,0,350,Kolkata,0,1,0
20665,13,0.51,29,10,0,7,382,Patna,1,0,0
54093,0,0.24700000000000003,26,3,0,1,534,Pune,1,1,0
67672,6,0.9960000000000001,27,0,0,7,141,Patna,1,1,0
156550,9,1.03,65,10,0,4,447,Kolkata,0,0,1
59106,0,0.18100000000000002,27,28,1,0,439,Pune,1,1,0
86990,0,0.52,26,37,1,7,595,Patna,0,1,0
71095,0,0.328,43,16,0,4,24,Chennai,1,1,0
82777,1,0.525,52,12,0,0,213,Bhopal,1,0,0
71667,15,1.9920000000000002,44,35,0,3,484,Jaipur,0,1,0
43610,8,1.19,48,0,0,0,304,Bhopal,1,0,0
78430,0,2.255,36,3,0,8,402,Pune,1,0,0
35985,4,0.0875,60,1,0,1,274,Lucknow,1,0,0
52328,0,0.32000000000000006,55,0,0,7,13,Patna,1,1,0
52239,0,0.597,23,24,0,3,340,Lucknow,1,1,0
82106,7,2.42,32,4,0,8,652,Jaipur,0,1,0
55336,0,0.48,46,7,0,1,107,Patna,1,1,0
78346,7,2.04,64,28,0,2,450,Kolkata,1,0,0
28404,7,0.252,62,36,0,1,719,Jaipur,0,1,0
31705,0,0.8150000000000001,22,20,0,4,438,Hyderabad,1,1,0
45463,12,1.2375,31,9,0,0,503,Kolkata,1,0,0
21180,10,0.134,70,20,1,2,159,Jaipur,1,1,0
89551,0,2.215,19,0,0,0,551,Jaipur,1,0,0
66062,7,1.6225,40,9,0,7,515,Chennai,1,0,0
10791,14,0.41,61,23,0,3,607,Kolkata,1,0,0
161106,15,0.34,69,30,0,2,488,Chennai,0,0,1
98278,8,0.564,63,10,1,7,597,Chennai,0,1,0
83156,13,1.5225,36,17,0,8,462,Patna,1,0,0
18166,0,0.4475,41,19,0,7,480,Kolkata,1,0,0
34976,0,0.22599999999999998,37,18,1,5,108,Kolkata,1,1,0
54844,10,0.0625,64,10,0,2,420,Jaipur,1,0,0
29500,0,1.8075,44,18,0,7,487,Kolkata,1,0,0
53343,9,3.24,69,19,0,4,434,Jaipur,0,1,0
73168,4,1.9925,41,0,0,4,435,Mumbai,1,0,0
78635,4,0.512,34,15,0,8,250,Kolkata,0,1,0
37132,2,0.903,42,30,0,0,268,Mumbai,1,1,0
120186,17,6.72,63,28,1,6,800,Bhopal,0,0,1
32288,6,3.5920000000000005,48,14,0,7,388,Hyderabad,0,1,0
181926,14,4.47,45,29,0,2,777,Lucknow,0,0,1
39826,14,1.7480000000000002,67,39,0,7,355,Jaipur,0,1,0
31705,0,0.785,45,0,0,0,238,Bhopal,1,1,0
101524,0,0.2325,39,20,0,7,561,Kolkata,1,0,0
69341,7,1.3025,22,21,0,6,611,Patna,1,0,0
55890,3,0.836,61,31,0,3,98,Mumbai,1,1,0
8834,0,2.075,59,23,0,6,448,Kolkata,1,0,0
65448,16,9.56,25,9,1,6,625,Pune,0,0,0
60754,0,1.745,55,18,0,0,564,Hyderabad,1,0,0
98995,11,0.8320000000000001,45,7,0,2,474,Pune,0,1,0
34603,7,0.05,64,27,0,6,561,Hyderabad,1,0,0
12760,15,1.9160000000000001,29,34,1,4,210,Hyderabad,0,1,0
42753,2,0.514,42,27,1,8,130,Bhopal,1,1,0
97284,10,0.96,55,35,0,6,706,Pune,0,1,1
124779,13,1.25,61,24,1,2,737,Mumbai,0,0,1
83732,12,1.465,32,11,0,0,445,Pune,1,0,0
123099,5,7.64,61,16,0,4,566,Delhi,0,0,1
22561,9,9.93,58,22,0,4,585,Bhopal,0,0,0
53433,8,1.895,68,16,0,6,410,Mumbai,1,0,0
140036,20,7.94,70,30,0,0,667,Lucknow,0,0,1
90381,15,2.4640000000000004,51,5,0,1,665,Mumbai,0,1,1
14919,0,0.986,62,26,0,5,167,Pune,1,1,0
152443,9,6.4,30,3,0,7,770,Patna,0,0,1
26694,2,3.44,25,39,0,3,349,Lucknow,0,1,0
18141,12,3.7840000000000007,30,19,1,2,525,Jaipur,0,1,0
57511,13,3.7200000000000006,53,40,1,2,257,Pune,0,1,0
52945,10,0.9525,23,0,0,2,204,Jaipur,1,0,0
13683,0,0.07900000000000001,55,17,0,1,200,Mumbai,1,1,0
31200,0,0.17200000000000001,49,25,0,0,360,Patna,1,1,0
41389,0,0.059,38,1,0,4,301,Delhi,1,1,0
34895,0,0.2625,61,14,0,4,412,Delhi,1,0,0
64564,5,0.18500000000000003,61,15,0,4,293,Bhopal,1,1,0
141394,17,3.41,66,12,0,3,408,Chennai,0,0,0
90703,5,5.44,24,28,1,2,664,Chennai,0,0,1
91090,19,7.12,43,26,0,2,793,Hyderabad,0,0,1
17743,0,0.5275,32,22,1,1,386,Jaipur,1,0,0
45609,0,0.673,66,1,0,4,92,Kolkata,1,1,0
12227,7,2.8160000000000003,59,30,0,3,243,Kolkata,0,1,0
113162,16,2.236,40,38,0,5,607,Lucknow,0,1,0
46885,0,0.9039999999999999,69,1,0,1,367,Jaipur,1,1,0
112682,0,0.44400000000000006,55,23,0,1,284,Mumbai,0,1,0
46982,6,0.17700000000000002,58,24,0,7,208,Hyderabad,1,1,0
10793,0,1.7160000000000002,32,13,0,5,653,Mumbai,0,1,0
31210,0,0.127,65,26,0,2,60,Bhopal,1,1,0
173211,3,5.66,70,33,1,4,645,Kolkata,0,0,1
50118,0,0.995,57,8,0,2,131,Patna,1,0,0
103993,2,1.1400000000000001,33,20,0,1,645,Delhi,0,1,0
95434,11,0.425,49,23,0,2,314,Delhi,1,0,0
139040,8,3.35,54,2,0,0,373,Hyderabad,0,0,0
159118,2,6.08,35,14,0,6,685,Kolkata,0,0,1
111078,3,2.304,37,7,0,5,315,Delhi,0,1,0
10628,12,0.41,63,23,0,4,555,Chennai,1,0,0
91323,3,1.25,19,37,0,5,338,Chennai,0,0,0
15672,13,0.10800000000000001,40,25,0,7,722,Lucknow,0,1,0
65845,9,0.012,47,21,0,2,319,Jaipur,1,1,0
20402,6,3.5200000000000005,20,8,0,2,532,Bhopal,0,1,0
137177,13,0.45,63,31,1,4,813,Lucknow,0,0,1
56427,17,7.31,56,10,0,4,782,Delhi,0,0,1
113631,11,3.4880000000000004,64,21,0,0,595,Chennai,0,1,1
89623,0,0.392,66,33,0,3,549,Hyderabad,0,1,0
95022,10,1.7440000000000002,18,40,0,8,522,Kolkata,0,1,0
91525,0,3.848,58,17,0,7,504,Chennai,0,1,0
45481,0,0.8340000000000001,39,10,0,2,366,Pune,1,1,0
28234,16,4.9,46,17,1,4,635,Bhopal,0,0,0
24467,0,0.763,31,28,0,4,295,Delhi,1,1,0
15846,15,8.33,65,17,0,6,323,Mumbai,0,0,0
9278,3,0.34800000000000003,45,3,0,7,441,Lucknow,1,1,0
51831,9,2.23,38,0,1,8,223,Delhi,1,0,0
61514,6,4.7,62,26,1,6,711,Pune,0,0,1
36906,0,0.528,49,0,0,1,293,Patna,1,1,0
112579,3,10.0,23,5,0,7,542,Bhopal,0,0,0
83897,4,2.1075,18,4,0,7,461,Jaipur,1,0,0
62983,0,0.36200000000000004,38,14,0,1,172,Chennai,1,1,0
31405,5,0.025,21,16,0,5,535,Lucknow,1,0,0
43627,5,1.565,20,0,0,0,222,Chennai,1,0,0
106922,3,7.04,66,31,1,6,459,Pune,0,0,0
127041,13,2.604,47,14,0,1,436,Lucknow,0,1,0
68517,10,0.968,48,17,0,4,195,Mumbai,1,1,0
100676,0,2.1575,51,2,0,6,510,Patna,1,0,0
142534,0,4.49,36,8,1,8,369,Kolkata,0,0,0
29523,2,0.063,37,2,0,0,246,Mumbai,1,1,0
42734,0,0.476,40,0,0,8,328,Lucknow,1,1,0
93477,5,6.89,57,26,0,4,457,Chennai,0,0,0
31643,5,1.52,42,17,0,5,174,Hyderabad,1,0,0
9255,1,1.345,32,0,0,7,605,Jaipur,1,0,0
6047,8,0.4690000000000001,55,12,0,1,242,Delhi,1,1,0
35618,4,2.94,40,20,0,6,652,Patna,0,0,0
25989,11,0.6925,69,0,0,3,529,Bhopal,1,0,0
66160,0,1.25,19,0,1,8,134,Lucknow,1,0,0
40535,5,0.6440000000000001,32,37,0,5,326,Delhi,0,1,0
35128,0,3.41,69,12,0,6,789,Chennai,0,0,0
138781,9,3.24,61,8,1,5,324,Chennai,0,0,0
80545,4,5.87,52,27,0,7,632,Chennai,0,0,0
63167,7,0.268,27,5,0,5,353,Lucknow,0,1,0
56626,0,2.075,31,14,0,6,409,Jaipur,1,0,0
85765,2,1.405,44,27,0,7,264,Mumbai,1,0,0
53014,10,0.671,31,8,0,0,121,Pune,1,1,0
30144,5,1.7575,52,0,0,3,146,Jaipur,1,0,0
47099,0,0.29100000000000004,50,3,0,5,65,Mumbai,1,1,0
13186,6,1.8800000000000001,69,21,0,0,280,Delhi,0,1,0
117298,16,3.8240000000000003,18,11,0,3,567,Kolkata,0,1,0
15282,10,3.068,51,5,0,5,273,Kolkata,0,1,0
95819,0,3.88,36,8,0,6,246,Kolkata,0,1,0
44283,9,0.746,41,28,0,5,249,Delhi,1,1,0
165288,6,1.76,59,2,1,3,441,Chennai,0,0,1
38634,10,0.065,21,25,0,6,266,Lucknow,1,1,0
52121,5,1.445,53,0,0,1,334,Kolkata,1,0,0
73338,13,1.4320000000000002,30,9,0,5,668,Mumbai,0,1,0
94977,0,0.6875,49,32,0,4,615,Bhopal,1,0,0
182330,6,8.07,26,8,0,1,779,Delhi,0,0,1
37100,6,1.468,56,13,0,8,669,Hyderabad,0,1,0
121288,17,3.17,33,36,1,6,300,Pune,0,0,0
98524,11,8.5,67,26,0,2,308,Mumbai,0,0,0
17692,1,3.3840000000000003,20,40,0,6,559,Kolkata,0,1,0
8379,0,0.89,69,23,0,5,263,Chennai,1,0,0
31860,0,2.08,37,0,0,6,421,Lucknow,1,0,0
50874,1,0.851,27,0,0,3,416,Jaipur,1,1,0
82444,10,4.24,39,32,1,7,478,Hyderabad,0,0,0
85051,0,0.165,65,12,0,7,397,Kolkata,1,0,0
41767,7,0.002,20,0,0,6,143,Chennai,1,1,0
54755,0,1.3075,28,2,0,6,458,Lucknow,1,0,0
88698,16,3.44,42,0,1,7,758,Jaipur,0,0,1
90642,0,3.9880000000000004,59,10,0,0,510,Pune,0,1,0
83317,0,1.93,65,0,0,5,389,Patna,1,0,0
65147,1,0.7610000000000001,25,0,0,1,186,Lucknow,1,1,0
21065,0,0.9550000000000001,26,6,0,0,171,Pune,1,1,0
83612,3,2.22,32,0,0,6,523,Hyderabad,1,0,0
102388,20,3.18,49,25,1,5,767,Kolkata,0,0,1
8224,5,0.166,70,31,0,4,246,Delhi,1,1,0
67175,3,0.746,20,26,0,4,522,Patna,1,1,0
26310,0,0.378,21,32,0,8,110,Pune,1,1,0
88465,14,1.8920000000000003,47,40,0,8,482,Delhi,0,1,0
176595,16,6.3,30,20,0,5,772,Delhi,0,0,1
37129,0,0.908,61,29,1,2,291,Delhi,1,1,0
101740,12,4.19,38,7,0,6,551,Delhi,0,0,0
30524,4,7.83,58,31,0,3,474,Bhopal,0,0,0
165354,4,2.68,63,7,1,4,408,Mumbai,0,0,1
93501,3,1.745,36,1,0,6,459,Hyderabad,1,0,0
146149,20,0.02,56,22,0,6,313,Lucknow,0,0,0
77275,3,2.18,65,0,0,7,441,Chennai,1,0,0
35611,6,0.3,39,37,0,0,342,Hyderabad,0,0,0
163056,14,7.13,37,29,1,4,760,Kolkata,0,0,1
10388,0,0.046000000000000006,54,32,0,8,101,Lucknow,1,1,0
32066,8,0.665,48,14,1,6,128,Chennai,1,0,0
175359,2,4.97,27,4,1,1,448,Pune,0,0,1
54711,18,4.2,35,20,0,0,637,Kolkata,0,0,0
56494,0,0.192,60,0,0,7,223,Jaipur,1,1,0
88340,14,3.34,56,16,0,8,409,Hyderabad,0,0,0
64885,0,1.82,63,16,0,4,473,Pune,1,0,0
90555,0,1.6725,37,15,1,5,203,Delhi,1,0,0
85390,5,0.18,35,13,0,1,185,Pune,1,0,0
107359,10,2.988,28,12,0,4,567,Pune,0,1,0
53773,1,0.21200000000000002,39,16,0,3,314,Hyderabad,0,1,0
99048,6,1.3575,61,5,0,7,205,Bhopal,1,0,0
26246,18,2.6,35,33,0,7,383,Pune,0,0,0
68507,0,0.588,51,17,0,4,226,Pune,1,1,0
106894,3,1.044,40,18,0,7,439,Mumbai,0,1,0
92817,3,3.94,18,25,1,5,199,Hyderabad,0,1,0
118642,15,1.2400000000000002,27,2,1,5,214,Kolkata,0,1,0
69720,10,0.968,70,1,0,3,622,Lucknow,0,1,0
53656,0,0.27799999999999997,18,19,0,2,269,Patna,1,1,0
26302,18,8.96,55,1,0,8,705,Jaipur,0,0,0
45378,14,1.59,56,13,1,4,627,Pune,1,0,0
36502,0,2.924,66,6,0,3,483,Pune,0,1,0
24995,2,0.918,26,0,0,5,284,Lucknow,1,1,0
72569,3,3.6479999999999997,48,37,0,3,727,Mumbai,0,1,0
53967,9,1.8475,24,30,0,5,148,Hyderabad,1,0,0
25687,8,0.792,34,19,0,7,570,Mumbai,0,1,0
52750,0,2.1075,52,0,0,7,535,Hyderabad,1,0,0
135430,15,2.04,65,8,0,5,441,Kolkata,0,0,0
56110,4,2.972,54,30,0,0,520,Patna,0,1,0
13265,9,2.744,69,25,0,0,424,Patna,0,1,0
40908,6,1.8975,35,27,0,2,124,Jaipur,1,0,0
22029,14,1.3325,50,17,0,1,568,Delhi,1,0,0
155518,6,6.39,21,27,0,0,565,Pune,0,0,1
52549,4,0.953,40,0,0,0,490,Jaipur,1,1,0
73919,2,0.404,28,9,0,5,418,Hyderabad,0,1,0
43131,1,1.236,69,17,1,6,429,Hyderabad,0,1,0
25789,1,6.11,26,14,0,7,590,Hyderabad,0,0,0
40297,0,0.9640000000000001,47,24,0,2,542,Chennai,1,1,0
29191,6,0.096,25,0,1,0,78,Kolkata,1,1,0
38368,0,0.09200000000000001,57,36,0,4,700,Bhopal,0,1,0
43716,5,0.14,22,31,0,7,569,Bhopal,1,0,0
16857,0,0.052000000000000005,29,13,0,3,143,Mumbai,1,1,0
11268,5,3.632,18,21,0,1,299,Bhopal,0,1,0
77140,6,2.8840000000000003,32,21,0,8,355,Lucknow,0,1,0
29593,5,0.677,42,6,0,8,69,Hyderabad,1,1,0
22118,9,2.092,35,16,0,2,382,Pune,0,1,0
74201,7,7.82,55,27,1,6,479,Mumbai,0,0,0
25995,10,0.39,59,13,0,0,229,Pune,1,0,0
64853,11,0.98,63,12,0,7,543,Mumbai,1,0,0
104469,5,1.225,70,8,1,7,622,Pune,1,0,0
61197,16,1.1,43,4,0,2,705,Hyderabad,0,0,0
91476,9,1.6800000000000002,57,17,0,4,270,Lucknow,0,1,0
93380,9,0.7925,20,8,1,3,413,Lucknow,1,0,0
96556,7,0.09,39,0,0,6,512,Delhi,1,0,0
56489,4,0.548,43,6,0,6,216,Hyderabad,0,1,0
79131,0,1.91,36,16,0,7,636,Jaipur,1,0,0
43689,4,0.045,61,28,1,4,435,Lucknow,1,0,0
55631,5,9.34,61,39,0,4,471,Mumbai,0,0,0
144038,14,0.86,64,39,0,7,705,Delhi,0,0,1
12548,0,0.799,56,0,1,4,261,Kolkata,1,1,0
28518,0,0.899,53,10,1,0,483,Hyderabad,1,1,0
141108,17,9.41,38,8,0,2,326,Hyderabad,0,0,1
29382,12,8.67,58,22,0,1,794,Chennai,0,0,1
64539,6,1.152,65,30,0,4,234,Delhi,0,1,0
116195,13,3.33,43,31,0,7,548,Mumbai,0,0,1
53563,7,0.427,30,22,0,8,272,Hyderabad,1,1,0
23145,14,0.5559999999999999,53,16,0,8,438,Hyderabad,0,1,0
162550,14,0.22,41,38,1,0,490,Delhi,0,0,1
102155,2,2.1725,58,13,0,0,565,Hyderabad,1,0,0
49875,1,1.385,43,26,1,0,621,Delhi,1,0,0
76842,13,1.5225,38,21,0,0,512,Patna,1,0,0
145330,0,9.27,35,39,1,8,707,Kolkata,0,0,1
47473,0,1.6625,32,28,0,0,228,Pune,1,0,0
92834,13,6.91,32,25,1,6,402,Bhopal,0,0,0
141205,1,7.87,23,5,1,5,525,Pune,0,0,1
16034,9,0.29,60,25,0,8,472,Pune,1,0,0
91325,2,3.6,48,31,1,8,459,Kolkata,0,0,0
56867,0,0.968,45,16,0,3,403,Hyderabad,1,1,0
38674,0,2.3075,25,4,0,8,443,Bhopal,1,0,0
146886,15,8.84,46,37,0,5,444,Hyderabad,0,0,1
84521,11,1.8079999999999998,38,37,0,4,644,Lucknow,0,1,0
59200,2,3.4280000000000004,34,1,0,8,311,Lucknow,0,1,0
58010,6,0.12,66,0,0,6,212,Pune,1,0,0
53093,2,0.149,41,2,0,8,272,Patna,1,1,0
48575,0,1.035,67,2,1,4,653,Delhi,1,0,0
91575,15,1.9320000000000002,53,23,0,3,373,Jaipur,0,1,0
44607,7,0.264,48,5,0,2,169,Patna,1,1,0
11571,4,0.35600000000000004,64,21,0,4,459,Jaipur,1,1,0
88770,11,0.4075,51,31,0,8,130,Patna,1,0,0
69388,0,1.956,19,34,0,2,360,Kolkata,0,1,0
27498,5,3.176,59,20,0,0,411,Mumbai,0,1,0
120891,8,2.644,20,4,0,1,208,Delhi,0,1,0
18668,7,0.10800000000000001,47,29,0,4,531,Chennai,1,1,0
26911,4,0.488,25,0,0,2,4,Hyderabad,1,1,0
44218,7,2.7920000000000003,69,39,0,5,725,Delhi,0,1,0
119263,14,5.3,24,36,0,7,439,Pune,0,0,0
8319,6,0.98,29,25,0,5,147,Patna,1,0,0
37030,11,1.555,36,2,1,8,217,Jaipur,1,0,0
15240,4,0.969,43,27,0,5,261,Hyderabad,1,1,0
81214,6,0.38,45,10,0,4,198,Delhi,0,1,0
45614,14,1.56,32,8,0,3,191,Pune,0,1,0
190399,2,4.07,31,5,1,1,836,Delhi,0,0,1
97414,2,2.308,65,33,0,5,704,Mumbai,0,1,0
69338,10,0.15200000000000002,31,28,0,1,464,Mumbai,1,1,0
57124,3,0.17700000000000002,20,23,0,4,258,Pune,1,1,0
17717,3,0.28500000000000003,67,3,0,0,23,Patna,1,1,0
59532,8,3.8240000000000003,46,31,0,2,187,Kolkata,0,1,0
24125,7,2.936,23,16,0,4,407,Jaipur,0,1,0
100273,2,1.655,66,0,0,6,495,Pune,1,0,0
147717,0,8.17,40,32,0,7,422,Mumbai,0,0,1
193595,18,1.28,45,8,1,6,389,Hyderabad,0,0,1
49722,0,0.859,31,25,0,6,455,Patna,1,1,0
132718,18,5.95,31,38,0,1,523,Bhopal,0,0,1
22266,13,1.34,37,29,0,5,436,Hyderabad,0,1,0
41168,1,0.8160000000000001,30,11,0,4,514,Jaipur,1,1,0
109584,0,2.0075,44,30,0,8,267,Pune,1,0,0
65601,8,0.8460000000000001,52,14,0,3,386,Pune,1,1,0
185354,19,1.16,62,40,0,6,737,Mumbai,0,0,1
74095,10,2.4225,19,26,0,7,156,Kolkata,1,0,0
45784,0,2.4,58,14,0,5,225,Mumbai,1,0,0
102547,0,1.428,62,38,0,2,411,Mumbai,0,1,0
46321,0,0.264,57,22,1,4,325,Bhopal,0,1,0
25934,0,0.167,65,28,0,0,16,Kolkata,1,1,0
29823,1,2.4825,41,14,1,7,278,Kolkata,1,0,0
112945,15,5.63,46,38,1,1,581,Lucknow,0,0,1
28224,5,3.57,20,27,0,6,577,Kolkata,0,0,0
36229,8,1.152,62,18,0,8,304,Hyderabad,0,1,0
61211,5,0.257,21,21,0,0,419,Hyderabad,1,1,0
51175,11,2.656,67,20,0,3,499,Chennai,0,1,0
69984,0,0.41900000000000004,19,15,0,6,481,Jaipur,1,1,0
85056,6,2.4125,37,12,0,8,443,Lucknow,1,0,0
8247,3,0.684,70,17,0,1,394,Chennai,1,1,0
91754,3,3.168,32,35,0,1,365,Kolkata,0,1,0
23666,11,2.93,66,25,1,5,765,Delhi,0,0,0
26011,10,0.07900000000000001,49,24,0,2,56,Hyderabad,1,1,0
18363,0,0.488,59,27,0,3,457,Lucknow,1,1,0
152855,20,3.15,18,3,1,2,507,Patna,0,0,1
20346,0,0.202,55,0,0,0,73,Lucknow,1,1,0
142738,0,9.53,52,7,1,5,783,Hyderabad,0,0,1
29502,0,0.44400000000000006,68,0,0,1,84,Jaipur,1,1,0
191837,18,1.75,24,28,1,1,313,Bhopal,0,0,1
12496,0,0.199,62,14,1,6,48,Pune,1,1,0
33682,4,0.7025,30,0,0,4,545,Bhopal,1,0,0
48622,2,0.9990000000000001,66,27,0,7,358,Patna,1,1,0
119093,6,1.072,18,20,0,1,421,Delhi,0,1,0
109270,17,3.29,31,21,0,7,352,Chennai,0,0,0
19757,14,6.59,46,8,1,6,368,Kolkata,0,0,0
18753,0,0.735,20,25,0,7,175,Hyderabad,1,0,0
55936,10,0.21600000000000003,63,17,0,2,455,Bhopal,1,1,0
162313,6,1.59,41,0,1,7,554,Bhopal,0,0,0
77279,8,1.252,18,35,1,5,184,Mumbai,0,1,0
173768,11,1.06,65,4,1,1,351,Lucknow,0,0,0
30559,7,0.019000000000000003,27,32,0,5,328,Chennai,1,1,0
39755,14,3.2200000000000006,30,21,0,4,277,Jaipur,0,1,0
34816,14,1.38,53,3,0,2,460,Kolkata,0,0,0
70038,0,0.776,26,0,1,0,405,Jaipur,1,1,0
67853,18,7.98,31,15,0,6,626,Kolkata,0,0,0
170989,9,5.38,53,15,0,1,542,Chennai,0,0,1
111731,6,3.1,27,21,1,0,803,Mumbai,0,0,1
108964,13,0.58,57,0,0,0,546,Kolkata,0,1,0
50584,11,2.9480000000000004,40,14,1,6,621,Patna,0,1,0
59658,9,0.601,52,15,0,0,153,Mumbai,1,1,0
10893,1,2.62,24,3,0,8,413,Lucknow,0,1,0
188021,8,0.09,59,17,0,5,632,Delhi,0,0,1
69793,16,3.7119999999999997,52,16,0,3,674,Delhi,0,1,1
148554,12,0.66,19,6,0,3,414,Pune,0,0,0
14100,10,0.367,32,1,0,4,368,Lucknow,1,1,0
116864,3,1.612,26,0,0,1,512,Delhi,0,1,0
38788,5,0.001,64,0,0,4,129,Kolkata,1,1,0
11101,8,1.988,34,21,0,1,357,Pune,0,1,0
148789,12,7.53,56,31,1,3,394,Mumbai,0,0,1
48539,12,3.2920000000000003,69,28,1,4,496,Lucknow,0,1,0
95713,13,2.1975,35,26,0,5,220,Kolkata,1,0,0
188532,4,4.88,32,16,0,5,495,Bhopal,0,0,1
68508,16,2.524,35,11,0,8,387,Delhi,0,1,0
57100,12,0.32000000000000006,41,23,0,3,652,Patna,0,1,0
108607,8,4.88,40,29,0,4,307,Delhi,0,0,0
106938,0,0.6200000000000001,29,29,0,5,315,Delhi,0,1,0
64209,7,0.37000000000000005,40,11,0,3,260,Kolkata,1,1,0
79077,8,3.29,38,6,1,5,446,Delhi,0,0,0
19039,0,0.42400000000000004,43,29,1,1,457,Pune,1,1,0
69488,0,0.572,25,0,0,6,437,Jaipur,1,1,0
62539,0,0.903,47,21,1,2,412,Lucknow,1,1,0
152717,5,3.94,51,11,1,3,799,Bhopal,0,0,1
74124,6,2.4525,19,22,0,8,351,Bhopal,1,0,0
53000,10,7.59,22,17,0,4,400,Mumbai,0,0,0
14920,3,0.511,48,0,0,8,146,Kolkata,1,1,0
17215,0,2.5760000000000005,50,32,1,5,686,Lucknow,0,1,0
53565,7,1.02,21,10,1,7,403,Hyderabad,0,0,0
111536,0,3.38,23,33,0,4,515,Hyderabad,0,1,0
134614,20,5.82,40,15,1,4,745,Chennai,0,0,1
80155,2,9.86,62,34,1,2,743,Lucknow,0,0,1
24126,0,0.6360000000000001,36,24,0,6,117,Kolkata,1,1,0
144948,18,8.34,60,20,0,1,816,Hyderabad,0,0,1
9774,7,0.8,62,11,0,2,530,Lucknow,1,1,0
36273,12,1.3800000000000001,25,7,1,1,267,Jaipur,0,1,0
41450,15,1.04,56,25,0,7,655,Hyderabad,0,1,0
93623,12,4.3,30,32,0,3,784,Lucknow,0,0,1
76815,0,1.868,18,25,0,7,474,Bhopal,0,1,0
94916,0,0.96,23,36,0,7,560,Pune,0,1,0
58908,0,3.58,24,29,0,7,462,Kolkata,0,1,0
88395,8,2.172,65,30,0,7,335,Delhi,0,1,0
198675,16,9.78,44,32,0,7,479,Bhopal,0,0,1
141944,10,8.1,32,10,1,8,386,Jaipur,0,0,0
43238,0,0.5559999999999999,69,32,0,1,405,Kolkata,1,1,0
14799,5,0.9470000000000001,51,0,0,8,495,Chennai,1,1,0
78747,0,1.2625,40,0,0,7,386,Pune,1,0,0
80973,14,3.548,65,12,1,0,243,Kolkata,0,1,0
45010,8,0.35800000000000004,66,9,1,4,118,Lucknow,1,1,0
45678,15,3.79,41,25,1,1,640,Jaipur,0,0,0
91218,18,4.18,32,24,0,4,612,Chennai,0,0,1
50849,4,2.188,52,13,0,7,342,Patna,0,1,0
48980,0,1.3825,21,0,0,8,624,Delhi,1,0,0
97653,3,1.24,61,0,0,8,412,Lucknow,1,0,0
56717,14,1.2240000000000002,54,3,1,0,556,Pune,0,1,0
35740,0,3.708,34,11,0,6,721,Delhi,0,1,0
93627,0,1.4725,48,2,0,7,520,Delhi,1,0,0
35962,5,0.40800000000000003,55,0,0,2,399,Jaipur,1,1,0
41597,1,0.651,27,0,0,5,398,Kolkata,1,1,0
43960,1,1.92,67,1,0,2,606,Bhopal,1,0,0
31640,7,0.961,44,18,0,8,514,Mumbai,1,1,0
27451,0,1.25,59,0,1,2,143,Kolkata,1,0,0
56169,6,0.28,23,6,0,1,178,Bhopal,1,0,0
63596,0,0.44100000000000006,23,22,0,8,239,Bhopal,1,1,0
70649,14,1.1975,69,13,0,7,430,Pune,1,0,0
64647,1,3.5880000000000005,32,5,0,7,500,Chennai,0,1,0
17663,4,1.58,21,32,0,1,660,Kolkata,0,1,0
87252,11,3.812,65,28,1,5,593,Chennai,0,1,0
45351,6,1.94,57,20,0,4,501,Mumbai,0,1,0
78186,0,2.435,24,21,0,1,521,Kolkata,1,0,0
88595,5,0.032,68,20,1,4,238,Hyderabad,0,1,0
101925,9,8.99,66,35,1,3,352,Jaipur,0,0,0
52882,15,3.724,70,21,0,8,243,Kolkata,0,1,0
58414,7,0.961,62,11,0,0,118,Delhi,1,1,0
34131,13,0.0325,64,13,0,5,405,Lucknow,1,0,0
11632,2,0.43,43,31,0,6,137,Mumbai,1,0,0
12626,10,2.616,48,10,0,5,184,Jaipur,0,1,0
31032,3,0.25,19,30,1,4,691,Patna,0,0,0
17198,7,0.64,45,39,1,3,459,Delhi,0,0,0
199466,8,2.21,59,12,0,4,441,Lucknow,0,0,1
59398,2,0.512,30,9,0,8,396,Kolkata,1,1,0
65169,0,0.546,35,13,0,4,17,Chennai,1,1,0
122164,0,0.136,47,16,0,7,293,Patna,0,1,0
159931,16,1.7,28,37,1,6,833,Lucknow,0,0,1
70259,5,0.5,30,16,0,3,531,Chennai,1,1,0
115369,10,2.3760000000000003,68,31,0,4,640,Bhopal,0,1,1
73625,0,0.37,41,6,0,6,405,Kolkata,1,0,0
55332,9,0.399,46,4,0,5,4,Chennai,1,1,0
67549,0,0.9039999999999999,22,17,0,2,128,Lucknow,1,1,0
24853,0,3.9960000000000004,52,10,0,2,678,Lucknow,0,1,0
56625,13,2.4675,36,4,0,1,395,Hyderabad,1,0,0
118145,14,8.82,30,32,1,2,382,Patna,0,0,1
104929,13,1.58,22,36,0,0,297,Lucknow,0,1,0
39293,4,0.687,61,29,0,8,28,Jaipur,1,1,0
117870,1,4.17,31,0,0,1,657,Chennai,0,0,0
131243,12,6.49,55,38,0,2,456,Kolkata,0,0,1
16277,0,0.7725,39,18,0,4,150,Bhopal,1,0,0
116768,5,2.424,26,35,0,3,465,Jaipur,0,1,0
95778,8,2.096,66,31,1,4,515,Hyderabad,0,1,0
126496,9,0.24,57,40,0,5,612,Bhopal,0,0,1
145273,8,7.91,43,14,0,4,422,Bhopal,0,0,1
99550,3,0.048,62,30,0,0,550,Patna,0,1,0
135674,2,2.93,22,5,0,5,613,Patna,0,0,0
87949,11,0.024,46,24,1,8,207,Lucknow,0,1,0
163843,13,3.76,39,17,0,2,454,Patna,0,0,1
114430,4,0.252,66,21,0,1,409,Delhi,0,1,0
191720,20,9.14,20,30,0,5,848,Pune,0,0,1
69482,0,0.41600000000000004,45,27,0,2,5,Lucknow,1,1,0
34063,2,4.59,55,8,0,3,772,Patna,0,0,0
29544,0,0.35000000000000003,31,0,0,5,317,Hyderabad,1,1,0
68310,5,2.5120000000000005,64,32,0,5,404,Kolkata,0,1,0
119386,8,3.136,31,26,0,1,212,Bhopal,0,1,0
197992,3,6.48,60,0,1,2,388,Delhi,0,0,1
62419,2,0.7480000000000001,28,0,0,8,333,Kolkata,1,1,0
33120,7,3.6240000000000006,26,4,0,1,219,Kolkata,0,1,0
27856,0,3.4560000000000004,55,14,0,2,554,Mumbai,0,1,0
17573,9,6.74,64,8,1,8,597,Chennai,0,0,0
50367,8,2.15,61,27,1,3,692,Chennai,0,0,0
63034,13,1.595,23,4,0,0,137,Hyderabad,1,0,0
49253,2,2.024,18,23,1,1,706,Lucknow,0,1,0
21313,0,1.7925,42,1,0,2,251,Mumbai,1,0,0
45518,2,3.3320000000000003,33,21,1,8,469,Hyderabad,0,1,0
163757,7,7.43,69,38,0,8,508,Bhopal,0,0,1
79905,0,2.1175,32,13,0,5,446,Jaipur,1,0,0
36681,14,0.16,51,28,0,5,622,Jaipur,1,0,0
85630,9,0.128,34,38,0,2,458,Mumbai,0,1,0
25368,8,0.259,20,11,0,4,381,Chennai,1,1,0
141678,4,9.01,20,9,0,3,608,Jaipur,0,0,1
89532,17,8.24,54,9,1,8,576,Chennai,0,0,0
63046,15,2.732,34,25,0,8,255,Lucknow,0,1,0
25429,1,0.7010000000000001,66,16,0,0,297,Pune,1,1,0
27265,6,0.727,69,19,0,7,377,Kolkata,1,1,0
119804,8,3.7720000000000002,55,12,0,8,612,Bhopal,0,1,1
46653,1,8.32,18,14,1,4,411,Mumbai,0,0,0
172729,12,6.23,24,5,0,3,371,Chennai,0,0,0
102313,0,1.665,43,3,0,3,436,Patna,1,0,0
60149,0,0.21400000000000002,64,10,0,1,20,Kolkata,1,1,0
88938,1,2.628,56,31,0,8,367,Patna,0,1,0
143377,2,4.25,36,10,0,4,420,Jaipur,0,0,0
9142,0,0.3825,69,29,0,2,461,Pune,1,0,0
35065,11,2.015,47,24,0,5,423,Pune,1,0,0
30694,4,1.275,60,0,0,8,566,Lucknow,1,0,0
17448,13,2.4425,31,6,1,8,615,Bhopal,1,0,0
43046,0,1.128,30,35,0,4,700,Jaipur,0,1,0
52900,12,1.2025,37,0,1,7,304,Chennai,1,0,0
15873,8,0.44800000000000006,43,6,0,3,331,Kolkata,1,1,0
12520,10,0.484,44,9,1,4,529,Delhi,0,1,0
68961,5,0.426,42,8,0,6,319,Pune,1,1,0
34608,2,0.72,26,25,1,6,656,Patna,1,0,0
57968,0,0.6400000000000001,58,23,0,6,591,Bhopal,0,1,0
157736,14,2.82,65,9,0,7,455,Chennai,0,0,1
50737,11,2.33,29,29,1,4,832,Patna,0,0,1
75615,0,2.936,27,2,0,0,681,Kolkata,0,1,0
57509,7,0.0775,23,28,0,8,605,Kolkata,1,0,0
114039,12,2.468,67,2,1,8,333,Jaipur,0,1,0
182469,18,7.61,51,39,0,6,367,Hyderabad,0,0,1
78966,0,1.2025,69,0,0,5,611,Patna,1,0,0
75641,0,3.728,58,27,0,4,220,Chennai,0,1,0
34910,2,2.8320000000000003,36,13,0,4,706,Kolkata,0,1,0
165322,18,7.48,23,38,1,2,468,Jaipur,0,0,1
12931,6,0.197,19,2,0,0,111,Jaipur,1,1,0
9493,5,0.777,32,0,0,5,462,Lucknow,1,1,0
37551,8,2.08,34,28,1,7,171,Delhi,1,0,0
25915,0,0.361,33,0,0,1,254,Hyderabad,1,1,0
129398,14,0.852,45,11,0,7,337,Mumbai,0,1,0
57529,1,0.9625,38,6,0,7,419,Kolkata,1,0,0
61072,7,0.7400000000000001,25,10,1,7,426,Chennai,1,1,0
26046,15,4.18,27,27,1,2,606,Chennai,0,0,0
46839,9,0.7370000000000001,27,0,0,7,98,Pune,1,1,0
96162,12,0.285,67,31,0,3,240,Lucknow,1,0,0
71275,0,0.806,27,0,0,2,29,Lucknow,1,1,0
93072,10,0.6325,26,21,0,8,349,Lucknow,1,0,0
10919,6,0.6225,45,9,0,7,373,Chennai,1,0,0
135900,12,5.9,41,23,1,1,703,Hyderabad,0,0,1
109111,2,0.27999999999999997,36,5,0,7,673,Jaipur,0,1,0
74129,9,0.26,50,3,0,2,330,Patna,0,0,0
71021,0,0.6525,21,0,0,5,281,Bhopal,1,0,0
115738,0,2.152,20,5,0,4,611,Delhi,0,1,0
161922,5,9.08,59,25,0,7,455,Kolkata,0,0,1
87001,11,2.115,29,29,0,8,442,Lucknow,1,0,0
136789,5,4.9,35,10,0,6,490,Hyderabad,0,0,0
170130,16,0.37,40,28,1,5,475,Chennai,0,0,1
68458,3,0.535,37,11,0,5,516,Jaipur,1,1,0
35028,6,2.8200000000000003,23,9,0,0,703,Bhopal,0,1,0
52661,14,1.356,70,25,1,4,518,Chennai,0,1,0
106356,0,0.2775,51,18,1,7,438,Jaipur,1,0,0
63989,0,0.279,59,5,0,5,110,Hyderabad,1,1,0
81177,4,1.93,19,27,0,0,592,Hyderabad,1,0,0
63483,0,0.8775,47,3,0,4,136,Jaipur,1,0,0
10741,3,0.8119999999999999,26,14,0,4,219,Pune,1,1,0
99650,12,0.8,44,12,1,2,606,Delhi,1,0,0
101186,9,0.41,59,0,0,7,424,Chennai,1,0,0
45442,16,1.7440000000000002,51,38,0,8,696,Chennai,0,1,0
17520,0,0.45199999999999996,57,0,0,5,128,Kolkata,1,1,0
80372,1,0.04,41,15,0,5,143,Pune,1,0,0
98559,18,1.17,66,30,0,1,840,Bhopal,0,0,1
38685,13,0.4625,34,16,0,1,251,Hyderabad,1,0,0
69088,9,0.285,46,8,0,5,440,Lucknow,1,0,0
10134,0,0.342,53,20,0,7,496,Patna,1,1,0
25580,4,3.8600000000000003,67,2,0,1,561,Jaipur,0,1,0
60186,12,5.09,29,20,0,8,515,Chennai,0,0,0
28044,0,2.5120000000000005,48,7,0,8,722,Hyderabad,0,1,0
180092,7,3.56,66,13,0,3,310,Patna,0,0,1
36151,0,0.323,26,30,0,3,81,Delhi,1,1,0
23127,0,0.09200000000000001,36,15,1,3,335,Hyderabad,0,1,0
103929,2,5.0,63,17,0,4,465,Chennai,0,0,0
24733,8,1.936,63,30,0,7,387,Hyderabad,0,1,0
36560,1,0.395,34,2,0,1,143,Patna,1,0,0
69386,2,3.056,19,37,0,4,511,Delhi,0,1,0
50405,0,0.493,57,11,0,1,518,Bhopal,1,1,0
46544,9,0.8475,22,0,0,7,630,Jaipur,1,0,0
7850,0,0.147,56,11,0,0,240,Hyderabad,1,1,0
118198,2,2.2079999999999997,65,30,0,6,360,Kolkata,0,1,0
92175,5,1.8825,33,11,0,2,412,Pune,1,0,0
69910,0,0.282,34,2,0,3,82,Jaipur,1,1,0
33415,6,0.876,44,0,0,7,269,Hyderabad,0,1,0
109006,9,5.22,24,17,0,2,738,Jaipur,0,0,1
39673,14,0.3875,69,30,0,6,662,Hyderabad,1,0,0
59545,0,0.667,25,24,0,0,192,Mumbai,1,1,0
52700,7,0.605,25,27,0,8,487,Kolkata,1,1,0
104882,0,0.2175,40,9,0,5,468,Chennai,1,0,0
57929,0,0.0925,49,22,0,2,208,Kolkata,1,0,0
95166,4,2.4800000000000004,60,34,1,6,302,Delhi,0,1,0
56601,6,0.294,64,30,0,4,373,Mumbai,1,1,0
108862,0,0.215,35,29,0,7,166,Kolkata,1,0,0
17123,11,3.036,55,14,0,7,612,Patna,0,1,0
52846,0,0.31400000000000006,29,0,1,8,145,Kolkata,1,1,0
45626,9,1.15,32,0,0,5,122,Pune,1,0,0
43050,0,0.23700000000000002,45,31,0,3,529,Hyderabad,1,1,0
47484,15,2.508,55,21,0,1,493,Delhi,0,1,0
89082,8,0.7525,67,0,0,2,446,Bhopal,1,0,0
60095,0,3.872,48,12,1,4,260,Chennai,0,1,0
68640,15,2.8120000000000003,69,23,0,7,332,Hyderabad,0,1,0
137732,13,1.37,26,20,0,1,701,Bhopal,0,0,1
95703,9,1.0425,25,0,0,4,607,Bhopal,1,0,0
52641,16,3.85,63,6,1,8,366,Hyderabad,0,0,0
15984,9,0.534,36,3,0,1,88,Kolkata,1,1,0
30509,7,0.8420000000000001,68,4,0,7,134,Pune,1,1,0
79232,13,2.3320000000000003,25,15,0,2,381,Lucknow,0,1,0
56575,3,0.062,51,0,0,7,427,Mumbai,1,1,0
102833,17,6.55,21,13,1,3,478,Lucknow,0,0,0
71276,14,0.08,48,30,1,3,638,Chennai,0,0,0
18997,8,1.95,55,27,0,6,198,Jaipur,1,0,0
39130,0,0.667,20,28,1,4,532,Jaipur,1,1,0
32897,8,0.7725,52,32,0,3,497,Jaipur,1,0,0
65518,7,0.292,36,26,0,6,164,Patna,1,1,0
55373,0,0.798,60,1,1,2,539,Mumbai,1,1,0
25395,3,3.132,46,16,0,8,334,Hyderabad,0,1,0
86456,8,0.88,27,21,0,4,242,Bhopal,1,0,0
34162,0,0.29900000000000004,29,0,0,2,201,Lucknow,1,1,0
20300,4,0.5599999999999999,63,9,0,1,39,Hyderabad,1,1,0
152809,12,0.08,47,18,0,6,468,Kolkata,0,0,0
51062,8,0.83,47,14,1,6,369,Mumbai,0,0,0
43271,0,0.504,35,38,0,4,509,Kolkata,0,1,0
14482,0,0.18500000000000003,41,13,0,3,439,Patna,1,1,0
22376,15,2.048,49,38,0,1,578,Chennai,0,1,0
52265,16,9.92,26,29,0,1,792,Mumbai,0,0,1
90157,6,1.6325,64,11,0,6,473,Mumbai,1,0,0
44632,0,0.1525,41,23,0,6,447,Bhopal,1,0,0
56271,0,1.315,43,16,0,3,617,Pune,1,0,0
104613,14,4.97,20,22,0,3,718,Jaipur,0,0,1
58441,7,0.576,40,4,0,3,682,Bhopal,0,1,0
43793,9,3.6799999999999997,28,40,1,1,718,Lucknow,0,1,0
48915,0,0.44100000000000006,27,21,0,8,344,Lucknow,1,1,0
18030,7,0.995,67,30,0,0,376,Lucknow,1,1,0
111443,6,4.2,53,26,0,7,594,Lucknow,0,0,1
149055,5,6.08,30,36,1,5,587,Bhopal,0,0,1
108377,9,0.42000000000000004,46,6,0,6,433,Delhi,0,1,0
13767,0,0.454,55,0,0,4,433,Chennai,1,1,0
102888,0,0.5975,70,6,0,5,620,Delhi,1,0,0
70896,12,3.344,30,7,0,5,264,Bhopal,0,1,0
7736,0,0.784,43,0,0,8,520,Mumbai,1,1,0
32750,7,2.06,37,2,0,3,632,Lucknow,1,0,0
24889,9,0.7240000000000001,22,13,0,4,515,Jaipur,1,1,0
161389,20,8.33,37,33,1,3,815,Delhi,0,0,1
84895,16,0.8039999999999999,31,34,0,0,676,Jaipur,0,1,1
8066,0,0.45199999999999996,62,4,0,5,161,Hyderabad,1,1,0
61996,0,0.6920000000000001,31,2,0,4,526,Chennai,1,1,0
128824,15,6.37,25,31,1,3,664,Lucknow,0,0,1
94273,17,7.16,65,14,0,5,843,Kolkata,0,0,1
89859,16,2.24,30,37,0,4,724,Delhi,0,0,1
125017,10,0.98,41,0,1,2,663,Lucknow,0,0,0
76239,10,2.2925,32,15,0,1,227,Delhi,1,0,0
198465,15,5.6,68,39,1,5,313,Kolkata,0,0,1
91221,0,0.6160000000000001,18,21,0,3,202,Hyderabad,0,1,0
28879,0,3.172,39,2,0,2,500,Pune,0,1,0
27812,16,3.66,51,13,0,7,689,Lucknow,0,1,0
126499,2,0.68,67,1,1,8,220,Lucknow,0,1,0
87995,0,2.0425,68,23,0,6,423,Chennai,1,0,0
30153,0,0.933,57,29,0,1,414,Bhopal,1,1,0
61117,10,2.345,20,24,0,7,569,Delhi,1,0,0
35733,2,3.6560000000000006,43,5,1,4,573,Kolkata,0,1,0
79500,0,2.184,31,40,0,6,544,Patna,0,1,0
17254,0,0.89,58,30,0,4,548,Kolkata,1,0,0
60084,19,0.07,25,24,1,1,451,Mumbai,0,0,0
114205,11,0.244,66,33,0,3,438,Jaipur,0,1,0
197256,18,4.29,33,10,0,4,522,Delhi,0,0,1
76916,8,3.99,59,36,0,5,565,Chennai,0,0,1
57831,0,0.7400000000000001,38,40,0,4,409,Hyderabad,0,1,0
27984,7,3.95,27,6,1,0,738,Patna,0,0,0
26421,2,0.4375,42,13,0,0,269,Jaipur,1,0,0
100431,4,8.49,55,38,0,2,756,Mumbai,0,0,1
35282,0,0.298,39,1,1,8,135,Hyderabad,1,1,0
73606,1,5.99,66,20,0,1,698,Mumbai,0,0,0
156688,8,5.03,65,5,0,4,442,Lucknow,0,0,0
117665,10,0.52,64,0,0,8,369,Delhi,0,0,0
78242,0,3.7680000000000002,63,33,1,6,233,Pune,0,1,0
70121,0,0.527,21,5,0,7,402,Lucknow,1,1,0
25723,1,1.3,21,35,0,1,206,Chennai,0,1,0
82226,7,0.395,47,18,0,4,418,Kolkata,1,0,0
56752,0,0.339,19,0,0,8,319,Pune,1,1,0
86288,11,0.0525,46,0,0,0,564,Chennai,1,0,0
17064,0,0.36400000000000005,60,22,0,0,97,Jaipur,1,1,0
11082,0,2.124,53,16,0,7,305,Chennai,0,1,0
68747,0,2.18,38,27,0,1,177,Bhopal,1,0,0
48933,0,6.87,38,20,1,8,476,Lucknow,0,0,0
21973,0,0.28,65,18,0,8,404,Delhi,1,0,0
26077,0,0.37,38,32,0,3,146,Mumbai,1,0,0
99480,11,1.07,21,19,0,1,570,Kolkata,1,0,0
178985,10,1.96,18,15,1,2,622,Pune,0,0,1
70165,0,0.07,43,26,0,0,369,Patna,1,0,0
121336,5,3.2200000000000006,68,35,1,2,549,Kolkata,0,1,0
64875,0,0.020000000000000004,19,26,0,4,89,Kolkata,1,1,0
53827,0,0.8310000000000001,26,10,0,2,130,Hyderabad,1,1,0
75759,0,0.36,62,12,0,2,644,Kolkata,1,0,0
67880,11,3.9000000000000004,35,32,0,5,208,Kolkata,0,1,0
58001,1,6.04,65,22,0,2,843,Kolkata,0,0,1
53536,13,2.94,65,5,0,2,265,Mumbai,0,1,0
50045,0,0.11000000000000001,59,23,0,8,57,Bhopal,1,1,0
33015,10,2.155,58,13,0,1,176,Kolkata,1,0,0
65652,2,0.8390000000000001,28,0,0,0,393,Pune,1,1,0
52508,7,0.653,42,26,1,7,24,Bhopal,1,1,0
90572,8,2.008,43,15,0,2,369,Kolkata,0,1,0
51229,6,0.7210000000000001,53,16,0,6,75,Pune,1,1,0
91841,0,0.024,59,16,0,1,550,Pune,0,1,0
175829,10,5.92,52,38,1,7,805,Jaipur,0,0,1
49636,6,8.47,55,12,1,8,482,Lucknow,0,0,0
69480,0,0.357,20,19,0,7,153,Chennai,1,1,0
39262,16,1.08,58,10,1,7,568,Patna,0,0,0
95435,14,4.21,52,9,0,7,577,Chennai,0,0,0
93328,13,2.908,67,38,0,6,519,Hyderabad,0,1,0
101347,12,0.2675,57,15,0,1,142,Delhi,1,0,0
56844,1,2.06,39,37,1,7,731,Patna,0,0,0
79754,3,1.48,25,23,0,4,825,Bhopal,0,0,0
117148,0,3.188,32,32,0,5,522,Patna,0,1,0
59883,2,0.252,62,16,1,3,231,Chennai,0,1,0
35777,13,2.748,24,35,1,0,518,Pune,0,1,0
49832,5,1.4640000000000002,36,34,0,4,220,Chennai,0,1,0
47173,0,0.756,57,0,0,2,517,Patna,1,1,0
112741,3,3.8560000000000003,59,15,0,8,586,Delhi,0,1,0
57296,0,0.11499999999999999,34,19,0,3,137,Patna,1,1,0
73443,0,0.785,18,32,1,1,218,Pune,1,0,0
70434,0,0.81,62,23,0,3,340,Bhopal,1,1,0
48829,7,0.665,46,17,1,2,435,Pune,1,0,0
52820,12,0.86,30,10,0,2,721,Kolkata,0,1,0
22022,9,0.8250000000000001,65,16,0,4,224,Hyderabad,1,1,0
59733,13,3.948,46,30,0,0,440,Delhi,0,1,0
106839,6,2.228,58,20,0,4,426,Pune,0,1,0
45448,20,2.78,59,2,1,7,378,Delhi,0,0,0
14718,3,0.399,23,3,0,8,472,Jaipur,1,1,0
188946,8,1.7,22,39,0,0,376,Patna,0,0,1
22657,14,7.62,51,40,1,1,561,Hyderabad,0,0,0
94323,5,1.9325,28,16,1,1,121,Mumbai,1,0,0
112292,5,3.5,26,16,1,5,196,Kolkata,0,1,0
83105,14,0.10800000000000001,55,37,0,0,523,Bhopal,0,1,0
170650,18,5.62,57,35,1,0,311,Chennai,0,0,1
62527,0,0.21400000000000002,58,27,0,1,6,Lucknow,1,1,0
14888,15,1.364,26,18,0,3,425,Lucknow,0,1,0
49668,1,3.14,25,1,0,1,336,Mumbai,0,1,0
69028,7,1.92,61,16,0,3,473,Patna,0,0,0
22287,0,6.38,57,29,0,2,786,Kolkata,0,0,0
26763,10,1.6375,20,1,0,2,400,Delhi,1,0,0
41527,10,2.385,30,26,0,8,428,Bhopal,1,0,0
64888,8,1.9375,36,27,0,7,356,Patna,1,0,0
32305,2,3.2159999999999997,51,32,0,8,336,Patna,0,1,0
98300,18,5.32,49,0,1,0,550,Hyderabad,0,0,0
163746,2,1.87,66,17,1,4,520,Delhi,0,0,1
54208,4,1.065,33,0,0,3,457,Lucknow,1,0,0
93470,13,1.3725,53,18,0,8,342,Delhi,1,0,0
38117,14,2.712,35,24,0,2,390,Delhi,0,1,0
52104,4,2.4320000000000004,31,27,0,4,516,Hyderabad,0,1,0
32602,9,3.94,47,21,0,7,433,Patna,0,0,0
42299,0,0.265,19,16,0,4,494,Patna,1,1,0
103801,0,1.68,30,16,0,8,846,Jaipur,0,0,1
22512,9,1.735,44,3,0,1,302,Delhi,1,0,0
60157,11,1.6125,70,7,0,5,280,Lucknow,1,0,0
28724,12,2.748,69,36,0,4,566,Chennai,0,1,0
40002,1,1.492,34,15,0,8,376,Patna,0,1,0
142015,13,2.62,48,16,0,6,783,Kolkata,0,0,1
31636,8,1.9,32,22,0,7,621,Kolkata,1,0,0
79772,13,7.74,37,14,1,6,788,Bhopal,0,0,1
23275,0,0.45599999999999996,22,4,1,4,351,Delhi,1,1,0
52866,12,1.53,24,31,1,4,649,Bhopal,1,0,0
40559,11,3.74,35,26,0,3,533,Hyderabad,0,0,0
78386,0,2.808,28,20,0,1,588,Lucknow,0,1,0
26808,0,2.09,49,0,0,8,395,Delhi,1,0,0
30268,7,0.6880000000000001,67,0,0,2,458,Lucknow,1,1,0
167826,0,5.13,44,6,1,2,752,Jaipur,0,0,1
53640,9,0.459,43,1,0,2,412,Pune,1,1,0
85831,20,6.42,54,3,1,7,317,Pune,0,0,0
127217,5,6.8,62,40,1,5,371,Delhi,0,0,1
36967,0,2.236,45,35,0,0,557,Jaipur,0,1,0
121532,0,6.25,67,34,1,2,654,Kolkata,0,0,1
50502,8,0.097,19,0,1,3,150,Delhi,1,1,0
155975,0,9.52,37,17,0,1,560,Bhopal,0,0,1
96909,16,3.164,21,23,0,5,259,Bhopal,0,1,0
31215,14,0.935,30,23,0,0,225,Kolkata,1,0,0
36091,5,0.5630000000000001,41,25,0,0,522,Lucknow,1,1,0
66292,7,0.188,65,1,0,7,582,Chennai,0,1,0
60648,7,0.41,55,1,1,3,429,Bhopal,0,0,0
77545,9,0.6275,57,1,0,0,290,Lucknow,1,0,0
55622,0,0.6900000000000001,65,14,1,6,405,Pune,1,1,0
84503,0,3.408,62,14,1,8,212,Pune,0,1,0
6218,0,0.559,46,3,1,6,535,Hyderabad,1,1,0
54495,4,1.33,53,8,0,0,316,Jaipur,1,0,0
59059,6,0.40199999999999997,19,9,1,0,45,Jaipur,1,1,0
51237,0,0.16200000000000003,58,5,0,0,273,Mumbai,1,1,0
95980,7,0.472,35,16,0,7,312,Pune,0,1,0
26303,20,7.61,66,14,1,6,563,Kolkata,0,0,0
176633,6,9.28,25,11,1,2,666,Patna,0,0,1
86719,11,4.58,32,15,1,2,304,Chennai,0,0,0
40974,4,0.659,58,23,0,2,268,Hyderabad,1,1,0
49751,0,0.9140000000000001,34,14,0,1,420,Lucknow,1,1,0
55677,7,0.225,40,29,0,3,465,Kolkata,1,0,0
12272,6,1.925,19,25,0,6,188,Hyderabad,1,0,0
34623,3,6.17,23,33,0,8,657,Hyderabad,0,0,0
120228,13,5.99,46,15,0,2,685,Lucknow,0,0,1
64064,3,0.29300000000000004,44,25,1,6,324,Pune,1,1,0
197828,15,6.84,54,39,1,3,780,Hyderabad,0,0,1
112624,6,7.95,66,6,0,0,478,Lucknow,0,0,0
61620,8,0.11299999999999999,51,24,0,4,255,Hyderabad,1,1,0
82410,0,2.136,35,3,0,7,598,Chennai,0,1,0
101206,9,1.01,59,6,0,2,510,Hyderabad,0,0,0
46350,11,2.1825,27,9,0,3,486,Delhi,1,0,0
81697,10,1.27,55,0,0,2,285,Pune,1,0,0
37920,0,2.02,61,2,0,7,333,Mumbai,1,0,0
109593,7,1.4720000000000002,34,19,0,7,708,Delhi,0,1,1
35130,0,0.3125,30,2,0,3,292,Chennai,1,0,0
35589,2,0.1025,69,6,0,1,248,Lucknow,1,0,0
89553,19,2.82,65,16,0,2,302,Chennai,0,0,0
83344,0,2.44,59,33,1,2,369,Patna,0,0,0
22928,4,0.5599999999999999,44,3,0,3,51,Patna,1,1,0
62638,20,0.22,70,27,0,1,736,Hyderabad,0,0,1
60611,1,2.084,19,34,0,1,557,Chennai,0,1,0
66475,12,0.98,51,0,0,2,213,Jaipur,1,0,0
9745,11,1.4425,48,18,0,0,205,Mumbai,1,0,0
168962,5,7.02,40,21,0,7,817,Bhopal,0,0,1
65272,2,0.634,24,15,0,5,429,Patna,1,1,0
37397,0,3.94,55,1,0,2,222,Pune,0,1,0
107241,12,1.38,50,30,1,0,669,Mumbai,0,0,1
107158,2,1.72,29,21,1,2,583,Lucknow,0,1,0
91785,10,1.7000000000000002,62,0,1,0,482,Chennai,0,1,0
107204,5,1.0425,29,5,0,2,301,Pune,1,0,0
69630,0,2.656,36,24,0,3,348,Hyderabad,0,1,0
38130,4,0.49000000000000005,26,27,1,5,202,Delhi,1,1,0
116437,0,2.068,27,35,0,6,722,Mumbai,0,1,0
58963,8,1.7280000000000002,34,40,0,6,281,Pune,0,1,0
32323,0,0.992,67,0,1,8,345,Kolkata,1,1,0
78777,0,2.32,57,0,0,7,561,Delhi,1,0,0
180904,0,3.08,56,0,0,3,549,Lucknow,0,0,1
178038,15,1.12,58,18,0,5,482,Hyderabad,0,0,1
56863,0,0.8400000000000001,27,24,0,0,301,Delhi,1,1,0
100860,9,2.4925,29,21,1,7,399,Bhopal,1,0,0
16650,3,0.29300000000000004,32,3,0,5,88,Hyderabad,1,1,0
78852,2,3.58,48,9,1,1,724,Mumbai,0,0,0
52580,4,0.9420000000000001,32,25,0,7,284,Delhi,1,1,0
59307,0,2.8440000000000003,45,15,0,3,309,Jaipur,0,1,0
69207,0,0.296,21,31,0,8,247,Lucknow,1,1,0
24341,0,1.4525,53,20,1,3,308,Mumbai,1,0,0
67309,0,0.944,18,6,0,0,90,Pune,1,1,0
159353,8,8.12,61,10,0,6,464,Pune,0,0,1
27257,0,0.742,51,25,0,4,547,Lucknow,1,1,0
5875,0,0.7370000000000001,64,27,0,4,329,Delhi,1,1,0
106357,17,1.78,34,29,0,3,840,Patna,0,0,1
95002,4,2.0625,56,26,0,5,199,Bhopal,1,0,0
98251,2,1.1039999999999999,55,8,0,0,348,Pune,0,1,0
103726,4,3.7200000000000006,61,17,0,2,724,Chennai,0,1,1
64224,0,1.46,68,18,0,6,272,Hyderabad,0,1,0
105386,7,2.145,50,30,0,7,498,Chennai,1,0,0
46815,9,0.266,38,0,0,8,208,Lucknow,1,1,0
99815,1,2.06,43,5,0,0,373,Patna,0,1,0
127571,2,0.42800000000000005,63,32,0,3,443,Lucknow,0,1,0
90218,5,2.64,53,31,0,1,426,Patna,0,1,0
43388,0,2.09,22,7,0,1,567,Bhopal,1,0,0
88609,1,7.18,50,10,0,0,820,Patna,0,0,1
24077,3,5.23,18,21,0,4,778,Bhopal,0,0,0
19774,14,0.1125,70,27,0,1,396,Kolkata,1,0,0
46361,6,0.933,23,14,0,3,128,Delhi,1,1,0
53877,0,2.8200000000000003,54,25,0,8,481,Kolkata,0,1,0
169893,9,7.46,19,30,1,2,813,Jaipur,0,0,1
119365,14,3.18,70,28,1,7,539,Patna,0,1,1
84743,10,2.9920000000000004,22,4,1,5,536,Jaipur,0,1,0
14249,0,0.44100000000000006,43,29,1,4,465,Jaipur,1,1,0
167267,18,7.34,58,24,1,1,471,Lucknow,0,0,1
50861,5,1.5625,68,25,0,2,207,Delhi,1,0,0
56246,9,2.135,70,3,0,7,619,Patna,1,0,0
108874,4,3.208,64,21,0,8,262,Delhi,0,1,0
41373,4,0.041,30,0,0,6,516,Lucknow,1,1,0
27353,12,1.516,29,19,0,0,730,Kolkata,0,1,0
39804,7,0.0875,22,20,0,5,441,Jaipur,1,0,0
138786,17,1.02,19,28,1,6,764,Jaipur,0,0,1
104574,0,1.5025,21,18,0,5,260,Hyderabad,1,0,0
12547,0,2.185,44,8,0,1,255,Mumbai,1,0,0
30288,13,0.48,67,4,0,8,509,Kolkata,0,1,0
38647,0,0.451,70,4,0,2,394,Kolkata,1,1,0
23145,6,2.2775,27,6,0,5,275,Lucknow,1,0,0
24332,8,2.035,30,6,0,5,158,Delhi,1,0,0
68153,0,0.52,61,9,0,7,281,Pune,1,1,0
9560,0,0.772,19,0,0,3,537,Kolkata,1,1,0
22565,3,1.3075,43,14,0,5,663,Mumbai,1,0,0
87503,0,0.395,32,4,0,0,165,Pune,1,0,0
76117,9,0.3125,63,0,1,8,363,Hyderabad,1,0,0
57328,0,0.188,27,16,1,8,546,Bhopal,1,1,0
67720,16,1.404,39,10,0,6,629,Hyderabad,0,1,0
54558,0,0.931,57,3,0,0,277,Lucknow,1,1,0
40314,0,0.8,42,4,0,2,405,Patna,1,1,0
36949,8,1.7320000000000002,32,8,0,4,225,Lucknow,0,1,0
50012,1,1.2325,30,29,0,3,639,Mumbai,1,0,0
89954,7,0.665,25,0,0,4,390,Chennai,1,0,0
38411,0,7.04,38,9,0,6,537,Patna,0,0,0
108375,10,2.0075,38,14,0,8,286,Bhopal,1,0,0
93797,4,2.39,39,14,1,0,675,Mumbai,0,0,0
43749,0,0.168,63,22,1,4,380,Lucknow,0,1,0
82040,2,1.56,50,31,0,2,351,Jaipur,1,0,0
37042,3,5.63,62,36,0,2,745,Patna,0,0,0
67930,16,4.02,44,33,1,1,717,Kolkata,0,0,1
68097,6,0.6440000000000001,57,7,0,5,153,Kolkata,1,1,0
62085,14,1.3775,67,32,0,5,487,Chennai,1,0,0
31691,13,1.004,39,31,0,2,266,Jaipur,0,1,0
37547,9,0.995,47,29,0,0,649,Chennai,1,0,0
185286,7,4.28,26,39,1,6,353,Hyderabad,0,0,1
113538,6,3.5200000000000005,62,4,0,1,221,Kolkata,0,1,0
109671,14,2.4025,52,8,0,7,468,Kolkata,1,0,0
63901,20,8.93,35,21,0,2,529,Mumbai,0,0,0
41107,7,0.7190000000000001,59,30,0,0,435,Mumbai,1,1,0
98047,3,1.4625,22,32,0,8,260,Lucknow,1,0,0
51260,2,0.6890000000000001,44,9,1,4,287,Pune,1,1,0
7373,6,0.9390000000000001,23,19,1,0,321,Chennai,1,1,0
99772,13,1.0,49,12,0,5,621,Jaipur,0,1,0
9958,0,0.535,25,0,0,2,166,Jaipur,1,1,0
59363,5,0.6900000000000001,56,10,0,3,462,Delhi,1,1,0
81428,13,1.6975,38,25,0,7,575,Chennai,1,0,0
194362,4,2.52,35,3,0,4,372,Pune,0,0,0
22787,6,1.4675,31,0,0,5,389,Lucknow,1,0,0
64984,13,3.184,32,40,0,3,398,Kolkata,0,1,0
97711,16,4.75,59,9,1,5,846,Bhopal,0,0,1
26900,4,3.172,43,27,0,2,362,Chennai,0,1,0
184230,13,3.6,70,33,0,0,377,Jaipur,0,0,1
60450,6,0.9390000000000001,61,30,0,5,307,Jaipur,1,1,0
12025,0,0.534,49,10,0,0,327,Hyderabad,1,1,0
100530,17,5.96,56,35,1,2,720,Kolkata,0,0,1
36563,19,0.31,45,2,1,7,535,Lucknow,0,0,0
101977,8,0.425,56,14,0,6,581,Patna,1,0,0
84936,6,2.532,60,16,0,7,718,Delhi,0,1,0
151848,11,4.2,49,6,0,1,337,Delhi,0,0,0
118635,4,2.032,30,25,0,6,605,Mumbai,0,1,0
85130,6,0.1575,32,9,0,3,553,Kolkata,1,0,0
63680,10,3.3360000000000003,35,5,1,0,538,Jaipur,0,1,0
65359,10,3.14,56,30,0,2,210,Kolkata,0,1,0
176779,4,1.85,23,28,1,4,504,Jaipur,0,0,1
101850,12,1.585,28,0,1,7,300,Mumbai,1,0,0
97879,19,8.18,49,34,1,1,339,Hyderabad,0,0,1
66101,3,0.641,57,8,0,1,422,Chennai,1,1,0
54241,6,0.31000000000000005,37,3,0,7,156,Lucknow,1,1,0
32922,11,1.64,50,27,0,8,287,Delhi,1,0,0
109833,14,0.525,57,15,0,0,201,Bhopal,1,0,0
67098,2,3.18,25,9,0,1,401,Kolkata,0,0,0
104859,0,0.96,68,29,0,3,268,Pune,0,1,0
49125,0,0.557,52,20,0,2,344,Lucknow,1,1,0
15526,9,1.08,22,38,0,0,609,Chennai,0,0,0
83760,18,9.33,52,9,0,3,739,Hyderabad,0,0,1
22464,6,0.334,64,30,0,1,158,Hyderabad,1,1,0
9486,1,0.219,31,19,0,4,113,Bhopal,1,1,0
43541,0,4.97,38,17,0,0,835,Delhi,0,0,0
94083,11,2.77,64,40,1,7,462,Mumbai,0,0,1
197099,16,5.35,41,16,1,1,585,Mumbai,0,0,1
32195,0,1.3960000000000001,34,10,0,2,234,Chennai,0,1,0
13041,4,0.33,35,0,0,2,152,Mumbai,1,0,0
42578,6,0.266,51,8,1,3,195,Delhi,1,1,0
44250,0,1.095,29,27,1,6,567,Pune,1,0,0
89744,7,0.3,33,35,0,8,391,Jaipur,0,0,0
79611,13,1.9275,21,0,0,2,347,Lucknow,1,0,0
20109,3,6.22,42,27,1,0,585,Patna,0,0,0
35347,14,1.5025,51,24,0,0,354,Lucknow,1,0,0
69615,6,5.46,45,2,1,5,401,Mumbai,0,0,0
63376,9,2.3600000000000003,63,7,1,4,319,Lucknow,0,1,0
62859,3,0.935,28,0,0,6,265,Mumbai,1,1,0
55389,0,0.0225,30,0,0,6,461,Mumbai,1,0,0
76356,11,0.192,48,28,0,2,714,Jaipur,0,1,1
112229,0,0.764,42,36,0,6,702,Jaipur,0,1,0
62950,6,0.167,56,3,1,8,15,Bhopal,1,1,0
113802,5,0.7240000000000001,27,8,0,7,515,Pune,0,1,0
98309,15,6.72,41,40,0,2,689,Pune,0,0,1
141446,15,4.59,18,18,1,4,469,Patna,0,0,1
66913,1,2.48,70,8,0,7,238,Delhi,1,0,0
172215,6,2.27,42,31,1,1,341,Kolkata,0,0,1
21154,5,3.11,45,34,1,6,309,Delhi,0,0,0
109119,11,3.936,53,13,1,6,609,Patna,0,1,1
67124,9,0.8320000000000001,35,7,0,7,467,Pune,1,1,0
43608,9,1.175,23,12,0,0,168,Bhopal,1,0,0
36407,0,1.3875,19,3,0,7,326,Delhi,1,0,0
35581,8,8.43,20,23,0,0,813,Chennai,0,0,0
198720,13,4.81,63,33,0,2,509,Delhi,0,0,1
29306,6,0.8240000000000001,25,7,0,8,318,Jaipur,0,1,0
127401,9,3.312,48,20,0,3,216,Patna,0,1,0
116384,2,2.152,65,7,0,8,397,Delhi,0,1,0
54793,0,0.6120000000000001,36,27,0,0,635,Patna,0,1,0
33641,6,1.265,67,7,1,7,631,Chennai,1,0,0
189480,19,4.13,23,9,0,2,577,Pune,0,0,1
29974,0,2.1925,31,6,0,6,299,Pune,1,0,0
91530,15,0.504,20,3,0,1,696,Mumbai,0,1,0
198341,3,8.75,65,25,0,6,429,Chennai,0,0,1
101547,4,1.28,18,6,0,6,478,Hyderabad,1,0,0
61240,0,1.01,61,27,0,8,123,Delhi,1,0,0
41461,9,0.6480000000000001,47,31,1,1,262,Delhi,0,1,0
50488,11,7.01,63,37,0,7,453,Mumbai,0,0,0
58136,12,3.708,36,3,0,4,685,Bhopal,0,1,0
13381,1,0.375,36,32,0,8,508,Jaipur,1,1,0
49842,7,0.968,26,8,1,7,276,Kolkata,0,1,0
137720,0,5.55,24,34,1,2,581,Lucknow,0,0,1
35284,6,1.99,63,19,0,2,657,Jaipur,1,0,0
11752,7,0.01,54,28,0,7,548,Hyderabad,1,0,0
112772,0,2.524,67,8,0,8,722,Jaipur,0,1,0
82784,7,2.388,58,1,0,1,305,Mumbai,0,1,0
105091,14,0.795,70,0,0,2,420,Chennai,1,0,0
83040,11,1.804,24,4,0,7,722,Hyderabad,0,1,0
25734,0,0.24700000000000003,26,1,0,1,366,Lucknow,1,1,0
35787,1,1.975,21,19,0,7,164,Jaipur,1,0,0
67326,1,6.35,42,14,1,4,792,Pune,0,0,0
44235,0,0.533,66,5,0,5,315,Chennai,1,1,0
93208,2,0.9825,29,14,0,3,308,Kolkata,1,0,0
65861,14,2.91,23,12,1,2,351,Delhi,0,0,0
32495,2,0.8230000000000001,35,7,0,7,331,Pune,1,1,0
50806,6,0.451,57,21,0,8,498,Lucknow,1,1,0
54325,11,2.004,38,39,1,7,497,Mumbai,0,1,0
24078,1,5.21,32,7,1,8,709,Bhopal,0,0,0
94091,13,1.12,20,8,1,0,442,Patna,1,0,0
50549,15,1.024,19,29,0,4,409,Jaipur,0,1,0
23611,3,0.12,58,8,0,6,343,Patna,1,1,0
47644,0,0.2475,57,26,0,7,490,Chennai,1,0,0
25975,1,0.7570000000000001,21,0,0,1,291,Mumbai,1,1,0
195858,7,2.24,49,23,1,3,736,Bhopal,0,0,1
52908,0,0.05600000000000001,19,16,0,6,246,Kolkata,1,1,0
73057,0,1.995,63,0,0,4,338,Lucknow,1,0,0
145406,13,1.54,46,24,0,0,833,Lucknow,0,0,1
140150,15,6.25,19,13,1,1,818,Patna,0,0,1
172087,18,3.39,51,38,1,4,771,Hyderabad,0,0,1
31408,0,0.504,44,32,0,5,529,Patna,0,1,0
28557,1,0.414,56,8,0,0,43,Bhopal,1,1,0
105827,13,0.15,61,30,1,2,364,Bhopal,0,0,0
117215,5,8.41,55,9,1,5,545,Lucknow,0,0,1
94798,6,1.2825,35,0,0,5,190,Patna,1,0,0
53431,0,0.13899999999999998,53,30,0,6,157,Pune,1,1,0
111640,13,0.9480000000000001,36,24,0,2,654,Hyderabad,0,1,0
103805,7,1.7920000000000003,44,37,1,0,204,Lucknow,0,1,0
49757,15,0.756,62,36,0,6,402,Chennai,0,1,0
39826,20,2.69,37,29,1,2,459,Jaipur,0,0,0
41374,8,0.534,38,25,0,4,74,Chennai,1,1,0
172702,7,8.33,40,17,1,3,437,Jaipur,0,0,1
68723,0,0.40199999999999997,47,15,0,0,478,Bhopal,1,1,0
40580,5,0.7170000000000001,42,18,0,6,302,Hyderabad,1,1,0
17324,14,3.508,48,26,0,3,566,Mumbai,0,1,0
62216,0,0.21600000000000003,44,30,1,0,471,Jaipur,1,1,0
63011,15,3.228,51,20,0,5,513,Chennai,0,1,0
48662,20,7.57,25,18,1,3,608,Lucknow,0,0,0
113818,10,3.57,36,38,1,3,827,Kolkata,0,0,1
167360,4,9.9,58,22,1,1,839,Pune,0,0,1
39353,5,0.263,43,30,0,0,162,Patna,1,1,0
33720,2,1.02,45,14,0,2,234,Jaipur,0,1,0
69609,0,1.93,21,0,0,4,574,Bhopal,1,0,0
104900,6,1.74,48,34,1,8,484,Mumbai,0,1,0
31357,4,0.331,33,11,0,6,101,Kolkata,1,1,0
86018,0,0.4475,68,19,0,3,507,Kolkata,1,0,0
81309,0,3.0600000000000005,27,14,0,7,387,Jaipur,0,1,0
95960,16,3.144,55,15,0,3,494,Kolkata,0,1,0
51781,0,1.4175,65,24,0,5,168,Pune,1,0,0
35101,0,0.9570000000000001,27,3,0,0,517,Pune,1,1,0
61781,4,0.31800000000000006,62,30,0,5,147,Bhopal,1,1,0
177962,2,2.2,26,38,1,4,510,Kolkata,0,0,1
166094,5,6.77,56,19,1,1,671,Jaipur,0,0,1
90108,12,3.032,53,28,0,0,226,Lucknow,0,1,0
198651,20,2.25,68,2,0,5,798,Bhopal,0,0,1
30499,0,0.07700000000000001,53,0,0,1,154,Hyderabad,1,1,0
15508,10,0.8109999999999999,36,0,0,8,229,Patna,1,1,0
44757,0,0.977,36,14,0,8,299,Bhopal,1,1,0
6204,0,0.645,29,17,0,0,157,Kolkata,1,1,0
46929,1,0.695,30,17,0,4,366,Kolkata,1,0,0
107447,9,9.97,42,6,1,7,450,Patna,0,0,0
129994,2,8.93,53,9,0,3,598,Pune,0,0,1
19276,7,1.2825,42,0,0,2,173,Chennai,1,0,0
78234,9,3.3000000000000003,45,11,0,4,402,Mumbai,0,1,0
31082,9,8.16,59,31,0,4,766,Mumbai,0,0,1
10179,7,3.74,70,30,0,7,665,Hyderabad,0,1,0
119264,1,3.3640000000000003,56,21,0,5,623,Bhopal,0,1,0
11648,7,2.5760000000000005,47,16,0,1,317,Jaipur,0,1,0
33805,3,0.609,22,11,1,0,291,Hyderabad,1,1,0
8560,0,0.467,34,11,0,2,209,Pune,1,1,0
191572,8,6.26,35,7,1,1,510,Patna,0,0,1
11192,0,0.795,60,25,0,3,387,Delhi,1,1,0
38626,10,2.4225,64,14,1,2,515,Bhopal,1,0,0
82434,12,1.868,38,37,1,8,303,Chennai,0,1,0
114464,0,2.2960000000000003,39,27,0,4,303,Hyderabad,0,1,0
82771,14,1.7800000000000002,56,12,0,3,247,Delhi,0,1,0
48308,0,2.672,67,28,0,8,654,Chennai,0,1,0
52562,1,0.63,23,0,0,3,357,Delhi,1,1,0
89131,6,0.18,67,10,0,5,755,Delhi,0,0,0
126087,0,2.164,33,17,0,0,525,Jaipur,0,1,0
22529,3,0.22,19,16,0,1,640,Kolkata,1,0,0
116757,12,0.26,68,21,0,3,797,Patna,0,0,1
102033,0,1.9775,18,26,0,8,447,Kolkata,1,0,0
62842,3,0.6475,47,20,0,5,449,Pune,1,0,0
54063,20,3.41,60,20,1,5,726,Chennai,0,0,0
46197,0,0.064,69,0,0,8,442,Mumbai,1,1,0
85410,13,0.7200000000000001,54,11,0,3,274,Patna,0,1,0
34254,0,0.766,65,27,0,2,450,Bhopal,1,1,0
12806,14,1.9760000000000002,40,23,1,6,496,Lucknow,0,1,0
87099,1,8.81,18,31,0,6,786,Patna,0,0,1
61461,1,0.397,36,18,0,8,4,Kolkata,1,1,0
115655,12,1.076,63,31,0,5,550,Mumbai,0,1,0
16653,0,0.34800000000000003,20,23,0,1,187,Hyderabad,1,1,0
92447,0,1.7825,19,23,0,5,145,Bhopal,1,0,0
58585,5,5.55,54,25,1,7,461,Kolkata,0,0,0
23076,1,2.26,34,2,1,5,249,Pune,1,0,0
41017,18,6.02,45,17,0,8,832,Patna,0,0,1
76822,4,1.2325,35,30,0,3,529,Jaipur,1,0,0
124424,7,3.144,50,4,0,2,252,Kolkata,0,1,0
87050,2,2.37,32,7,0,4,352,Mumbai,1,0,0
15882,0,0.35600000000000004,39,2,1,2,105,Pune,1,1,0
11717,0,0.25,58,26,0,1,8,Delhi,1,1,0
68394,0,0.6160000000000001,44,2,0,1,49,Lucknow,1,1,0
31475,14,1.2475,54,14,1,3,641,Hyderabad,1,0,0
66073,0,3.9560000000000004,49,33,0,2,621,Chennai,0,1,0
93123,5,1.848,62,16,1,8,215,Jaipur,0,1,0
106939,14,0.185,36,1,0,6,321,Hyderabad,1,0,0
91976,15,3.908,45,17,1,5,297,Kolkata,0,1,0
99878,15,8.44,45,7,0,7,468,Jaipur,0,0,0
72056,7,1.78,27,25,0,8,811,Chennai,0,0,1
95459,0,2.2625,37,0,0,2,349,Hyderabad,1,0,0
22733,5,1.364,42,23,0,6,329,Lucknow,0,1,0
112316,7,1.508,38,2,0,8,387,Lucknow,0,1,0
60542,3,0.9060000000000001,31,29,1,0,60,Kolkata,1,1,0
86698,9,1.325,39,0,0,8,236,Jaipur,1,0,0
36964,7,0.13799999999999998,70,26,0,6,238,Bhopal,1,1,0
69792,10,0.369,43,8,1,3,47,Jaipur,1,1,0
26478,14,1.805,61,0,0,5,567,Jaipur,1,0,0
27245,7,0.6960000000000001,28,35,0,5,647,Kolkata,0,1,0
51560,13,2.3600000000000003,24,21,0,5,472,Bhopal,0,1,0
191037,6,6.95,34,30,1,1,724,Patna,0,0,1
77512,13,0.86,35,25,0,4,636,Bhopal,1,0,0
97968,2,2.7760000000000002,24,23,0,6,384,Hyderabad,0,1,0
64780,0,0.884,37,0,0,5,179,Jaipur,1,1,0
196749,0,4.72,55,1,1,2,828,Mumbai,0,0,1
111059,5,3.83,28,20,0,4,389,Kolkata,0,0,0
62324,0,0.6275,61,25,0,7,619,Kolkata,1,0,0
32529,7,2.4160000000000004,33,26,1,4,287,Bhopal,0,1,0
193136,11,8.8,68,36,0,2,489,Pune,0,0,1
41633,0,0.325,44,0,0,8,179,Kolkata,1,1,0
60893,5,3.96,68,21,0,2,319,Bhopal,0,0,0
75738,12,1.6280000000000001,28,3,0,1,538,Chennai,0,1,0
140818,18,5.61,33,13,0,5,306,Mumbai,0,0,0
41949,11,0.57,40,25,0,7,441,Kolkata,1,0,0
29546,0,0.8220000000000001,29,14,0,5,267,Delhi,1,1,0
79674,18,2.96,57,24,1,0,726,Delhi,0,0,1
159832,9,7.05,20,0,0,7,595,Pune,0,0,1
60059,0,0.513,19,6,1,0,512,Delhi,1,1,0
36277,10,0.5860000000000001,55,23,0,8,386,Kolkata,1,1,0
42001,0,0.45,65,5,0,7,383,Bhopal,1,0,0
158660,20,7.35,69,40,1,5,389,Bhopal,0,0,1
88887,2,0.756,41,20,0,1,667,Mumbai,0,1,0
47602,0,0.11299999999999999,46,0,1,8,260,Chennai,1,1,0
70893,7,0.547,64,27,1,7,487,Chennai,1,1,0
38829,15,2.8360000000000003,63,20,0,3,520,Delhi,0,1,0
26618,5,0.125,51,31,0,1,448,Chennai,1,0,0
97189,15,0.69,37,11,0,5,700,Bhopal,0,0,0
50251,3,2.0075,35,6,0,0,476,Jaipur,1,0,0
48471,0,0.809,31,6,1,6,498,Pune,1,1,0
59552,9,0.9800000000000001,35,16,0,0,614,Patna,0,1,0
69549,13,1.5375,19,25,0,5,238,Hyderabad,1,0,0
12446,0,0.443,18,26,0,4,46,Lucknow,1,1,0
122402,5,2.532,37,38,0,2,347,Jaipur,0,1,0
152348,10,8.63,51,37,0,5,647,Pune,0,0,1
94530,1,0.8,58,13,0,3,803,Pune,0,0,1
110221,15,3.112,58,4,1,5,718,Patna,0,1,1
123856,7,4.93,65,29,0,3,595,Hyderabad,0,0,1
47649,0,1.41,28,0,0,0,632,Patna,1,0,0
43901,0,0.654,44,6,0,4,173,Jaipur,1,1,0
33114,0,3.692,40,38,0,7,574,Kolkata,0,1,0
45632,16,0.22799999999999998,55,34,0,5,709,Kolkata,0,1,0
70769,0,0.028999999999999998,61,1,0,8,302,Kolkata,1,1,0
30563,17,1.78,20,1,0,3,501,Jaipur,0,0,0
69760,10,3.944,29,23,0,8,712,Delhi,0,1,0
16150,0,2.8600000000000003,47,27,0,7,335,Hyderabad,0,1,0
22635,0,1.5375,48,13,0,2,133,Mumbai,1,0,0
94671,1,0.47,40,31,0,5,319,Mumbai,0,0,0
72540,13,2.1975,18,22,0,3,576,Pune,1,0,0
35145,0,0.8130000000000002,58,10,1,0,172,Kolkata,1,1,0
106847,14,2.66,37,20,0,8,624,Chennai,0,1,0
146691,17,3.39,23,2,1,3,421,Pune,0,0,1
127517,13,0.284,28,5,0,4,676,Lucknow,0,1,0
27338,7,1.45,52,23,0,2,303,Patna,1,0,0
108165,3,2.8800000000000003,21,1,0,3,228,Mumbai,0,1,0
53095,5,0.235,46,15,0,8,300,Jaipur,1,0,0
106527,14,1.585,27,18,0,6,513,Kolkata,1,0,0
58385,3,0.715,68,0,0,7,512,Mumbai,1,0,0
15281,19,7.64,46,12,0,2,647,Delhi,0,0,0
95420,10,1.35,55,5,0,2,595,Bhopal,1,0,0
101806,4,0.3225,18,2,0,6,260,Pune,1,0,0
95634,0,2.108,57,13,0,7,709,Patna,0,1,0
59319,0,1.584,25,15,0,4,650,Mumbai,0,1,0
174476,0,1.8,55,9,1,0,562,Bhopal,0,0,1
62894,4,0.8420000000000001,34,11,0,2,142,Chennai,1,1,0
55509,2,0.011000000000000001,36,7,0,4,145,Lucknow,1,1,0
51465,3,1.2480000000000002,50,33,0,2,473,Mumbai,0,1,0
17516,0,0.013000000000000001,32,7,0,0,537,Lucknow,1,1,0
94425,3,0.24,62,5,0,6,628,Kolkata,1,0,0
87277,14,1.1880000000000002,48,27,0,0,601,Patna,0,1,0
66961,7,0.054000000000000006,38,9,0,5,416,Delhi,1,1,0
64753,0,0.597,20,17,0,5,106,Pune,1,1,0
147311,18,0.87,19,37,0,6,617,Kolkata,0,0,1
141945,15,7.02,52,6,0,0,358,Bhopal,0,0,0
21546,0,0.053000000000000005,58,25,0,2,257,Delhi,1,1,0
37320,1,0.059,33,0,0,8,424,Mumbai,1,1,0
49537,0,1.22,62,32,0,1,710,Pune,0,1,0
104955,16,3.5880000000000005,68,34,0,4,345,Patna,0,1,0
87769,3,2.564,67,38,0,2,204,Patna,0,1,0
71503,17,7.7,38,20,0,4,303,Mumbai,0,0,0
152710,15,1.42,29,27,0,6,302,Delhi,0,0,0
14020,0,3.3360000000000003,45,31,1,0,597,Jaipur,0,1,0
54460,8,0.032,29,15,0,2,541,Patna,0,1,0
15671,14,0.852,50,9,1,5,548,Kolkata,0,1,0
51777,0,1.54,37,14,0,6,658,Pune,1,0,0
27115,7,3.75,57,14,0,2,645,Chennai,0,0,0
35140,7,3.936,66,5,1,3,223,Patna,0,1,0
37911,1,0.3,38,32,1,5,452,Jaipur,0,0,0
42563,0,0.9990000000000001,69,30,0,4,201,Kolkata,1,1,0
26155,5,1.56,56,3,0,8,440,Jaipur,1,0,0
143335,17,5.59,58,35,1,0,763,Pune,0,0,1
16969,12,0.6,66,30,1,4,310,Mumbai,0,0,0
32314,0,0.6825,59,1,0,0,346,Kolkata,1,0,0
150542,11,9.25,53,33,0,7,632,Mumbai,0,0,1
75274,0,0.885,39,32,0,6,588,Pune,1,0,0
16396,0,2.648,43,9,0,4,194,Chennai,0,1,0
89705,2,3.9960000000000004,24,10,0,5,236,Jaipur,0,1,0
60513,1,0.263,24,5,0,3,329,Pune,1,1,0
43193,5,0.576,25,0,0,8,63,Mumbai,1,1,0
10248,0,0.6960000000000001,43,24,0,2,229,Patna,1,1,0
65583,0,0.165,41,0,0,1,10,Bhopal,1,1,0
49834,4,0.149,41,0,0,6,223,Jaipur,1,1,0
44929,0,0.45599999999999996,57,30,1,1,541,Hyderabad,1,1,0
22636,2,0.386,65,1,0,5,505,Chennai,1,1,0
106417,0,1.785,29,6,0,7,641,Kolkata,1,0,0
57788,0,0.06999999999999999,64,7,1,2,53,Bhopal,1,1,0
91230,5,3.8880000000000003,25,37,1,2,336,Lucknow,0,1,0
103009,19,0.14,26,3,0,2,704,Bhopal,0,0,0
28356,8,2.404,20,3,0,0,578,Hyderabad,0,1,0
25407,4,2.2520000000000002,38,35,0,8,582,Bhopal,0,1,0
51487,20,1.35,48,26,1,4,388,Bhopal,0,0,0
68996,7,0.3775,65,13,1,8,305,Jaipur,1,0,0
65138,17,7.93,64,21,1,4,378,Mumbai,0,0,0
122781,10,3.5520000000000005,41,16,0,6,324,Lucknow,0,1,0
119132,5,1.1320000000000001,21,33,1,0,193,Kolkata,0,1,0
24688,0,0.438,37,23,0,8,1,Chennai,1,1,0
63181,0,0.355,33,0,1,0,515,Kolkata,1,1,0
41603,0,0.073,27,24,1,3,65,Kolkata,1,1,0
115675,10,2.692,60,7,0,6,425,Chennai,0,1,0
61187,11,3.3000000000000003,43,35,0,8,609,Hyderabad,0,1,0
40335,0,1.22,46,4,0,0,411,Chennai,0,1,0
22430,16,3.9600000000000004,22,4,0,5,615,Mumbai,0,1,0
122433,1,0.30400000000000005,28,9,0,4,532,Delhi,0,1,0
173056,0,6.62,46,39,0,2,682,Delhi,0,0,1
44747,0,0.44800000000000006,62,0,1,1,59,Pune,1,1,0
12718,4,1.1175,32,3,0,0,589,Pune,1,0,0
18253,1,0.458,23,21,0,1,410,Hyderabad,1,1,0
65124,0,0.6475,65,16,0,3,202,Kolkata,1,0,0
106053,16,2.8640000000000003,32,27,0,5,253,Pune,0,1,0
13457,11,2.888,60,12,0,4,490,Jaipur,0,1,0
126279,12,2.82,37,21,0,3,753,Patna,0,0,1
173280,12,8.35,51,17,0,7,325,Lucknow,0,0,1
133516,16,3.17,19,26,0,6,725,Hyderabad,0,0,1
185954,6,7.25,61,7,1,3,676,Jaipur,0,0,1
171995,7,1.21,33,5,0,4,542,Delhi,0,0,0
129044,12,1.69,36,10,0,4,622,Bhopal,0,0,0
15788,5,0.31600000000000006,51,20,0,2,179,Mumbai,1,1,0
53431,0,2.3760000000000003,66,40,1,8,445,Hyderabad,0,1,0
10512,1,1.615,31,0,0,4,669,Lucknow,1,0,0
33358,11,1.584,41,6,0,1,559,Lucknow,0,1,0
57393,16,0.31200000000000006,45,21,0,3,256,Patna,0,1,0
61408,3,0.935,65,0,0,3,643,Patna,1,0,0
74297,7,2.7560000000000002,49,31,0,4,228,Pune,0,1,0
111473,7,2.684,54,18,0,7,433,Bhopal,0,1,0
18024,0,0.4,27,24,0,4,499,Patna,1,0,0
118754,15,0.08,66,0,1,0,548,Delhi,0,0,1
6689,0,0.7530000000000001,62,32,0,1,71,Chennai,1,1,0
95835,4,0.42400000000000004,65,40,0,2,626,Hyderabad,0,1,0
130142,11,0.82,26,7,0,2,805,Delhi,0,0,1
58704,0,0.0075,41,23,0,5,372,Bhopal,1,0,0
43500,15,1.7320000000000002,53,29,0,8,478,Jaipur,0,1,0
6694,0,0.503,46,19,1,0,59,Patna,1,1,0
104152,4,6.38,46,40,0,5,656,Pune,0,0,1
42723,1,2.96,65,31,1,8,456,Jaipur,0,0,0
50753,3,0.71,40,16,0,3,341,Pune,1,1,0
115494,1,1.69,44,33,1,2,501,Hyderabad,0,0,0
85349,6,2.08,48,24,0,5,154,Mumbai,1,0,0
32917,2,2.288,60,12,0,5,714,Patna,0,1,0
97567,3,1.46,24,16,0,1,575,Jaipur,1,0,0
65392,6,0.525,66,31,0,4,284,Kolkata,1,0,0
85249,9,0.185,62,30,0,0,147,Chennai,1,0,0
59774,7,1.1625,21,1,0,8,491,Pune,1,0,0
111546,10,6.16,31,30,1,8,613,Mumbai,0,0,1
92683,3,0.2375,59,2,1,2,403,Chennai,1,0,0
61732,1,3.8040000000000003,59,24,0,4,477,Lucknow,0,1,0
78449,3,9.8,27,33,1,2,774,Delhi,0,0,1
124834,20,5.45,61,19,1,6,648,Mumbai,0,0,1
14491,0,0.9500000000000001,51,0,0,0,444,Chennai,1,1,0
33095,0,0.17900000000000002,43,24,0,4,206,Patna,1,1,0
79639,4,0.1,40,34,0,5,596,Lucknow,0,1,0
37612,7,0.39,26,28,0,6,738,Kolkata,0,0,0
13956,0,2.352,54,11,0,2,344,Bhopal,0,1,0
64958,8,0.062,25,0,0,6,419,Bhopal,1,1,0
16569,0,0.9590000000000001,70,3,0,3,370,Delhi,1,1,0
8897,4,0.355,31,20,0,5,385,Pune,1,0,0
98040,10,1.22,24,34,1,4,458,Delhi,0,1,0
26278,0,2.0575,24,11,0,3,601,Lucknow,1,0,0
20149,8,0.5475,26,28,0,5,636,Kolkata,1,0,0
34637,0,0.24300000000000002,20,0,0,2,81,Bhopal,1,1,0
37703,12,1.605,31,7,0,2,238,Bhopal,1,0,0
157628,18,2.76,34,29,1,4,602,Hyderabad,0,0,1
173670,9,2.17,67,8,1,4,514,Jaipur,0,0,1
157635,11,2.54,61,9,1,8,327,Lucknow,0,0,0
61819,3,4.91,39,12,0,3,797,Lucknow,0,0,0
31734,7,0.9660000000000001,63,11,0,4,536,Pune,1,1,0
173038,15,8.32,43,28,1,8,818,Lucknow,0,0,1
173059,7,2.85,45,3,0,3,493,Hyderabad,0,0,0
93714,3,3.63,62,27,0,2,741,Kolkata,0,0,1
39596,11,4.65,31,36,1,6,335,Mumbai,0,0,0
116509,0,3.916,26,12,0,6,437,Bhopal,0,1,0
28280,0,0.17200000000000001,68,0,0,7,112,Lucknow,1,1,0
74182,4,3.57,43,36,0,3,593,Jaipur,0,0,0
56189,0,1.8225,19,10,0,3,133,Lucknow,1,0,0
19415,0,0.9640000000000001,28,19,0,8,139,Chennai,1,1,0
39098,14,0.39,34,10,0,6,490,Jaipur,1,0,0
143803,17,2.27,51,16,1,2,726,Patna,0,0,1
100735,6,0.9039999999999999,36,17,0,8,276,Lucknow,0,1,0
18558,0,0.021,56,9,1,4,487,Lucknow,1,1,0
125350,1,6.04,35,22,1,3,641,Pune,0,0,1
21585,0,0.671,30,31,1,0,491,Chennai,1,1,0
101047,7,1.5075,22,0,0,8,619,Mumbai,1,0,0
192953,3,0.71,67,28,0,5,731,Lucknow,0,0,1
61413,8,0.69,40,28,1,1,488,Kolkata,0,0,0
83646,6,0.525,41,0,0,6,201,Mumbai,1,0,0
127521,13,1.16,46,16,0,2,359,Bhopal,0,1,0
7918,4,0.787,65,22,1,5,414,Mumbai,1,1,0
25995,0,0.15900000000000003,64,19,0,7,104,Jaipur,1,1,0
108747,15,0.44,25,38,1,2,680,Kolkata,0,0,1
65225,1,0.394,43,21,0,4,328,Hyderabad,1,1,0
188724,19,4.16,32,34,1,5,548,Pune,0,0,1
103700,0,1.804,18,19,0,0,251,Kolkata,0,1,0
97395,0,2.0675,45,7,1,6,252,Bhopal,1,0,0
136999,9,0.98,66,33,1,3,539,Chennai,0,0,1
46400,0,0.7040000000000001,64,5,0,6,77,Hyderabad,1,1,0
123177,6,3.38,63,25,0,6,760,Bhopal,0,0,1
15008,10,0.775,31,11,0,4,244,Bhopal,1,0,0
68299,5,0.933,59,15,0,7,10,Patna,1,1,0
67806,0,0.248,51,9,0,7,467,Pune,1,1,0
169243,13,6.43,48,8,0,4,706,Delhi,0,0,1
55750,3,0.6875,23,10,0,4,146,Patna,1,0,0
70957,0,1.2675,66,11,0,6,326,Hyderabad,1,0,0
104616,10,1.965,22,21,0,5,341,Mumbai,1,0,0
126610,1,3.5280000000000005,48,25,1,3,491,Delhi,0,1,0
62850,0,0.8390000000000001,54,22,0,1,381,Jaipur,1,1,0
48173,10,1.455,32,26,0,7,434,Delhi,1,0,0
43255,2,0.6225,32,0,0,2,327,Patna,1,0,0
18654,3,6.61,69,39,0,1,595,Patna,0,0,0
18558,0,1.775,60,20,0,6,521,Patna,1,0,0
41189,0,0.044000000000000004,22,5,0,5,614,Lucknow,0,1,0
99133,12,1.756,45,0,0,7,301,Lucknow,0,1,0
87577,3,3.372,50,23,0,5,285,Delhi,0,1,0
110943,10,1.9600000000000002,28,37,0,6,215,Patna,0,1,0
134891,14,3.11,60,33,1,1,849,Pune,0,0,1
67634,1,2.18,23,0,0,1,191,Chennai,1,0,0
14931,9,0.39,40,2,0,5,286,Mumbai,1,0,0
74816,14,0.8240000000000001,57,10,1,8,400,Pune,0,1,0
48222,6,2.748,19,35,1,2,255,Pune,0,1,0
59969,0,0.35200000000000004,32,11,0,7,210,Mumbai,1,1,0
30756,6,0.7130000000000001,40,7,0,4,227,Jaipur,1,1,0
31717,9,0.395,39,0,0,5,572,Lucknow,1,0,0
159745,14,2.52,26,23,1,5,786,Delhi,0,0,1
36895,2,0.15700000000000003,64,21,0,2,473,Chennai,1,1,0
60682,4,0.953,57,21,0,4,489,Kolkata,1,1,0
180140,3,4.05,47,38,0,0,675,Mumbai,0,0,1
155507,15,3.37,33,36,1,1,530,Patna,0,0,1
109076,5,0.035,63,24,0,2,344,Pune,1,0,0
28811,0,0.3825,64,11,0,3,594,Kolkata,1,0,0
96929,2,4.21,69,21,1,8,379,Mumbai,0,0,0
51107,6,0.06899999999999999,47,32,0,0,209,Delhi,1,1,0
50134,11,1.2775,62,12,0,2,416,Bhopal,1,0,0
49713,11,1.1375,26,28,0,2,291,Mumbai,1,0,0
16588,6,0.767,18,18,1,5,88,Kolkata,1,1,0
73976,5,1.65,55,29,0,4,345,Patna,1,0,0
142834,20,4.46,25,34,1,2,442,Pune,0,0,1
17547,0,0.225,69,29,1,3,53,Mumbai,1,1,0
44916,1,0.727,35,31,0,6,195,Patna,1,1,0
78072,16,2.8320000000000003,44,5,0,2,668,Hyderabad,0,1,0
65251,9,0.15300000000000002,35,23,1,8,297,Mumbai,1,1,0
54804,4,0.915,49,7,0,7,429,Jaipur,1,1,0
115688,11,0.256,66,27,0,1,716,Lucknow,0,1,1
51041,4,0.55,49,15,0,4,799,Jaipur,0,0,0
57156,14,0.4675,70,18,0,3,325,Kolkata,1,0,0
80681,14,9.09,65,2,1,4,436,Delhi,0,0,0
53114,10,1.3,62,12,0,2,527,Mumbai,1,0,0
50963,7,0.788,53,29,0,0,278,Patna,1,1,0
26754,0,0.9119999999999999,53,37,0,7,624,Patna,0,1,0
21211,8,1.9600000000000002,38,29,0,8,450,Jaipur,0,1,0
17607,12,0.895,63,13,0,7,560,Bhopal,1,0,0
34152,2,0.828,49,10,0,3,227,Chennai,1,1,0
35257,11,0.0575,48,22,1,1,246,Lucknow,1,0,0
122000,9,0.976,54,19,0,3,449,Hyderabad,0,1,0
92231,3,1.53,33,18,1,8,786,Kolkata,0,0,1
29810,0,0.859,63,0,1,8,547,Lucknow,1,1,0
11087,9,0.46799999999999997,63,31,0,4,154,Lucknow,1,1,0
59167,13,1.01,31,30,0,4,138,Patna,1,0,0
64287,8,0.44900000000000007,41,18,0,2,424,Hyderabad,1,1,0
19801,2,0.9720000000000001,42,0,0,5,57,Chennai,1,1,0
21291,5,2.125,63,18,0,6,542,Delhi,1,0,0
58661,0,1.765,68,6,0,8,667,Bhopal,1,0,0
26094,1,0.29,52,3,0,6,101,Kolkata,1,1,0
61948,10,0.165,34,5,0,2,75,Mumbai,1,1,0
14573,0,3.6840000000000006,63,6,0,6,245,Pune,0,1,0
21272,0,1.6920000000000002,59,16,1,0,330,Kolkata,0,1,0
45551,0,0.279,62,17,0,1,436,Delhi,1,1,0
6919,0,0.47100000000000003,21,28,0,3,67,Lucknow,1,1,0
80108,9,9.18,28,19,1,6,534,Kolkata,0,0,0
70861,5,1.548,64,9,0,8,277,Bhopal,0,1,0
139457,8,5.63,32,18,0,4,308,Hyderabad,0,0,0
178189,12,8.03,47,17,1,7,803,Bhopal,0,0,1
16770,0,0.427,41,21,1,6,489,Delhi,1,1,0
78038,0,0.585,19,21,0,4,546,Bhopal,1,0,0
45990,5,3.98,60,24,0,2,406,Pune,0,1,0
68665,3,2.3925,51,15,0,2,136,Delhi,1,0,0
62720,0,0.843,40,1,0,5,227,Hyderabad,1,1,0
108665,12,1.72,48,0,0,3,357,Hyderabad,1,0,0
34753,16,1.1800000000000002,54,37,0,2,560,Lucknow,0,1,0
163697,7,9.13,30,31,1,3,686,Lucknow,0,0,1
26891,0,0.69,50,26,0,2,373,Delhi,1,0,0
91329,16,8.01,24,36,0,5,607,Hyderabad,0,0,1
46007,6,9.18,49,6,0,6,613,Delhi,0,0,0
185604,13,6.03,24,6,1,3,600,Lucknow,0,0,1
38089,14,2.0075,59,18,0,2,237,Hyderabad,1,0,0
9767,10,0.792,55,1,1,2,49,Hyderabad,1,1,0
45164,6,0.193,69,24,0,2,180,Pune,1,1,0
127356,8,6.68,61,6,0,8,842,Jaipur,0,0,1
125944,16,0.93,30,5,0,2,626,Mumbai,0,0,1
88155,0,1.27,41,0,0,2,622,Mumbai,1,0,0
20446,15,0.6480000000000001,45,12,0,7,675,Patna,0,1,0
46367,7,4.16,49,12,0,3,545,Hyderabad,0,0,0
69624,5,8.33,60,1,1,6,842,Delhi,0,0,1
156178,10,9.87,35,18,1,2,401,Patna,0,0,1
29675,8,0.31800000000000006,51,10,0,7,229,Pune,1,1,0
77509,0,1.33,65,29,1,2,507,Lucknow,1,0,0
84756,13,2.044,51,1,0,4,390,Patna,0,1,0
72320,0,2.385,68,17,0,0,549,Jaipur,1,0,0
47982,6,1.1975,55,0,0,4,458,Jaipur,1,0,0
28354,3,0.6990000000000001,18,11,0,5,183,Jaipur,1,1,0
25756,0,9.22,60,22,1,6,355,Bhopal,0,0,0
28257,4,0.9325,67,6,0,1,401,Lucknow,1,0,0
150327,16,9.02,59,5,1,1,427,Pune,0,0,1
57398,0,0.917,48,19,0,8,507,Patna,1,1,0
50300,1,0.931,67,26,0,0,215,Mumbai,1,1,0
39351,3,0.675,18,2,1,1,209,Patna,1,0,0
99316,0,1.0,68,0,0,1,433,Jaipur,1,0,0
57716,0,3.48,33,23,0,6,412,Patna,0,1,0
21490,0,0.359,56,12,1,5,246,Pune,1,1,0
48987,14,1.5,32,27,0,8,561,Kolkata,1,0,0
83226,9,0.295,50,0,0,6,254,Patna,1,0,0
90900,7,0.14,40,0,0,2,121,Pune,1,0,0
50243,9,0.41200000000000003,70,20,0,2,160,Hyderabad,1,1,0
16045,15,2.3160000000000003,58,15,0,0,319,Mumbai,0,1,0
44435,1,1.572,51,5,1,7,483,Jaipur,0,1,0
73152,0,2.3120000000000003,34,13,0,0,639,Hyderabad,0,1,0
146733,20,5.15,42,1,1,1,424,Patna,0,0,1
68251,7,0.686,59,16,0,6,346,Pune,1,1,0
71937,10,2.6,23,30,0,0,503,Jaipur,0,1,0
37588,1,1.6960000000000002,48,12,0,3,586,Patna,0,1,0
34982,12,1.0625,22,9,0,8,588,Kolkata,1,0,0
25526,0,1.41,57,16,1,7,463,Pune,0,0,0
83910,0,5.13,57,27,1,7,539,Bhopal,0,0,0
22325,6,1.4675,47,3,0,2,332,Delhi,1,0,0
28588,0,1.904,22,34,0,4,328,Delhi,0,1,0
9884,5,1.304,29,21,0,3,282,Patna,0,1,0
103733,20,7.22,24,38,1,7,482,Kolkata,0,0,1
139982,2,0.75,62,0,0,6,804,Patna,0,0,1
45990,2,2.285,30,28,0,6,644,Chennai,1,0,0
114010,3,0.084,66,20,0,6,559,Pune,0,1,0
21978,0,0.962,21,0,0,0,23,Patna,1,1,0
59407,2,0.462,67,0,0,6,132,Bhopal,1,1,0
66481,0,0.41300000000000003,59,23,0,3,49,Delhi,1,1,0
86254,6,0.64,20,0,1,2,145,Pune,1,0,0
96437,19,0.1,29,12,1,4,310,Pune,0,0,0
73801,15,1.1,18,16,0,1,281,Mumbai,0,1,0
57188,7,0.43600000000000005,44,11,0,7,190,Pune,0,1,0
64760,6,1.65,60,0,0,8,231,Bhopal,1,0,0
34777,0,0.7975,67,0,0,4,286,Patna,1,0,0
24365,14,1.9175,30,17,0,2,526,Lucknow,1,0,0
121806,11,0.828,34,30,0,6,224,Mumbai,0,1,0
33752,5,9.0,25,35,0,0,658,Jaipur,0,0,0
73743,14,2.092,49,25,0,2,464,Patna,0,1,0
159467,20,1.15,37,2,0,8,699,Delhi,0,0,1
88554,8,1.604,68,27,1,1,630,Patna,0,1,1
71273,16,2.07,34,16,1,8,743,Patna,0,0,1
58782,2,0.5,51,29,0,0,507,Chennai,1,0,0
10942,10,1.265,52,21,0,3,475,Jaipur,1,0,0
134968,1,6.72,52,1,0,5,724,Hyderabad,0,0,1
71885,12,2.28,55,0,0,6,125,Delhi,1,0,0
91559,18,5.02,59,13,1,2,740,Jaipur,0,0,1
9187,0,0.9660000000000001,41,28,1,8,355,Mumbai,1,1,0
24715,9,9.42,35,34,0,3,567,Hyderabad,0,0,0
22209,5,3.4600000000000004,67,38,0,4,396,Mumbai,0,1,0
133413,19,5.0,63,10,0,7,363,Chennai,0,0,1
89229,2,0.3525,65,6,1,2,561,Mumbai,1,0,0
134264,16,2.18,56,1,1,7,840,Kolkata,0,0,1
11430,8,1.62,50,28,0,0,394,Kolkata,1,0,0
90662,0,1.688,66,31,0,7,649,Patna,0,1,0
27821,0,0.3675,40,31,0,7,335,Delhi,1,0,0
25125,12,1.1975,42,4,0,5,313,Bhopal,1,0,0
193936,16,0.17,54,16,0,4,312,Pune,0,0,1
94244,0,2.936,44,14,1,8,401,Bhopal,0,1,0
64620,2,0.296,18,32,0,5,575,Jaipur,0,1,0
78545,11,1.5725,38,7,0,0,389,Mumbai,1,0,0
53067,20,7.93,66,12,0,5,597,Lucknow,0,0,1
188757,6,1.33,27,21,0,0,731,Patna,0,0,1
18190,10,1.2975,48,14,0,5,527,Hyderabad,1,0,0
18244,0,0.779,61,27,0,2,64,Lucknow,1,1,0
37670,0,0.261,42,1,0,5,37,Pune,1,1,0
63935,3,0.652,37,16,0,5,207,Kolkata,0,1,0
68586,8,1.348,19,29,0,0,468,Bhopal,0,1,0
52292,0,2.22,65,12,0,8,416,Jaipur,0,1,0
16498,1,2.3000000000000003,32,29,0,7,305,Pune,0,1,0
82779,0,0.3275,45,21,0,1,503,Lucknow,1,0,0
42310,5,1.145,30,0,1,1,445,Chennai,1,0,0
62625,0,0.67,67,1,0,4,204,Hyderabad,1,0,0
102960,4,3.3680000000000003,69,34,0,1,425,Kolkata,0,1,0
22092,0,0.785,31,0,1,0,507,Kolkata,1,0,0
66604,14,3.3560000000000003,67,29,0,1,445,Bhopal,0,1,0
27276,7,1.0725,19,10,0,4,324,Jaipur,1,0,0
21461,0,0.727,51,30,0,6,227,Delhi,1,1,0
78133,17,5.1,52,36,0,4,539,Mumbai,0,0,0
48873,3,1.555,54,0,1,0,192,Hyderabad,1,0,0
70914,8,0.395,42,16,1,6,387,Jaipur,1,1,0
46750,11,7.68,65,33,0,5,677,Lucknow,0,0,0
19826,7,0.42500000000000004,32,13,0,6,211,Hyderabad,1,1,0
93222,16,4.57,29,37,1,1,470,Chennai,0,0,1
69861,4,1.295,26,5,0,4,271,Pune,1,0,0
21574,0,2.08,48,30,0,7,223,Pune,1,0,0
21721,16,6.59,31,1,1,6,521,Patna,0,0,0
35609,0,3.49,46,31,1,5,581,Lucknow,0,0,0
128831,10,2.68,70,2,0,5,567,Mumbai,0,1,0
52020,0,0.642,65,32,0,0,371,Kolkata,1,1,0
42617,4,0.931,60,0,1,0,128,Kolkata,1,1,0
194967,2,8.41,55,25,1,6,703,Bhopal,0,0,1
98623,14,2.588,59,31,1,2,399,Patna,0,1,0
90912,8,1.368,25,10,0,5,352,Chennai,0,1,0
89520,11,7.8,65,0,1,4,771,Mumbai,0,0,1
43619,13,1.4375,20,6,0,2,572,Hyderabad,1,0,0
24741,0,2.4625,19,0,0,5,621,Kolkata,1,0,0
87065,16,0.992,33,3,1,2,231,Hyderabad,0,1,0
13585,12,0.32000000000000006,36,27,1,7,273,Jaipur,0,1,0
97693,6,0.175,47,1,0,6,140,Delhi,1,0,0
16464,0,0.6400000000000001,58,2,1,8,105,Chennai,1,1,0
65692,0,0.9390000000000001,33,14,1,4,199,Lucknow,1,1,0
57481,4,0.002,48,0,0,0,351,Hyderabad,1,1,0
46152,0,0.726,45,30,0,7,280,Bhopal,1,1,0
14375,11,1.6425,21,30,0,1,401,Pune,1,0,0
181370,15,7.32,27,16,1,5,838,Bhopal,0,0,1
197184,13,3.55,68,21,1,0,544,Mumbai,0,0,1
13737,7,0.82,62,18,1,5,428,Chennai,1,1,0
65200,6,0.45,35,15,0,3,337,Bhopal,0,0,0
194316,16,7.55,64,15,1,4,718,Hyderabad,0,0,1
41565,7,0.267,49,31,0,6,301,Patna,1,1,0
17790,5,1.1925,47,0,0,5,190,Bhopal,1,0,0
105944,3,3.2920000000000003,53,32,0,0,704,Kolkata,0,1,1
25752,0,0.6775,26,0,0,8,293,Jaipur,1,0,0
68901,0,0.18500000000000003,53,30,0,5,89,Pune,1,1,0
55108,3,6.81,46,26,0,5,667,Kolkata,0,0,0
143955,17,5.33,33,14,0,8,506,Hyderabad,0,0,1
22967,5,5.14,45,6,1,4,361,Patna,0,0,0
44944,0,0.257,38,0,1,5,318,Chennai,1,1,0
17466,4,0.13999999999999999,64,40,0,5,730,Delhi,0,1,0
98826,7,1.025,19,0,0,6,179,Lucknow,1,0,0
15436,0,0.10700000000000001,63,3,0,8,104,Patna,1,1,0
128869,14,3.6240000000000006,52,29,0,4,418,Bhopal,0,1,0
45564,0,0.164,45,19,0,4,641,Chennai,0,1,0
27644,11,1.08,53,11,0,3,246,Chennai,1,0,0
51267,0,0.13,48,18,0,3,202,Jaipur,1,0,0
72823,7,0.24,50,11,0,7,339,Mumbai,1,0,0
58751,0,0.659,40,0,1,1,407,Jaipur,1,1,0
101269,6,6.47,58,39,1,7,729,Pune,0,0,1
75545,19,0.33,34,39,1,1,812,Lucknow,0,0,1
54922,11,0.01,63,29,0,0,378,Hyderabad,0,0,0
57913,1,0.79,66,7,0,8,364,Hyderabad,0,0,0
61618,4,1.9075,18,0,0,7,302,Delhi,1,0,0
65885,7,1.4625,59,5,0,5,185,Lucknow,1,0,0
127343,11,0.15200000000000002,40,9,0,3,387,Chennai,0,1,0
192404,19,4.88,65,17,1,1,353,Kolkata,0,0,1
74174,0,1.78,44,9,0,7,340,Mumbai,1,0,0
94107,0,2.1725,42,7,1,2,355,Delhi,1,0,0
65750,4,0.934,49,0,1,3,437,Patna,1,1,0
59936,0,3.27,36,30,0,4,402,Chennai,0,0,0
114312,2,0.544,41,36,0,3,615,Patna,0,1,0
70213,1,0.23700000000000002,20,11,1,7,420,Hyderabad,1,1,0
28041,5,3.104,29,22,0,8,287,Delhi,0,1,0
85330,0,2.4275,52,23,1,0,643,Chennai,1,0,0
99110,7,1.864,32,16,0,1,622,Pune,0,1,0
61797,11,0.7625,34,4,0,3,625,Chennai,1,0,0
138279,9,4.29,67,12,1,0,703,Kolkata,0,0,1
60546,0,0.305,49,8,0,5,342,Kolkata,1,1,0
36769,7,1.024,24,14,0,4,506,Delhi,0,1,0
61896,0,1.485,36,17,0,6,333,Jaipur,1,0,0
34018,11,0.04,24,19,0,5,441,Lucknow,1,0,0
24961,0,0.26,22,21,0,2,77,Lucknow,1,1,0
21071,3,1.6525,57,26,0,4,174,Jaipur,1,0,0
189180,14,0.32,38,21,1,2,370,Lucknow,0,0,1
64436,1,0.083,65,1,0,8,67,Chennai,1,1,0
103318,10,0.7325,65,2,0,1,299,Pune,1,0,0
62547,0,2.195,68,29,0,5,499,Lucknow,1,0,0
27411,6,7.65,64,32,0,8,749,Patna,0,0,1
39604,2,0.055,24,0,1,6,380,Pune,1,0,0
104971,14,2.008,54,36,1,4,626,Patna,0,1,1
103697,0,0.6875,40,0,0,1,250,Mumbai,1,0,0
16935,0,0.649,28,3,0,1,233,Jaipur,1,1,0
25747,0,0.722,27,0,0,3,153,Lucknow,1,1,0
47425,11,2.1575,38,0,0,1,449,Mumbai,1,0,0
114071,5,4.75,58,0,1,7,352,Patna,0,0,0
197268,12,9.94,50,22,1,6,767,Bhopal,0,0,1
61475,12,2.45,37,16,0,6,532,Pune,1,0,0
14912,0,0.8820000000000001,50,9,0,2,13,Bhopal,1,1,0
23432,5,1.4375,57,0,0,6,615,Chennai,1,0,0
74654,10,1.592,52,2,0,7,696,Mumbai,0,1,0
25395,7,0.91,51,20,0,4,487,Lucknow,1,0,0
156028,5,0.12,53,9,0,0,838,Pune,0,0,1
59392,13,0.9960000000000001,44,4,0,0,631,Pune,0,1,0
30119,0,0.7190000000000001,36,25,0,3,540,Bhopal,1,1,0
55261,13,2.4160000000000004,60,7,0,1,694,Hyderabad,0,1,0
27898,0,0.916,22,5,0,6,480,Bhopal,1,1,0
68131,0,0.2,46,39,0,2,593,Patna,0,1,0
11851,3,0.3875,27,0,1,3,347,Mumbai,1,0,0
47182,8,0.789,57,0,0,8,136,Patna,1,1,0
60505,0,0.359,30,24,0,1,239,Lucknow,1,1,0
21462,5,0.295,46,31,0,7,591,Pune,1,0,0
66713,9,2.49,22,2,0,0,637,Lucknow,1,0,0
54201,6,0.787,29,15,0,2,460,Chennai,1,1,0
75428,6,4.09,30,9,1,3,604,Kolkata,0,0,0
168812,12,8.23,39,22,0,5,480,Lucknow,0,0,1
74353,1,6.81,57,15,0,0,329,Mumbai,0,0,0
70472,0,1.975,32,28,0,7,159,Mumbai,1,0,0
17078,3,2.0375,30,7,0,1,306,Delhi,1,0,0
63628,0,0.2125,18,22,0,4,438,Delhi,1,0,0
69050,6,0.6230000000000001,55,0,0,5,226,Delhi,1,1,0
71318,9,0.007000000000000001,60,21,0,7,323,Jaipur,1,1,0
80708,0,0.1075,62,28,0,2,162,Pune,1,0,0
9855,14,3.6159999999999997,70,0,0,8,457,Patna,0,1,0
20171,0,0.528,69,16,0,4,318,Bhopal,1,1,0
109898,3,1.84,18,12,0,7,293,Pune,1,0,0
86188,2,2.0975,28,26,1,3,160,Delhi,1,0,0
82978,6,2.375,60,29,0,8,528,Bhopal,1,0,0
20581,12,2.1725,57,0,0,7,442,Jaipur,1,0,0
88123,16,1.9320000000000002,39,11,0,4,359,Bhopal,0,1,0
24365,0,0.84,52,0,0,2,278,Mumbai,1,0,0
37494,0,0.15400000000000003,68,0,1,0,36,Patna,1,1,0
25749,2,4.0,61,8,1,4,705,Bhopal,0,0,0
77435,0,1.4640000000000002,23,34,1,4,718,Jaipur,0,1,0
94156,0,1.4,45,0,0,3,495,Delhi,1,0,0
143563,4,6.66,48,9,0,7,555,Delhi,0,0,1
52487,7,9.78,25,38,1,2,577,Patna,0,0,0
98688,9,1.82,22,27,0,8,368,Pune,1,0,0
23544,0,2.5760000000000005,59,36,0,2,196,Lucknow,0,1,0
48361,5,0.8375,65,26,1,3,487,Kolkata,1,0,0
104083,3,0.13999999999999999,61,16,1,5,304,Patna,0,1,0
15508,2,0.288,34,4,0,8,311,Pune,1,1,0
22569,0,1.92,55,0,0,1,331,Patna,1,0,0
45620,13,2.05,26,36,0,1,771,Chennai,0,0,0
107866,9,2.8480000000000003,27,31,1,1,594,Mumbai,0,1,1
72798,6,1.45,37,2,0,4,619,Mumbai,1,0,0
24435,0,0.17200000000000001,31,8,0,5,180,Pune,1,1,0
176983,16,2.62,31,4,0,2,688,Kolkata,0,0,1
98370,0,1.24,43,0,0,2,306,Mumbai,1,0,0
18191,7,4.18,46,9,0,1,767,Pune,0,0,0
116500,12,3.116,66,32,0,5,636,Patna,0,1,1
105536,2,7.34,44,29,0,0,433,Hyderabad,0,0,0
42747,6,0.5750000000000001,42,12,0,8,174,Bhopal,1,1,0
107687,2,2.055,33,8,0,3,380,Hyderabad,1,0,0
12110,0,2.2520000000000002,53,26,1,1,496,Hyderabad,0,1,0
152244,12,9.64,51,2,1,5,568,Bhopal,0,0,1
20406,9,0.217,33,20,1,4,469,Hyderabad,1,1,0
57944,0,1.785,50,0,0,2,343,Kolkata,1,0,0
59471,9,0.37000000000000005,20,20,0,2,251,Bhopal,1,1,0
28386,6,1.116,40,35,0,4,243,Mumbai,0,1,0
89577,10,0.7200000000000001,28,33,0,3,643,Hyderabad,0,1,0
70606,0,0.553,65,28,0,4,123,Hyderabad,1,1,0
92777,0,0.86,35,0,0,1,417,Chennai,0,1,0
113538,0,0.8,64,25,1,0,254,Jaipur,0,1,0
36519,5,2.4775,58,0,0,4,561,Lucknow,1,0,0
169544,4,8.02,61,3,0,0,799,Chennai,0,0,1
107416,13,1.87,46,30,0,2,641,Pune,1,0,1
7900,0,0.794,67,5,0,7,267,Delhi,1,1,0
94326,0,2.4225,22,9,0,7,606,Chennai,1,0,0
25558,2,0.5730000000000001,41,25,0,8,49,Bhopal,1,1,0
72619,4,0.8800000000000001,46,0,0,0,238,Chennai,0,1,0
106565,14,2.155,46,13,0,3,573,Bhopal,1,0,0
24811,6,1.8575,43,7,0,5,191,Hyderabad,1,0,0
43414,5,1.035,57,13,0,6,309,Jaipur,1,0,0
109645,8,1.8960000000000001,20,15,0,4,335,Lucknow,0,1,0
188063,9,4.11,19,27,1,6,384,Jaipur,0,0,0
49348,0,3.7200000000000006,42,27,0,7,248,Bhopal,0,1,0
51044,3,1.3760000000000001,36,21,0,5,564,Lucknow,0,1,0
65170,5,0.9630000000000001,57,0,0,3,372,Patna,1,1,0
22788,12,9.1,19,24,1,0,354,Delhi,0,0,0
43082,2,6.31,36,1,1,4,384,Chennai,0,0,0
138287,2,5.8,18,6,1,3,616,Chennai,0,0,1
57513,0,0.925,44,8,0,4,283,Chennai,1,0,0
41475,0,0.018,62,26,0,3,251,Kolkata,1,1,0
35244,0,0.128,69,11,1,8,151,Delhi,1,1,0
58130,10,0.754,66,0,0,2,335,Mumbai,1,1,0
67171,5,1.888,52,6,0,2,547,Pune,0,1,0
109439,9,1.5,58,31,0,6,399,Jaipur,0,0,0
190929,19,2.64,22,18,1,1,419,Hyderabad,0,0,1
101539,0,3.7920000000000003,55,11,0,8,564,Mumbai,0,1,0
130053,2,3.67,21,8,0,7,602,Hyderabad,0,0,0
22649,0,0.908,34,18,1,5,148,Lucknow,1,1,0
101359,6,1.22,70,13,0,8,380,Hyderabad,0,1,0
77234,6,1.3575,38,0,0,2,122,Kolkata,1,0,0
28251,0,0.020000000000000004,70,12,1,3,399,Lucknow,1,1,0
95815,6,1.305,65,0,0,6,187,Delhi,1,0,0
107601,1,6.37,48,20,1,0,453,Bhopal,0,0,0
29221,1,0.9359999999999999,65,21,0,0,673,Lucknow,0,1,0
65888,2,1.4475,39,0,1,0,301,Lucknow,1,0,0
139917,19,6.47,28,16,1,7,824,Mumbai,0,0,1
91846,0,2.748,51,18,0,5,368,Patna,0,1,0
151511,17,7.76,66,39,1,2,319,Hyderabad,0,0,1
193313,15,3.11,32,23,0,6,582,Bhopal,0,0,1
31643,5,1.42,67,11,0,5,129,Delhi,1,0,0
174342,6,9.82,27,37,0,4,830,Delhi,0,0,1
93815,6,8.98,55,11,0,2,602,Pune,0,0,0
54279,16,9.53,49,24,0,3,540,Mumbai,0,0,0
44610,2,0.386,70,14,0,0,151,Delhi,1,1,0
93478,4,1.9675,65,25,0,8,456,Patna,1,0,0
106406,1,2.4800000000000004,48,31,0,4,367,Bhopal,0,1,0
49440,9,0.332,54,23,0,1,643,Kolkata,0,1,0
92882,1,3.2960000000000003,61,24,0,8,356,Mumbai,0,1,0
117790,1,2.708,45,2,0,6,356,Pune,0,1,0
70868,0,0.199,48,16,0,7,414,Jaipur,1,1,0
70445,9,0.08000000000000002,23,19,0,2,309,Bhopal,1,1,0
61963,8,2.0925,31,3,0,6,121,Lucknow,1,0,0
84178,10,0.1975,40,17,0,0,436,Lucknow,1,0,0
61582,0,0.09100000000000001,33,0,0,5,508,Delhi,1,1,0
67449,0,0.427,42,0,0,5,367,Chennai,1,1,0
89867,12,0.54,56,10,0,5,405,Chennai,0,1,0
55662,13,2.285,19,26,1,2,599,Lucknow,1,0,0
12050,0,1.175,55,18,0,5,182,Mumbai,1,0,0
22113,7,0.5690000000000001,58,32,0,2,279,Patna,1,1,0
32476,10,3.7119999999999997,56,37,0,8,193,Lucknow,0,1,0
61239,0,0.53,51,10,0,6,27,Hyderabad,1,1,0
54357,0,0.35400000000000004,68,23,0,3,141,Delhi,1,1,0
11494,7,0.797,57,19,1,2,472,Mumbai,1,1,0
26728,0,0.443,60,27,0,5,523,Jaipur,1,1,0
123212,20,3.18,42,17,0,8,483,Mumbai,0,0,1
54071,4,7.23,53,9,0,2,616,Mumbai,0,0,0
127990,18,8.02,33,31,0,7,660,Pune,0,0,1
30215,0,0.792,35,9,0,5,444,Lucknow,1,1,0
24503,14,9.78,30,11,0,3,595,Kolkata,0,0,0
110457,9,7.87,54,7,0,4,703,Jaipur,0,0,1
105935,11,3.08,44,32,0,2,442,Chennai,0,1,0
39544,7,3.4280000000000004,51,37,0,1,556,Kolkata,0,1,0
91130,13,0.0,28,13,0,8,247,Kolkata,0,1,0
37354,0,0.36200000000000004,18,0,0,2,470,Kolkata,1,1,0
14945,5,0.738,30,0,1,5,46,Delhi,1,1,0
105089,0,1.5,47,0,0,4,177,Kolkata,1,0,0
92532,0,0.445,22,25,0,7,143,Kolkata,1,0,0
30429,0,0.30400000000000005,35,10,0,4,289,Jaipur,1,1,0
19202,0,0.337,31,0,0,7,443,Hyderabad,1,1,0
70419,12,5.68,30,38,0,4,702,Patna,0,0,1
195217,8,8.32,49,16,1,5,323,Jaipur,0,0,1
66237,9,2.33,24,17,1,4,183,Jaipur,1,0,0
38591,0,0.75,25,18,0,1,238,Lucknow,1,1,0
53100,10,0.843,67,19,1,5,282,Lucknow,1,1,0
57329,0,0.47000000000000003,24,11,1,6,441,Delhi,1,1,0
125369,8,1.56,69,5,0,2,479,Bhopal,0,1,0
91971,19,3.93,66,7,0,2,392,Delhi,0,0,0
59659,6,1.54,33,23,0,6,494,Hyderabad,1,0,0
28580,0,0.124,60,10,1,3,309,Kolkata,1,1,0
62693,3,1.4475,48,23,0,1,286,Hyderabad,1,0,0
35421,4,0.665,68,10,1,8,6,Bhopal,1,1,0
51036,14,1.0975,44,15,0,8,162,Hyderabad,1,0,0
16387,0,0.953,50,15,1,5,339,Jaipur,1,1,0
90640,0,2.4320000000000004,70,16,0,1,332,Hyderabad,0,1,0
135029,1,2.2,46,17,0,2,342,Kolkata,0,0,0
194830,20,4.79,25,11,1,4,500,Chennai,0,0,1
91272,14,6.75,50,40,1,4,847,Chennai,0,0,1
28953,9,0.81,58,14,0,8,345,Bhopal,1,0,0
196480,18,0.8,36,17,1,2,820,Mumbai,0,0,1
38317,4,2.3320000000000003,38,15,1,1,518,Jaipur,0,1,0
41291,8,0.9480000000000001,58,7,0,7,334,Hyderabad,1,1,0
113175,2,1.94,38,35,0,6,360,Hyderabad,0,1,0
140588,3,9.06,42,22,1,8,832,Bhopal,0,0,1
20148,0,3.34,59,21,0,2,451,Bhopal,0,1,0
52113,13,0.3675,40,30,0,5,313,Delhi,1,0,0
62482,4,1.77,28,24,1,4,657,Lucknow,1,0,0
93490,0,1.0875,50,15,0,4,600,Delhi,1,0,0
25215,0,0.25,37,11,0,7,97,Hyderabad,1,1,0
63417,6,2.748,42,32,0,0,609,Chennai,0,1,0
88353,0,1.8575,43,22,0,0,631,Delhi,1,0,0
44063,10,0.18000000000000002,57,31,0,2,326,Bhopal,1,1,0
26098,0,0.9140000000000001,69,0,0,1,415,Lucknow,1,1,0
58541,5,7.51,29,9,1,1,410,Mumbai,0,0,0
38387,13,9.33,49,0,1,1,511,Lucknow,0,0,0
70837,0,1.268,50,20,0,3,209,Pune,0,1,0
126737,0,3.7560000000000002,27,24,1,0,446,Lucknow,0,1,0
55251,4,0.9225,21,23,0,8,469,Patna,1,0,0
103433,10,0.21600000000000003,32,9,0,4,693,Lucknow,0,1,0
28252,7,0.763,68,0,0,4,213,Mumbai,1,1,0
87259,0,2.8160000000000003,23,19,1,8,430,Mumbai,0,1,0
38902,0,1.495,44,11,1,4,662,Lucknow,1,0,0
170930,2,4.9,22,39,0,7,618,Chennai,0,0,1
194761,6,0.32,22,6,0,0,482,Kolkata,0,0,0
38764,0,2.5,35,10,0,0,368,Lucknow,0,1,0
192558,10,4.17,45,20,1,3,426,Mumbai,0,0,1
19561,0,1.4,52,29,0,7,415,Mumbai,1,0,0
114277,15,1.7160000000000002,39,18,1,2,202,Hyderabad,0,1,0
26027,0,0.9660000000000001,51,6,0,0,529,Delhi,1,1,0
44265,8,0.6040000000000001,21,0,0,8,78,Chennai,1,1,0
12190,0,2.9960000000000004,35,9,0,8,725,Patna,0,1,0
42044,17,9.36,58,15,0,8,769,Kolkata,0,0,1
82260,11,5.92,68,10,1,8,604,Pune,0,0,0
53242,5,0.048,43,34,1,1,627,Chennai,0,1,0
13038,0,0.085,59,0,0,3,318,Hyderabad,1,0,0
13141,2,1.755,39,19,0,1,310,Pune,1,0,0
106670,0,1.116,64,2,0,6,411,Lucknow,0,1,0
35387,0,0.5790000000000001,50,0,0,2,23,Lucknow,1,1,0
63012,1,0.808,60,13,0,8,640,Hyderabad,0,1,0
108726,3,0.675,31,20,0,6,302,Mumbai,1,0,0
44725,17,5.05,48,2,1,7,732,Chennai,0,0,0
83598,5,2.44,27,0,0,8,202,Kolkata,1,0,0
119555,3,6.16,68,14,0,7,392,Bhopal,0,0,0
24496,20,9.36,41,19,0,6,577,Delhi,0,0,0
71447,16,9.59,38,21,1,8,384,Hyderabad,0,0,0
75792,10,0.8320000000000001,65,33,0,0,387,Pune,0,1,0
62875,0,0.311,25,24,0,3,443,Kolkata,1,1,0
67079,11,3.08,49,8,0,3,549,Bhopal,0,1,0
36608,12,3.468,48,2,0,4,655,Hyderabad,0,1,0
92800,0,1.2975,51,0,0,7,623,Chennai,1,0,0
25077,0,0.993,40,0,0,0,230,Kolkata,1,1,0
69157,0,0.048,42,15,0,5,539,Delhi,0,1,0
69975,3,0.30000000000000004,24,24,1,8,18,Chennai,1,1,0
19228,10,0.6230000000000001,36,0,0,7,208,Patna,1,1,0
36727,12,4.69,24,39,0,1,430,Pune,0,0,0
110081,5,1.17,64,37,0,6,683,Bhopal,0,0,1
137721,11,3.68,25,17,0,4,391,Delhi,0,0,0
53986,3,0.1,31,15,0,1,722,Delhi,0,1,0
96949,0,2.572,18,7,0,0,541,Chennai,0,1,0
99147,8,2.2325,30,14,0,1,243,Hyderabad,1,0,0
65352,5,0.885,20,27,0,5,272,Hyderabad,1,1,0
61816,0,2.8000000000000003,70,2,0,7,534,Delhi,0,1,0
171570,15,4.66,45,14,0,2,399,Kolkata,0,0,1
59712,0,2.048,55,37,1,4,480,Bhopal,0,1,0
115523,0,0.548,68,32,0,1,382,Mumbai,0,1,0
29563,9,0.341,32,9,1,7,20,Kolkata,1,1,0
65769,4,0.188,53,14,0,3,197,Lucknow,1,1,0
85952,8,3.2840000000000007,70,2,1,5,291,Lucknow,0,1,0
69273,5,0.915,20,21,0,2,148,Pune,1,1,0
44250,0,0.537,21,8,0,7,380,Lucknow,1,1,0
22121,16,2.9120000000000004,22,31,1,7,362,Jaipur,0,1,0
101970,0,0.484,67,6,0,2,516,Mumbai,0,1,0
65037,0,0.609,43,30,0,8,337,Hyderabad,1,1,0
23007,0,1.7575,42,5,0,4,419,Pune,1,0,0
71898,7,1.1325,27,6,0,8,341,Mumbai,1,0,0
88008,4,0.6075,25,3,0,6,528,Jaipur,1,0,0
34873,7,8.77,29,7,0,2,417,Patna,0,0,0
19795,0,0.743,20,7,0,5,173,Pune,1,1,0
104464,0,9.0,44,40,0,1,518,Mumbai,0,0,0
88798,14,2.045,67,25,0,5,495,Patna,1,0,0
72777,0,2.475,40,15,0,4,438,Patna,1,0,0
182823,5,1.92,57,28,0,2,387,Lucknow,0,0,1
115082,20,0.87,50,15,1,6,377,Patna,0,0,0
7189,0,0.337,31,0,0,3,440,Mumbai,1,1,0
14897,12,0.3225,40,0,0,5,320,Lucknow,1,0,0
110392,16,2.092,48,29,1,8,594,Jaipur,0,1,1
34897,9,0.633,30,0,1,5,3,Kolkata,1,1,0
75063,3,2.3120000000000003,29,12,0,3,262,Kolkata,0,1,0
15987,9,1.036,52,34,1,1,672,Jaipur,0,1,0
67396,11,2.2725,35,16,1,8,125,Hyderabad,1,0,0
11909,5,0.021,38,5,0,3,346,Patna,1,1,0
83313,4,1.3920000000000001,62,25,0,3,713,Jaipur,0,1,0
84444,10,2.8760000000000003,64,17,0,1,630,Jaipur,0,1,0
38705,9,7.67,59,19,1,4,444,Delhi,0,0,0
57489,11,1.6640000000000001,18,33,0,5,181,Pune,0,1,0
118892,3,0.17,55,6,0,5,587,Delhi,0,0,0
17023,19,6.18,58,9,0,2,524,Hyderabad,0,0,0
48138,2,0.063,59,6,0,8,436,Patna,1,1,0
33988,0,0.10800000000000001,64,8,0,6,213,Kolkata,1,1,0
69678,2,2.6,26,10,1,2,345,Mumbai,0,1,0
28395,0,0.31200000000000006,40,25,1,3,372,Hyderabad,1,1,0
119195,7,3.48,31,26,0,6,806,Jaipur,0,0,1
31751,11,1.9480000000000002,28,20,0,7,512,Patna,0,1,0
183876,5,9.79,24,30,0,5,511,Chennai,0,0,1
88798,9,2.4125,48,0,1,3,408,Mumbai,1,0,0
23521,0,1.04,41,32,0,1,285,Jaipur,1,0,0
83099,13,2.65,43,16,0,7,425,Patna,0,0,0
118385,16,1.212,47,19,0,0,336,Jaipur,0,1,0
46267,0,0.6725,51,16,0,8,151,Hyderabad,1,0,0
89187,2,1.33,63,31,0,7,393,Pune,1,0,0
41514,8,2.4280000000000004,55,22,0,2,480,Hyderabad,0,1,0
87177,14,1.956,22,14,0,3,200,Pune,0,1,0
60523,6,0.40800000000000003,22,24,1,3,523,Mumbai,1,1,0
39427,0,0.211,36,10,0,1,275,Delhi,1,1,0
21643,7,4.83,68,14,1,4,306,Hyderabad,0,0,0
51727,4,3.41,55,40,1,2,754,Patna,0,0,1
157077,9,5.42,45,4,1,0,429,Lucknow,0,0,1
124079,6,6.75,43,15,1,1,598,Chennai,0,0,1
80697,9,6.33,59,31,1,6,396,Jaipur,0,0,0
31029,3,4.62,40,21,0,0,576,Patna,0,0,0
57305,0,0.5559999999999999,63,23,1,1,284,Kolkata,1,1,0
62491,3,0.28500000000000003,66,4,0,6,172,Hyderabad,1,1,0
68451,0,0.06,47,29,1,0,451,Mumbai,1,0,0
125384,8,6.25,20,25,0,6,504,Kolkata,0,0,0
83926,20,2.53,45,16,0,7,402,Delhi,0,0,0
83637,0,1.6725,50,0,0,1,479,Lucknow,1,0,0
38778,3,1.8675,59,24,0,3,250,Kolkata,1,0,0
60598,5,3.664,20,26,0,6,218,Pune,0,1,0
70029,9,0.9580000000000001,22,0,0,0,306,Delhi,1,1,0
20410,0,0.011000000000000001,36,28,0,5,519,Mumbai,1,1,0
77539,5,9.9,59,6,1,4,345,Kolkata,0,0,0
92338,0,1.7075,65,9,1,5,313,Mumbai,1,0,0
65755,10,0.6440000000000001,18,22,0,7,517,Delhi,1,1,0
15635,0,0.0375,55,0,0,0,288,Patna,1,0,0
190006,17,8.61,26,1,0,2,421,Delhi,0,0,1
156330,1,1.45,22,12,1,8,548,Jaipur,0,0,0
40026,5,2.0925,63,2,1,7,326,Mumbai,1,0,0
7317,0,0.016,59,17,0,3,114,Chennai,1,1,0
43854,19,6.46,51,20,1,8,538,Pune,0,0,0
99013,2,1.74,54,1,0,6,255,Chennai,0,1,0
91256,15,2.01,50,39,0,1,468,Jaipur,0,0,0
117005,15,0.43200000000000005,42,19,1,0,227,Lucknow,0,1,0
74187,0,1.7600000000000002,59,16,0,0,249,Patna,0,1,0
81247,0,0.3075,46,7,0,2,627,Jaipur,1,0,0
127634,12,1.9440000000000002,42,4,0,1,334,Mumbai,0,1,0
35653,0,0.625,26,5,0,3,460,Hyderabad,1,1,0
61176,10,0.827,20,15,0,7,372,Mumbai,1,1,0
27550,15,2.716,32,3,0,4,381,Jaipur,0,1,0
105466,8,0.26,21,23,1,4,496,Hyderabad,0,1,0
48787,8,3.07,62,8,0,5,750,Hyderabad,0,0,0
13091,4,0.288,55,0,1,4,95,Mumbai,1,1,0
92984,2,9.15,37,8,1,4,795,Hyderabad,0,0,1
68398,3,0.868,66,9,0,6,361,Bhopal,1,1,0
31883,6,1.4800000000000002,40,35,0,5,636,Lucknow,0,1,0
35646,5,0.1775,54,10,0,1,297,Bhopal,1,0,0
16246,2,0.894,64,15,1,0,128,Patna,1,1,0
92979,8,3.5520000000000005,25,3,0,0,669,Bhopal,0,1,0
114611,0,3.4200000000000004,54,8,0,3,218,Delhi,0,1,0
54474,3,2.1125,62,24,0,1,577,Hyderabad,1,0,0
72522,0,1.2,50,0,0,5,469,Jaipur,1,0,0
104353,0,0.7080000000000001,50,34,0,8,631,Delhi,0,1,0
10159,9,1.1925,24,1,0,7,499,Delhi,1,0,0
48373,0,0.49500000000000005,39,3,1,3,108,Lucknow,1,1,0
154401,15,4.9,22,17,0,1,507,Patna,0,0,1
180937,16,5.39,63,13,0,0,540,Mumbai,0,0,1
34017,12,0.645,32,1,0,6,207,Jaipur,1,0,0
24746,4,0.36600000000000005,38,1,0,2,398,Pune,1,1,0
108808,15,4.34,42,17,1,5,561,Pune,0,0,0
99104,10,0.524,34,23,0,4,504,Patna,0,1,0
181597,1,4.55,67,0,1,4,670,Jaipur,0,0,1
24335,0,0.81,24,21,1,1,104,Bhopal,1,1,0
64233,0,3.312,67,14,0,8,277,Pune,0,1,0
21056,8,1.03,36,0,0,3,606,Bhopal,1,0,0
98369,18,5.19,69,34,0,0,395,Pune,0,0,1
26079,0,0.136,24,17,0,1,651,Patna,0,1,0
51961,0,0.674,57,32,1,8,45,Jaipur,1,1,0
85553,4,4.05,62,15,1,6,330,Bhopal,0,0,0
60383,0,1.1125,67,12,0,1,527,Mumbai,1,0,0
50577,8,3.4960000000000004,41,14,1,6,554,Lucknow,0,1,0
14949,5,1.848,28,4,1,3,561,Chennai,0,1,0
24333,6,0.084,58,6,0,1,668,Hyderabad,0,1,0
37675,13,0.908,18,6,0,3,488,Patna,0,1,0
148168,1,4.76,49,26,0,4,434,Lucknow,0,0,0
94243,0,1.06,57,16,0,3,447,Chennai,1,0,0
68144,2,2.15,70,13,0,2,318,Bhopal,1,0,0
22660,3,1.355,61,4,0,5,379,Patna,1,0,0
165787,17,6.9,19,16,1,0,423,Mumbai,0,0,1
175381,6,4.69,32,40,1,7,681,Patna,0,0,1
104747,2,1.7600000000000002,38,12,1,4,686,Bhopal,0,1,0
20105,2,4.46,41,25,0,7,408,Lucknow,0,0,0
47427,1,0.41100000000000003,67,0,1,3,40,Pune,1,1,0
60416,0,1.3475,34,0,0,3,564,Kolkata,1,0,0
17839,16,2.5,64,38,1,4,445,Patna,0,0,0
30001,0,0.891,69,24,0,4,175,Patna,1,1,0
58619,4,3.33,69,3,0,5,578,Delhi,0,0,0
37583,11,0.592,26,27,0,4,559,Kolkata,0,1,0
91478,10,0.388,52,25,0,4,344,Jaipur,0,1,0
57044,0,0.013000000000000001,37,0,1,7,485,Jaipur,1,1,0
32069,8,4.23,36,15,1,5,660,Mumbai,0,0,0
8054,0,0.188,35,28,0,1,172,Hyderabad,1,1,0
65466,0,0.022000000000000002,37,13,0,3,176,Delhi,1,1,0
99975,15,2.08,47,35,0,3,228,Kolkata,0,1,0
54977,7,0.68,57,29,0,4,110,Kolkata,1,1,0
53400,16,0.34400000000000003,18,34,1,5,389,Mumbai,0,1,0
88025,0,1.1525,41,16,0,4,274,Bhopal,1,0,0
77424,12,7.44,41,7,0,5,572,Mumbai,0,0,0
60603,0,9.86,64,16,0,7,754,Mumbai,0,0,0
110060,0,2.668,36,17,0,3,495,Mumbai,0,1,0
147503,15,2.45,47,11,0,2,514,Delhi,0,0,1
183553,3,7.17,43,32,1,8,629,Pune,0,0,1
38457,5,0.5980000000000001,59,14,0,2,143,Kolkata,1,1,0
101158,14,0.8480000000000001,61,11,0,7,533,Mumbai,0,1,0
118302,0,8.51,55,10,1,4,580,Delhi,0,0,0
80428,0,1.0675,46,4,0,8,441,Delhi,1,0,0
180814,18,9.62,30,34,0,2,605,Mumbai,0,0,1
22538,6,2.8920000000000003,21,26,0,7,658,Delhi,0,1,0
48948,6,1.6125,62,16,0,6,509,Hyderabad,1,0,0
163087,19,7.28,34,39,0,6,363,Mumbai,0,0,1
107870,0,1.195,50,0,0,8,384,Chennai,1,0,0
98264,14,1.2625,22,16,1,7,125,Hyderabad,1,0,0
55735,0,0.851,45,1,0,2,167,Pune,1,1,0
22896,3,6.81,41,16,1,5,654,Bhopal,0,0,0
64008,0,0.8970000000000001,34,0,0,5,172,Lucknow,1,1,0
64733,3,8.91,67,21,1,4,418,Jaipur,0,0,0
20306,9,0.976,56,29,0,2,225,Mumbai,1,1,0
61074,14,1.75,65,5,1,8,293,Kolkata,1,0,0
11190,11,1.255,57,18,0,6,248,Hyderabad,1,0,0
96664,13,0.664,61,19,0,3,366,Lucknow,0,1,0
30681,9,1.7625,63,9,0,5,182,Chennai,1,0,0
33681,8,2.92,68,12,1,4,573,Jaipur,0,0,0
70104,7,0.28300000000000003,28,0,0,0,209,Bhopal,1,1,0
42493,0,0.238,29,1,0,1,192,Bhopal,1,1,0
105276,16,3.5,30,36,0,0,711,Bhopal,0,1,1
34264,0,2.17,25,20,0,8,301,Bhopal,1,0,0
17640,5,1.5775,18,0,0,8,347,Patna,1,0,0
76247,2,1.8920000000000003,26,38,1,4,268,Jaipur,0,1,0
29693,10,2.688,45,10,0,7,323,Patna,0,1,0
49800,0,0.6070000000000001,19,16,0,3,249,Chennai,1,1,0
88198,14,1.04,31,21,0,0,344,Hyderabad,1,0,0
71697,10,0.95,30,11,0,3,287,Chennai,1,0,0
100099,11,1.532,65,36,0,6,289,Kolkata,0,1,0
126361,14,2.356,19,15,0,1,352,Patna,0,1,0
29209,0,0.6480000000000001,21,22,0,1,510,Delhi,1,1,0
52278,9,1.8079999999999998,29,28,1,5,476,Mumbai,0,1,0
65601,16,9.69,65,5,1,8,542,Jaipur,0,0,0
53128,0,0.084,27,20,0,2,208,Delhi,1,1,0
82216,0,1.3880000000000001,20,31,1,6,422,Hyderabad,0,1,0
168741,19,4.19,21,8,0,8,553,Bhopal,0,0,1
108365,11,0.068,23,36,1,8,261,Mumbai,0,1,0
107131,9,1.46,40,22,1,3,613,Mumbai,0,1,1
43228,13,2.74,22,15,1,1,774,Bhopal,0,0,0
64561,0,0.506,67,9,1,0,542,Bhopal,1,1,0
89562,0,1.344,20,18,0,5,183,Delhi,0,1,0
72955,2,2.904,27,1,0,4,373,Pune,0,1,0
41928,14,5.1,60,9,1,5,355,Mumbai,0,0,0
21659,14,0.52,36,11,1,6,440,Delhi,0,1,0
56592,13,1.875,31,9,0,8,499,Chennai,1,0,0
42510,0,0.2475,38,10,0,5,606,Chennai,1,0,0
44055,18,8.39,60,37,1,5,395,Patna,0,0,0
20696,0,0.931,45,28,0,2,335,Hyderabad,1,1,0
96912,18,3.22,38,26,1,7,628,Patna,0,0,0
83963,0,2.315,53,5,1,8,615,Delhi,1,0,0
68598,13,3.172,41,33,0,0,698,Mumbai,0,1,1
21304,15,9.22,55,1,1,5,424,Hyderabad,0,0,0
12289,0,1.665,34,24,1,6,379,Pune,1,0,0
175372,11,2.36,39,18,1,7,849,Hyderabad,0,0,1
60893,0,0.895,36,18,1,7,7,Jaipur,1,1,0
106006,13,1.84,62,29,0,6,672,Patna,0,0,1
88783,5,0.5325,27,0,0,7,341,Patna,1,0,0
51604,0,0.271,28,18,0,8,530,Chennai,1,1,0
64148,0,0.30400000000000005,55,12,0,6,349,Bhopal,1,1,0
18945,10,1.285,19,0,0,2,150,Hyderabad,1,0,0
11268,5,2.8520000000000003,50,24,0,8,537,Mumbai,0,1,0
77032,9,9.26,60,37,0,0,321,Hyderabad,0,0,0
40344,0,0.08800000000000001,48,9,0,7,288,Kolkata,1,1,0
153593,16,9.54,65,32,0,5,513,Bhopal,0,0,1
110209,0,3.6840000000000006,52,32,0,2,344,Pune,0,1,0
33474,12,0.54,54,31,1,8,439,Jaipur,0,0,0
106057,3,0.9,64,16,0,5,489,Kolkata,1,0,0
25281,0,0.8130000000000002,64,5,0,6,319,Pune,1,1,0
38758,12,2.4480000000000004,53,37,0,1,588,Delhi,0,1,0
39150,0,3.116,40,37,0,0,617,Chennai,0,1,0
36301,0,0.7190000000000001,53,0,1,0,12,Kolkata,1,1,0
42684,0,1.988,57,17,1,2,680,Delhi,0,1,0
84184,17,0.41,56,9,0,2,325,Chennai,0,0,0
194017,8,5.84,43,34,1,7,833,Kolkata,0,0,1
10060,7,0.049,42,26,0,6,75,Hyderabad,1,1,0
77807,7,1.51,34,31,0,7,485,Chennai,1,0,0
54151,8,2.0,32,14,0,0,610,Chennai,1,0,0
19082,1,2.34,54,24,0,3,271,Kolkata,0,1,0
126672,9,9.97,62,0,0,7,565,Hyderabad,0,0,1
54387,10,1.8239999999999998,21,17,1,1,678,Hyderabad,0,1,0
75170,0,1.8725,39,6,0,6,289,Delhi,1,0,0
44348,11,1.6675,34,16,0,7,465,Bhopal,1,0,0
39722,7,0.9910000000000001,39,23,1,8,227,Patna,1,1,0
93258,16,7.13,34,19,0,6,502,Delhi,0,0,0
56840,1,0.164,31,8,0,8,445,Mumbai,1,1,0
84286,6,9.56,31,10,0,1,817,Patna,0,0,1
108269,15,6.68,34,12,0,0,431,Pune,0,0,0
48989,4,0.1475,25,16,0,0,364,Jaipur,1,0,0
29673,9,2.632,51,19,0,3,270,Mumbai,0,1,0
55381,0,3.532,43,24,0,0,305,Patna,0,1,0
35077,12,1.4425,62,22,0,6,591,Pune,1,0,0
105992,13,1.4160000000000001,47,0,1,7,421,Chennai,0,1,0
29408,0,0.8210000000000002,39,7,1,2,501,Lucknow,1,1,0
41168,0,0.783,33,19,0,0,386,Delhi,1,1,0
14190,6,1.36,47,12,0,2,126,Pune,1,0,0
34334,5,0.6160000000000001,33,29,0,1,267,Chennai,0,1,0
28198,7,0.251,55,0,0,5,144,Mumbai,1,1,0
12050,9,0.738,41,25,1,6,450,Chennai,1,1,0
56803,5,0.806,53,0,1,8,330,Patna,1,1,0
51265,1,1.116,52,28,1,4,343,Kolkata,0,1,0
15783,8,1.4720000000000002,23,2,0,3,521,Mumbai,0,1,0
114819,0,0.31200000000000006,21,32,1,0,180,Mumbai,0,1,0
33499,3,0.7130000000000001,35,2,0,5,119,Chennai,1,1,0
63278,0,0.004,23,0,0,7,463,Mumbai,1,1,0
7426,9,0.047,43,23,1,3,461,Jaipur,1,1,0
157055,4,0.04,54,17,1,0,348,Mumbai,0,0,0
61307,1,1.6125,44,11,0,4,446,Delhi,1,0,0
61233,5,1.0425,58,30,0,4,593,Bhopal,1,0,0
33133,1,2.98,28,39,0,1,667,Patna,0,0,0
161011,11,9.13,55,27,1,5,586,Kolkata,0,0,1
5641,0,0.193,33,4,0,8,23,Mumbai,1,1,0
46326,0,0.389,36,17,0,5,292,Kolkata,1,1,0
15237,2,0.9400000000000001,60,7,0,7,448,Mumbai,1,1,0
14184,4,1.708,70,24,0,2,242,Pune,0,1,0
33489,9,5.55,32,9,0,1,757,Lucknow,0,0,0
102318,0,0.2,43,20,0,3,649,Jaipur,1,0,0
28676,0,3.16,58,37,0,8,592,Mumbai,0,1,0
75021,13,1.6920000000000002,48,19,0,8,439,Kolkata,0,1,0
53248,5,2.0025,36,17,0,2,303,Bhopal,1,0,0
60179,0,0.254,68,23,0,0,47,Lucknow,1,1,0
18567,4,1.688,41,38,1,0,326,Lucknow,0,1,0
166426,1,7.87,26,37,0,3,708,Kolkata,0,0,1
122864,0,3.8960000000000004,40,23,1,3,619,Delhi,0,1,1
69016,9,0.24,21,30,0,5,637,Lucknow,0,1,0
13816,0,0.8119999999999999,27,31,0,4,228,Jaipur,1,1,0
196801,18,3.01,26,11,1,5,583,Bhopal,0,0,1
31334,6,1.3775,36,27,0,6,464,Pune,1,0,0
33658,6,2.9,32,9,1,6,563,Bhopal,0,0,0
19939,5,1.5325,68,0,0,8,497,Patna,1,0,0
194635,2,3.54,51,6,0,5,402,Bhopal,0,0,0
94854,2,0.835,59,22,1,7,142,Hyderabad,1,0,0
57015,0,0.095,36,18,0,1,412,Delhi,1,0,0
70659,0,0.147,66,0,0,7,266,Chennai,1,1,0
118850,11,9.17,69,2,1,8,828,Jaipur,0,0,1
116174,7,3.9920000000000004,38,39,0,3,655,Kolkata,0,1,1
152924,14,7.81,51,20,0,4,750,Bhopal,0,0,1
96604,0,1.1480000000000001,68,0,0,4,464,Patna,0,1,0
31083,7,0.40199999999999997,34,6,0,1,312,Delhi,1,1,0
76001,12,7.4,35,6,0,4,461,Pune,0,0,0
69795,3,0.969,34,6,0,8,121,Kolkata,1,1,0
75776,0,1.1375,19,16,0,3,600,Delhi,1,0,0
128556,5,3.3200000000000003,68,2,0,2,291,Patna,0,1,0
17246,1,0.9750000000000001,18,21,1,6,238,Jaipur,1,1,0
60013,0,0.8730000000000001,60,5,0,7,209,Patna,1,1,0
90939,10,2.27,27,3,1,5,648,Chennai,0,0,0
47338,0,0.032,54,35,0,5,690,Pune,0,1,0
54808,0,0.492,65,0,1,4,1,Jaipur,1,1,0
21710,6,5.31,22,4,0,5,760,Kolkata,0,0,0
92100,0,0.5025,29,16,0,8,601,Patna,1,0,0
108621,0,1.1400000000000001,53,30,0,1,420,Patna,0,1,0
186918,12,7.65,48,10,0,2,353,Jaipur,0,0,1
29145,0,1.175,55,0,1,0,586,Lucknow,1,0,0
153043,20,3.17,68,25,0,3,408,Mumbai,0,0,1
175211,5,6.23,26,1,0,1,579,Lucknow,0,0,1
65289,6,2.612,61,27,1,5,236,Lucknow,0,1,0
52391,10,1.9225,43,1,0,0,333,Mumbai,1,0,0
18844,0,0.15700000000000003,32,30,0,7,507,Chennai,1,1,0
21530,11,7.42,33,36,0,5,327,Chennai,0,0,0
14363,10,1.4975,30,30,0,8,323,Delhi,1,0,0
44436,0,0.145,42,12,0,5,664,Delhi,1,0,0
52321,0,0.777,47,19,0,6,308,Patna,1,1,0
96180,6,1.532,70,37,0,4,707,Jaipur,0,1,1
12437,2,1.32,24,32,0,7,522,Hyderabad,0,1,0
99255,0,1.7920000000000003,69,10,0,7,397,Hyderabad,0,1,0
68459,11,0.865,21,0,0,8,206,Delhi,1,0,0
50102,10,0.338,60,24,0,5,30,Lucknow,1,1,0
104087,3,8.08,57,2,0,0,399,Jaipur,0,0,0
31447,3,0.5,55,25,0,8,494,Kolkata,0,1,0
144951,19,9.71,47,14,1,2,794,Chennai,0,0,1
20846,9,2.22,27,40,0,8,650,Hyderabad,0,1,0
19290,5,0.4575,47,5,0,6,634,Patna,1,0,0
82843,20,1.31,56,22,1,2,630,Pune,0,0,0
19626,7,0.592,24,0,0,8,193,Bhopal,1,1,0
17033,6,2.532,53,35,0,6,370,Kolkata,0,1,0
139661,7,0.53,52,19,0,6,551,Kolkata,0,0,0
11498,0,0.6075,41,0,0,6,120,Jaipur,1,0,0
96630,10,3.18,56,32,0,1,638,Jaipur,0,1,1
140576,8,0.5,53,27,0,3,389,Chennai,0,0,0
27879,8,0.8550000000000001,62,29,0,7,517,Mumbai,1,1,0
52626,13,1.645,37,21,0,1,602,Hyderabad,1,0,0
81545,3,1.736,66,16,0,3,295,Mumbai,0,1,0
43073,8,0.34600000000000003,49,0,0,7,72,Hyderabad,1,1,0
24810,0,0.019000000000000003,56,19,1,2,155,Bhopal,1,1,0
171222,10,8.25,66,6,1,5,368,Patna,0,0,1
30453,10,0.572,43,27,0,1,650,Lucknow,0,1,0
122812,3,1.2400000000000002,43,16,0,7,671,Pune,0,1,0
24222,8,0.5690000000000001,53,31,1,7,299,Chennai,1,1,0
46602,0,0.246,60,0,0,0,143,Mumbai,1,1,0
87133,14,1.988,52,4,0,2,385,Bhopal,0,1,0
71481,17,8.09,60,13,1,1,706,Mumbai,0,0,1
16283,9,4.71,52,5,0,6,596,Bhopal,0,0,0
48691,6,9.49,29,6,0,6,828,Pune,0,0,1
52622,0,0.8480000000000001,50,8,0,3,136,Hyderabad,1,1,0
41170,0,3.33,53,8,1,7,518,Kolkata,0,0,0
8378,8,0.4,31,22,1,2,517,Bhopal,1,1,0
19302,0,1.0575,50,13,0,8,567,Lucknow,1,0,0
162226,18,6.26,63,8,1,4,431,Bhopal,0,0,1
84741,0,0.7175,62,7,0,1,482,Pune,1,0,0
13613,8,2.4225,62,27,0,8,463,Mumbai,1,0,0
25177,5,0.609,41,25,0,0,17,Lucknow,1,1,0
41819,6,3.99,32,12,1,7,715,Chennai,0,0,0
107051,11,6.45,48,18,0,5,840,Patna,0,0,1
110687,3,1.58,34,11,0,0,332,Patna,0,1,0
47994,4,8.18,29,35,1,3,631,Patna,0,0,0
161108,9,5.68,39,9,1,2,618,Patna,0,0,1
73291,16,0.168,40,15,0,6,378,Mumbai,0,1,0
107518,0,0.4425,43,19,0,6,645,Chennai,1,0,0
85612,10,2.1625,31,10,0,5,129,Kolkata,1,0,0
39562,0,0.5630000000000001,29,31,1,7,138,Patna,1,1,0
52451,4,0.9500000000000001,67,0,1,6,166,Lucknow,1,1,0
97351,6,0.18,21,0,0,3,266,Patna,1,0,0
53259,0,0.7375,63,21,0,6,522,Delhi,1,0,0
75477,4,0.485,68,30,0,0,564,Jaipur,1,0,0
62977,0,0.554,30,22,0,2,69,Jaipur,1,1,0
128839,6,1.532,35,26,0,1,507,Bhopal,0,1,0
172547,17,1.57,60,20,1,6,528,Mumbai,0,0,1
58973,7,0.643,45,28,0,8,318,Mumbai,1,1,0
20996,10,0.536,55,0,0,4,35,Delhi,1,1,0
61305,15,2.75,58,34,1,8,554,Chennai,0,0,0
124870,8,1.92,61,20,0,7,492,Lucknow,0,1,0
15824,2,2.984,36,16,1,0,514,Bhopal,0,1,0
5571,0,0.205,63,15,1,1,19,Lucknow,1,1,0
9924,5,0.29300000000000004,64,22,0,5,297,Hyderabad,1,1,0
84615,0,3.46,60,5,1,4,320,Bhopal,0,0,0
65131,6,0.747,55,26,0,6,477,Bhopal,1,1,0
74792,0,2.1175,63,28,0,8,591,Mumbai,1,0,0
106353,1,3.76,20,12,0,3,769,Delhi,0,0,0
110648,16,2.97,36,24,0,7,648,Jaipur,0,0,1
40556,5,8.89,37,31,0,3,685,Lucknow,0,0,0
26469,3,0.9990000000000001,42,0,0,2,545,Jaipur,1,1,0
33099,17,6.7,28,34,1,1,745,Lucknow,0,0,1
124089,5,9.9,34,18,1,7,398,Bhopal,0,0,0
124259,5,2.64,66,11,0,7,234,Mumbai,0,1,0
56950,7,0.7330000000000001,52,31,0,2,2,Delhi,1,1,0
62591,0,0.389,31,31,1,0,331,Patna,1,1,0
26876,1,1.0825,56,11,0,5,554,Bhopal,1,0,0
120400,9,1.44,36,32,0,4,785,Bhopal,0,0,1
35480,6,0.8230000000000001,20,20,0,7,218,Bhopal,1,1,0
32880,0,0.931,51,7,0,5,210,Patna,1,1,0
187927,13,6.23,66,13,1,3,795,Lucknow,0,0,1
34518,0,0.34400000000000003,58,0,0,1,231,Mumbai,1,1,0
54514,0,0.15400000000000003,39,0,0,7,147,Kolkata,1,1,0
48133,5,0.6625,55,12,0,4,326,Hyderabad,1,0,0
58676,0,0.255,44,27,0,7,359,Bhopal,1,1,0
66777,3,0.614,38,13,0,4,418,Kolkata,1,1,0
17017,8,0.945,58,31,0,5,416,Bhopal,1,1,0
62057,5,0.048,48,10,0,4,181,Patna,1,1,0
51585,0,0.001,44,16,0,2,209,Jaipur,1,1,0
66929,3,2.4000000000000004,54,2,0,7,429,Hyderabad,0,1,0
147161,17,2.84,19,35,0,2,811,Delhi,0,0,1
183418,12,8.81,64,33,0,3,438,Jaipur,0,0,1
101763,16,1.308,26,10,0,5,410,Kolkata,0,1,0
15155,8,2.9,36,26,0,1,311,Chennai,0,0,0
90317,5,1.08,59,1,0,6,452,Pune,0,1,0
82494,20,1.45,53,5,0,4,787,Patna,0,0,1
32613,0,0.5820000000000001,27,0,0,4,89,Bhopal,1,1,0
65806,8,0.42,57,8,0,4,144,Patna,1,0,0
19142,9,0.42500000000000004,62,31,0,1,537,Jaipur,1,1,0
15656,0,0.4610000000000001,56,5,0,8,59,Delhi,1,1,0
13029,2,0.020000000000000004,24,1,0,2,170,Jaipur,1,1,0
182670,1,0.17,21,32,1,6,746,Lucknow,0,0,1
187886,18,5.2,32,11,1,4,309,Jaipur,0,0,1
56628,0,1.74,29,23,1,4,362,Chennai,1,0,0
27983,0,0.9420000000000001,65,15,0,3,177,Hyderabad,1,1,0
38542,0,0.4475,23,5,0,5,376,Patna,1,0,0
127782,2,1.03,26,4,1,6,609,Patna,0,0,0
76655,5,0.20800000000000002,52,4,0,6,695,Kolkata,0,1,0
55627,0,0.43600000000000005,25,23,0,7,214,Pune,1,1,0
196172,15,6.23,24,32,1,4,329,Pune,0,0,1
44640,6,0.8410000000000001,21,0,0,6,345,Chennai,1,1,0
84838,12,1.7075,30,21,0,3,184,Mumbai,1,0,0
41457,0,0.8320000000000001,36,40,0,8,332,Bhopal,0,1,0
60783,7,0.462,24,8,0,4,39,Lucknow,1,1,0
68798,6,9.1,27,2,0,2,325,Pune,0,0,0
40645,0,0.327,42,4,0,4,272,Delhi,1,1,0
23572,9,0.49900000000000005,61,27,0,8,158,Patna,1,1,0
28935,7,3.8360000000000003,52,17,0,7,180,Delhi,0,1,0
101738,0,2.94,42,22,0,0,258,Bhopal,0,1,0
42438,0,2.9920000000000004,46,34,1,4,407,Kolkata,0,1,0
50653,0,0.252,29,24,0,5,326,Kolkata,1,1,0
36343,0,0.41500000000000004,68,27,0,1,500,Hyderabad,1,1,0
31443,0,0.082,64,8,0,5,474,Mumbai,1,1,0
13494,0,0.6070000000000001,57,30,0,8,354,Pune,1,1,0
29668,7,0.10400000000000001,29,25,0,3,123,Jaipur,1,1,0
47976,7,3.344,69,11,0,2,603,Jaipur,0,1,0
86685,8,3.2600000000000002,23,4,1,8,431,Patna,0,1,0
88712,2,1.335,27,31,0,1,633,Chennai,1,0,0
96634,0,0.564,19,26,0,8,686,Patna,0,1,0
11478,0,0.10400000000000001,62,39,0,1,665,Jaipur,0,1,0
36291,2,0.797,42,4,0,2,477,Patna,1,1,0
89567,15,6.0,24,25,0,6,632,Patna,0,0,1
16520,9,1.7775,57,5,0,1,351,Pune,1,0,0
77823,0,0.76,40,23,0,0,661,Bhopal,1,0,0
192810,3,5.09,65,10,0,8,329,Kolkata,0,0,1
17620,6,2.988,28,37,0,5,352,Patna,0,1,0
13230,3,0.463,53,7,0,8,467,Patna,1,1,0
8503,0,0.601,66,13,1,2,475,Chennai,1,1,0
84999,9,1.975,65,7,0,2,436,Jaipur,1,0,0
110145,10,0.86,68,12,0,2,576,Patna,0,1,1
42189,3,0.165,40,3,0,1,244,Hyderabad,1,0,0
27234,2,1.33,60,9,0,5,199,Bhopal,1,0,0
37899,4,0.155,24,20,1,2,646,Patna,1,0,0
11922,5,0.767,44,9,0,4,522,Bhopal,1,1,0
129611,5,2.8760000000000003,30,1,1,4,575,Chennai,0,1,0
10825,6,0.8820000000000001,68,0,0,2,88,Delhi,1,1,0
109102,14,2.5600000000000005,34,2,0,2,182,Chennai,0,1,0
93684,0,0.1675,49,20,0,0,655,Chennai,1,0,0
7176,0,0.253,43,0,0,5,520,Jaipur,1,1,0
69542,0,0.808,39,2,0,2,70,Chennai,1,1,0
15502,8,0.167,30,3,0,0,138,Mumbai,1,1,0
194272,7,6.98,29,31,0,8,309,Hyderabad,0,0,1
26002,2,7.8,24,3,0,0,814,Jaipur,0,0,0
18815,9,1.32,18,8,0,4,710,Pune,0,1,0
39267,5,0.32200000000000006,50,15,0,4,129,Chennai,1,1,0
72170,0,1.395,69,7,1,1,520,Lucknow,1,0,0
93610,20,8.61,31,16,0,0,520,Lucknow,0,0,1
43642,0,0.8960000000000001,64,21,0,5,616,Kolkata,0,1,0
71307,17,9.41,60,6,0,6,699,Patna,0,0,1
82810,2,1.4975,58,1,0,8,232,Mumbai,1,0,0
35796,0,2.48,34,20,0,7,571,Mumbai,1,0,0
49228,20,0.9,21,35,0,2,517,Bhopal,0,0,0
197947,0,1.27,69,23,0,8,357,Kolkata,0,0,1
177727,20,8.27,68,13,1,0,412,Lucknow,0,0,1
32159,3,2.1625,56,5,0,5,241,Chennai,1,0,0
23036,0,0.44500000000000006,18,16,0,1,407,Hyderabad,1,1,0
107518,5,1.785,58,13,0,8,579,Patna,1,0,0
26709,0,0.868,62,14,0,8,84,Hyderabad,1,1,0
54657,2,0.043000000000000003,41,23,0,7,399,Lucknow,1,1,0
59913,12,2.2960000000000003,51,25,0,6,535,Lucknow,0,1,0
51549,3,3.412,51,26,1,5,278,Delhi,0,1,0
22069,9,0.398,41,3,0,1,520,Patna,1,1,0
93081,0,1.2080000000000002,32,18,0,3,697,Bhopal,0,1,0
60515,5,1.99,34,10,0,6,227,Mumbai,1,0,0
157312,6,3.36,30,33,1,5,451,Bhopal,0,0,0
69870,7,0.012,24,31,0,8,206,Mumbai,0,1,0
91096,0,3.84,26,28,0,4,298,Delhi,0,1,0
98358,7,1.48,61,12,0,5,219,Bhopal,1,0,0
23259,4,8.2,52,34,0,5,302,Kolkata,0,0,0
70145,0,0.8250000000000001,40,0,0,7,328,Patna,1,1,0
93453,16,0.264,64,11,0,7,708,Jaipur,0,1,1
19401,6,0.684,56,6,0,5,285,Patna,0,1,0
96768,4,3.11,40,40,1,7,529,Patna,0,0,0
121108,2,3.21,43,1,1,6,603,Delhi,0,0,0
104709,16,6.59,18,24,1,0,476,Hyderabad,0,0,1
45414,0,2.4920000000000004,31,9,0,4,263,Lucknow,0,1,0
78038,0,1.2375,49,29,0,4,382,Pune,1,0,0
27918,0,0.211,68,0,0,8,195,Jaipur,1,1,0
47506,3,0.382,65,18,0,6,248,Chennai,1,1,0
47250,0,1.36,27,26,0,6,501,Hyderabad,1,0,0
21211,12,1.17,18,1,0,1,577,Mumbai,1,0,0
27660,4,0.3175,22,0,0,7,528,Patna,1,0,0
58378,0,2.6,20,19,0,2,260,Delhi,0,1,0
112136,7,0.73,66,36,0,8,711,Delhi,0,0,1
43310,4,1.512,67,34,1,5,385,Patna,0,1,0
13686,0,1.775,70,28,0,8,507,Mumbai,1,0,0
29069,0,0.020000000000000004,44,31,0,8,398,Jaipur,1,1,0
80087,6,5.7,68,7,0,6,307,Jaipur,0,0,0
113904,0,1.34,39,30,0,7,696,Hyderabad,0,1,0
110998,20,0.09,35,15,1,1,749,Patna,0,0,1
42127,0,0.76,33,27,0,4,655,Kolkata,0,1,0
108114,13,2.3525,19,0,1,2,461,Bhopal,1,0,0
73643,12,5.21,64,31,1,0,372,Kolkata,0,0,0
32945,14,2.4925,30,19,0,5,240,Chennai,1,0,0
103959,13,1.3125,62,2,0,8,421,Kolkata,1,0,0
100049,1,2.176,33,22,1,1,413,Delhi,0,1,0
17208,13,0.98,25,21,0,8,185,Hyderabad,1,0,0
31349,7,0.31000000000000005,60,0,0,7,229,Pune,1,1,0
153440,1,2.52,25,27,0,8,842,Lucknow,0,0,1
55239,0,0.8575,27,15,0,4,170,Chennai,1,0,0
33771,2,1.15,50,19,0,1,448,Pune,1,0,0
106170,2,1.92,48,23,1,5,686,Patna,0,0,1
15709,0,0.9,29,14,0,6,217,Kolkata,0,1,0
42171,0,1.088,26,38,0,2,352,Lucknow,0,1,0
74871,18,4.49,54,32,1,5,792,Pune,0,0,1
30663,0,2.612,26,33,0,5,634,Mumbai,0,1,0
54573,2,0.8560000000000001,65,13,0,7,40,Chennai,1,1,0
125155,18,2.87,35,28,0,0,428,Bhopal,0,0,0
86853,11,1.84,47,33,0,3,353,Chennai,0,0,0
28258,5,0.379,49,1,0,0,85,Lucknow,1,1,0
23121,8,0.894,57,21,0,7,268,Pune,1,1,0
22906,0,0.025,40,2,0,1,415,Lucknow,1,0,0
142795,11,6.78,28,33,0,7,320,Patna,0,0,1
103668,4,4.77,37,20,1,2,514,Hyderabad,0,0,0
160639,1,1.61,36,12,0,7,724,Lucknow,0,0,1
57698,0,0.8025,53,16,0,5,308,Jaipur,1,0,0
111019,12,2.25,69,20,0,0,460,Delhi,0,0,0
51151,8,2.195,43,0,0,6,660,Kolkata,1,0,0
24091,0,1.205,27,0,1,6,500,Bhopal,1,0,0
90366,14,1.4075,41,13,0,5,363,Delhi,1,0,0
90163,13,1.485,30,0,0,0,302,Jaipur,1,0,0
67719,0,0.6400000000000001,69,4,0,4,543,Mumbai,1,1,0
63395,0,0.496,63,14,0,0,547,Hyderabad,1,1,0
29766,0,0.072,70,20,0,0,272,Bhopal,0,1,0
13073,1,0.8375,51,0,1,5,487,Hyderabad,1,0,0
16960,13,0.7360000000000001,46,19,0,7,338,Hyderabad,0,1,0
105953,13,1.7,53,3,0,0,517,Mumbai,1,0,0
80445,9,0.1425,24,31,1,1,299,Mumbai,1,0,0
63421,11,1.41,68,0,0,4,557,Hyderabad,1,0,0
11642,9,0.211,47,19,0,7,372,Mumbai,1,1,0
14404,5,2.3725,34,2,0,3,425,Kolkata,1,0,0
42803,6,0.84,65,23,0,4,498,Mumbai,1,0,0
67504,2,0.325,30,2,0,4,217,Delhi,1,1,0
178399,9,9.23,41,23,0,2,628,Patna,0,0,1
20402,0,0.41700000000000004,48,6,0,5,342,Lucknow,1,1,0
35878,9,3.8520000000000003,44,40,1,4,342,Pune,0,1,0
9493,9,0.06,67,26,0,1,277,Chennai,1,0,0
61698,4,0.30600000000000005,38,8,0,3,109,Bhopal,1,1,0
99312,7,2.664,61,24,0,3,529,Pune,0,1,0
101795,8,8.91,18,34,0,6,664,Delhi,0,0,1
24163,1,0.64,32,10,0,6,134,Hyderabad,1,0,0
150450,17,9.3,20,40,1,8,452,Pune,0,0,1
30570,11,1.485,23,22,0,1,651,Chennai,1,0,0
82603,8,3.204,31,16,0,5,579,Jaipur,0,1,0
100371,17,3.97,55,22,0,1,351,Bhopal,0,0,0
113818,10,0.8480000000000001,50,0,0,8,648,Mumbai,0,1,0
170072,3,9.11,69,9,1,1,620,Chennai,0,0,1
81920,12,3.732,55,7,0,5,546,Lucknow,0,1,0
31682,0,1.245,25,17,0,7,605,Mumbai,1,0,0
71548,11,0.024,43,33,0,5,195,Pune,0,1,0
88869,8,1.1,32,18,0,2,710,Hyderabad,0,0,1
13266,5,2.2920000000000003,31,13,1,4,453,Lucknow,0,1,0
54106,11,0.06,65,0,0,3,425,Chennai,1,0,0
39702,6,0.397,37,0,1,0,91,Mumbai,1,1,0
152868,17,3.03,65,24,1,4,757,Patna,0,0,1
55943,0,1.785,36,15,0,4,389,Hyderabad,1,0,0
38084,0,0.14,50,11,0,6,171,Hyderabad,1,0,0
31930,0,1.2225,53,21,0,6,240,Hyderabad,1,0,0
163781,15,5.79,41,4,0,1,349,Patna,0,0,1
47812,0,2.468,27,2,0,3,654,Chennai,0,1,0
11633,7,0.405,69,23,0,0,491,Delhi,1,1,0
65597,10,0.30400000000000005,67,8,0,4,379,Hyderabad,1,1,0
111038,13,6.82,51,4,1,4,686,Lucknow,0,0,1
162796,14,8.48,53,10,0,3,588,Mumbai,0,0,1
6730,6,0.6940000000000001,64,29,0,6,453,Jaipur,1,1,0
131656,0,9.32,53,3,0,5,670,Hyderabad,0,0,1
11470,10,0.7170000000000001,33,30,0,2,183,Bhopal,1,1,0
158677,16,7.65,32,18,1,1,504,Jaipur,0,0,1
30119,6,0.672,35,38,0,3,351,Jaipur,0,1,0
98510,12,1.6800000000000002,24,22,1,8,401,Bhopal,0,1,0
52216,9,1.94,64,16,1,4,347,Hyderabad,0,1,0
108363,13,0.64,39,4,0,0,363,Bhopal,1,0,0
98497,14,2.116,49,26,0,2,397,Delhi,0,1,0
55541,16,1.1640000000000001,60,0,0,8,235,Mumbai,0,1,0
19648,6,6.88,36,1,1,6,466,Jaipur,0,0,0
145576,12,4.7,57,17,1,2,818,Bhopal,0,0,1
48623,17,4.59,18,35,0,0,441,Kolkata,0,0,0
18101,3,0.984,52,24,0,3,124,Kolkata,1,1,0
104870,0,0.98,22,27,0,8,209,Mumbai,1,0,0
129598,6,3.62,67,1,1,6,610,Patna,0,0,1
35383,1,0.7975,29,0,1,4,490,Delhi,1,0,0
83648,17,8.95,29,15,1,5,515,Patna,0,0,0
20379,2,1.2425,38,0,0,0,560,Hyderabad,1,0,0
55268,0,2.4000000000000004,36,8,0,6,365,Lucknow,0,1,0
24184,12,0.7240000000000001,26,20,0,4,332,Hyderabad,0,1,0
53104,12,1.3525,60,14,0,6,215,Mumbai,1,0,0
167458,5,2.75,66,1,0,4,635,Patna,0,0,1
98276,2,7.31,65,2,0,4,814,Pune,0,0,1
44057,0,3.3320000000000003,53,22,0,2,328,Mumbai,0,1,0
129253,0,2.8600000000000003,59,25,0,4,711,Patna,0,1,1
123676,15,2.92,64,6,1,7,581,Lucknow,0,1,0
41819,0,1.28,68,27,1,7,450,Hyderabad,1,0,0
8297,0,0.7120000000000001,49,24,1,1,226,Chennai,1,1,0
21221,0,0.42300000000000004,52,27,0,0,357,Delhi,1,1,0
33346,10,0.651,48,0,1,1,315,Kolkata,1,1,0
168504,10,2.59,70,22,0,6,335,Kolkata,0,0,1
97105,11,0.27999999999999997,49,24,0,2,688,Jaipur,0,1,0
34444,6,0.41300000000000003,54,32,0,7,477,Pune,1,1,0
119245,11,1.848,49,25,0,3,607,Pune,0,1,0
70848,0,0.64,60,19,0,7,569,Hyderabad,1,0,0
89734,11,2.9120000000000004,54,27,0,1,269,Delhi,0,1,0
198965,2,0.74,56,20,1,4,840,Bhopal,0,0,1
100040,9,0.5575,55,1,0,5,295,Bhopal,1,0,0
29051,0,0.7490000000000001,47,18,0,0,419,Bhopal,1,1,0
82407,5,1.0925,49,6,0,0,290,Chennai,1,0,0
60153,0,0.7050000000000001,62,8,1,8,393,Patna,1,1,0
29461,6,0.5670000000000001,19,30,1,4,265,Bhopal,1,1,0
21107,14,2.3775,68,26,0,3,623,Mumbai,1,0,0
68928,7,0.5980000000000001,28,0,1,0,133,Bhopal,1,1,0
34587,6,0.06,37,15,0,2,205,Bhopal,0,1,0
6700,0,0.353,54,14,0,3,276,Chennai,1,1,0
21997,9,0.3575,26,30,0,4,219,Kolkata,1,0,0
89676,10,2.3125,55,0,0,4,561,Hyderabad,1,0,0
49542,8,1.04,66,32,0,7,724,Hyderabad,0,0,0
16673,1,1.552,36,34,0,2,209,Patna,0,1,0
74255,15,0.9039999999999999,57,39,0,6,675,Hyderabad,0,1,1
51662,0,2.1175,24,15,0,5,310,Patna,1,0,0
117112,8,3.09,22,23,0,5,486,Jaipur,0,0,0
11337,10,0.992,64,15,0,8,139,Delhi,1,1,0
104764,0,0.0975,59,10,0,6,439,Bhopal,1,0,0
110745,0,0.512,41,38,0,6,548,Hyderabad,0,1,0
90836,13,0.5625,65,16,1,0,416,Bhopal,1,0,0
104291,1,3.2439999999999998,58,30,0,0,379,Delhi,0,1,0
49627,2,3.516,24,37,1,8,558,Jaipur,0,1,0
56176,0,0.284,28,24,0,8,259,Hyderabad,0,1,0
182708,0,0.32,26,26,0,2,746,Hyderabad,0,0,1
36150,0,0.7450000000000001,66,23,0,7,500,Lucknow,1,1,0
129889,5,1.33,47,10,0,8,558,Lucknow,0,0,0
128518,8,0.532,58,4,1,0,723,Kolkata,0,1,1
64593,0,0.022000000000000002,20,24,0,2,120,Lucknow,1,1,0
55816,4,0.05,39,10,0,5,54,Patna,1,1,0
89637,14,2.64,57,15,1,3,792,Pune,0,0,1
55376,8,0.26,68,34,0,7,197,Patna,0,1,0
91917,13,3.69,37,10,1,8,608,Pune,0,0,0
51480,2,3.3320000000000003,49,10,0,6,289,Delhi,0,1,0
43202,3,0.326,65,1,0,0,330,Mumbai,1,1,0
121022,9,7.28,24,33,0,1,563,Hyderabad,0,0,1
105980,10,0.235,24,0,0,0,387,Mumbai,1,0,0
58353,3,0.659,37,14,0,8,434,Patna,1,1,0
91086,1,0.7925,42,16,1,3,569,Mumbai,1,0,0
48787,0,3.0,62,28,0,7,476,Hyderabad,0,1,0
77068,15,1.36,52,39,1,4,436,Chennai,0,0,0
41087,2,0.8980000000000001,61,4,0,4,396,Mumbai,1,1,0
176445,19,2.43,41,31,1,4,483,Lucknow,0,0,1
98574,11,0.8825,57,25,0,4,531,Hyderabad,1,0,0
83656,7,2.375,30,3,0,2,439,Jaipur,1,0,0
37785,17,5.78,69,23,1,5,625,Lucknow,0,0,0
113581,0,1.4640000000000002,65,39,0,0,596,Chennai,0,1,0
60211,2,2.375,56,12,1,7,209,Chennai,1,0,0
9505,0,0.8225,21,20,0,3,560,Bhopal,1,0,0
99382,1,0.2375,29,14,1,5,194,Lucknow,1,0,0
126431,15,3.9880000000000004,34,32,0,1,446,Pune,0,1,1
53647,5,1.072,18,7,1,1,491,Jaipur,0,1,0
177777,18,8.51,34,12,0,7,782,Hyderabad,0,0,1
65892,10,0.166,19,0,0,0,27,Chennai,1,1,0
58476,0,2.924,23,40,1,7,521,Chennai,0,1,0
100929,4,1.31,61,1,0,0,545,Jaipur,1,0,0
47906,0,0.9810000000000001,28,5,1,8,534,Bhopal,1,1,0
65583,16,5.53,70,23,1,0,709,Pune,0,0,1
29365,9,0.0625,60,2,0,3,404,Delhi,1,0,0
8029,0,0.6040000000000001,35,0,0,8,105,Chennai,1,1,0
41156,0,0.145,57,20,0,0,503,Bhopal,1,1,0
25516,18,7.99,42,29,1,8,345,Kolkata,0,0,0
89972,5,2.1425,56,28,0,7,566,Hyderabad,1,0,0
74938,8,1.205,45,0,0,4,263,Jaipur,1,0,0
118521,6,3.132,63,16,0,5,716,Patna,0,1,1
65372,0,0.145,33,11,1,4,61,Kolkata,1,1,0
50370,0,1.968,29,10,0,3,261,Kolkata,0,1,0
33167,10,1.576,58,24,0,3,515,Patna,0,1,0
59700,11,1.5275,69,15,0,7,330,Pune,1,0,0
67538,0,0.044000000000000004,46,0,0,7,399,Lucknow,1,1,0
74832,7,3.008,40,26,1,8,526,Lucknow,0,1,0
58604,0,0.07900000000000001,38,10,0,2,197,Patna,1,1,0
51701,13,1.64,33,20,0,7,496,Lucknow,1,0,0
70951,4,0.018,70,28,0,2,161,Pune,1,1,0
30116,13,2.08,68,2,0,1,327,Hyderabad,1,0,0
45052,0,0.7000000000000001,65,18,0,1,606,Mumbai,0,1,0
83670,17,5.15,58,27,0,8,343,Bhopal,0,0,0
53503,0,0.6525,62,30,0,3,610,Patna,1,0,0
30434,18,7.23,43,20,0,4,578,Bhopal,0,0,0
193847,10,3.21,54,25,1,1,445,Chennai,0,0,1
58999,0,2.9000000000000004,39,21,0,8,248,Pune,0,1,0
29199,0,0.28500000000000003,68,0,0,6,521,Bhopal,1,1,0
64060,6,3.008,27,10,0,2,290,Patna,0,1,0
143379,4,0.31,24,13,1,5,848,Hyderabad,0,0,1
191806,17,2.83,26,35,1,6,354,Lucknow,0,0,1
116665,17,4.99,42,39,1,5,522,Kolkata,0,0,1
186675,13,0.45,63,40,1,5,823,Kolkata,0,0,1
29959,0,0.18600000000000003,32,0,0,7,145,Chennai,1,1,0
66281,0,0.935,30,11,0,7,263,Bhopal,1,1,0
106703,8,9.77,59,21,1,4,843,Jaipur,0,0,1
12981,0,0.7400000000000001,63,30,0,3,467,Patna,1,1,0
190251,10,2.52,43,3,1,4,486,Jaipur,0,0,1
47533,1,0.261,38,20,0,8,342,Patna,1,1,0
19797,1,0.646,40,15,0,5,98,Patna,1,1,0
17763,0,0.295,61,0,0,2,425,Hyderabad,1,0,0
6081,10,0.9480000000000001,45,15,0,2,198,Chennai,1,1,0
74378,0,0.5625,68,21,0,0,273,Kolkata,1,0,0
21097,3,1.0,55,3,1,4,95,Chennai,1,1,0
86795,4,1.24,29,10,0,5,478,Chennai,1,0,0
109333,6,7.71,41,36,0,7,698,Delhi,0,0,1
193570,20,0.02,30,39,0,8,675,Patna,0,0,1
16978,5,3.5560000000000005,57,3,0,6,507,Jaipur,0,1,0
100645,6,1.08,65,14,0,0,451,Hyderabad,0,1,0
37852,14,6.68,19,19,1,6,594,Pune,0,0,0
51831,12,2.015,56,11,0,8,514,Patna,1,0,0
52552,5,0.164,29,12,0,3,471,Mumbai,1,1,0
58616,14,1.1075,56,1,0,6,667,Patna,1,0,0
110040,19,4.94,68,29,0,8,317,Kolkata,0,0,0
58454,1,0.31200000000000006,31,15,0,0,76,Jaipur,1,1,0
107022,11,1.205,47,31,0,8,168,Lucknow,1,0,0
20744,12,3.18,58,39,1,3,797,Lucknow,0,0,0
188489,4,3.61,67,37,1,7,725,Kolkata,0,0,1
54747,0,0.669,60,0,0,2,128,Patna,1,1,0
20505,3,0.633,65,20,0,1,518,Patna,1,1,0
91229,1,0.58,36,0,0,7,423,Pune,1,0,0
62560,2,2.2425,48,20,1,7,231,Kolkata,1,0,0
88338,14,3.4520000000000004,60,9,0,2,542,Patna,0,1,0
22597,2,5.09,67,4,0,7,365,Jaipur,0,0,0
62093,4,4.33,60,10,0,5,330,Lucknow,0,0,0
100813,14,0.9425,42,0,0,8,414,Mumbai,1,0,0
46349,7,0.7070000000000001,21,26,0,5,318,Patna,1,1,0
112117,0,2.688,67,39,1,7,193,Chennai,0,1,0
58903,0,0.196,68,3,0,1,241,Bhopal,1,1,0
74775,12,1.6775,30,12,0,0,472,Lucknow,1,0,0
130598,16,2.52,53,15,1,1,547,Delhi,0,0,1
129501,12,0.07600000000000001,59,13,0,3,647,Kolkata,0,1,1
81532,4,1.7475,54,12,0,8,507,Pune,1,0,0
109280,0,2.58,20,26,1,6,621,Chennai,0,1,0
12669,0,1.0275,33,27,0,8,461,Kolkata,1,0,0
16722,3,0.526,43,0,0,8,515,Patna,1,1,0
62135,0,0.9470000000000001,57,0,0,8,44,Patna,1,1,0
60504,1,0.5950000000000001,56,13,0,7,418,Patna,1,1,0
97061,0,1.645,36,6,0,5,322,Lucknow,1,0,0
83828,5,0.16,63,11,0,6,658,Bhopal,1,0,0
21970,8,0.664,32,2,0,1,565,Hyderabad,0,1,0
40372,1,3.01,49,13,1,0,659,Mumbai,0,0,0
27353,0,0.539,66,0,0,4,467,Kolkata,1,1,0
12704,4,0.777,38,10,0,7,204,Delhi,1,1,0
28212,6,0.321,18,31,0,2,246,Chennai,1,1,0
104679,2,1.4240000000000002,23,33,0,6,228,Bhopal,0,1,0
47385,7,0.64,44,0,1,4,485,Lucknow,1,0,0
48425,7,1.02,40,32,1,7,432,Bhopal,0,1,0
182647,16,9.49,64,36,0,5,377,Jaipur,0,0,1
67328,3,0.635,48,0,0,5,416,Pune,1,1,0
81678,1,0.6240000000000001,29,26,0,6,214,Patna,0,1,0
27765,14,2.888,38,16,0,6,617,Hyderabad,0,1,0
97050,1,2.888,69,30,0,3,491,Pune,0,1,0
57886,7,0.666,19,32,0,7,142,Hyderabad,1,1,0
11278,0,0.54,22,5,0,5,376,Kolkata,0,1,0
52911,0,0.40800000000000003,26,22,0,7,259,Pune,1,1,0
91449,1,1.07,37,2,1,6,665,Delhi,0,0,0
23556,7,8.17,63,39,1,0,491,Jaipur,0,0,0
101836,14,6.55,35,2,1,3,786,Chennai,0,0,1
151570,14,5.07,39,32,1,6,833,Patna,0,0,1
65098,10,3.43,25,12,0,8,323,Mumbai,0,0,0
45462,0,0.18400000000000002,51,12,0,1,74,Jaipur,1,1,0
55641,7,0.10600000000000001,26,28,0,4,393,Delhi,1,1,0
141060,11,9.69,24,15,0,8,757,Hyderabad,0,0,1
94603,7,0.8,47,20,0,8,289,Pune,0,1,0
9971,6,0.24,35,12,0,5,269,Lucknow,0,1,0
123513,3,3.848,44,3,0,6,216,Patna,0,1,0
53516,0,1.3725,33,22,0,8,426,Hyderabad,1,0,0
8325,14,1.9925,38,0,0,7,181,Hyderabad,1,0,0
146430,1,0.44,22,32,1,5,604,Lucknow,0,0,1
48126,0,0.5670000000000001,46,28,0,5,178,Kolkata,1,1,0
100376,9,3.98,64,36,0,6,839,Kolkata,0,0,1
74705,0,3.088,54,23,0,6,623,Lucknow,0,1,0
63179,9,0.038000000000000006,60,16,0,1,518,Bhopal,1,1,0
61472,0,0.40199999999999997,39,32,1,8,35,Lucknow,1,1,0
62745,13,3.196,31,28,0,3,657,Patna,0,1,0
46005,9,2.092,36,39,0,8,252,Kolkata,0,1,0
52772,17,5.5,52,35,0,2,329,Kolkata,0,0,0
40412,1,0.2425,41,6,0,4,422,Bhopal,1,0,0
41762,9,1.32,59,17,1,4,646,Hyderabad,0,0,0
56969,2,0.677,23,11,0,6,510,Lucknow,1,1,0
185492,20,6.75,20,4,0,3,816,Chennai,0,0,1
38812,1,2.4475,51,9,0,3,184,Patna,1,0,0
35781,0,0.7120000000000001,62,31,0,0,452,Delhi,1,1,0
19370,0,1.2325,67,0,0,5,648,Pune,1,0,0
46909,0,3.4280000000000004,19,18,0,3,548,Jaipur,0,1,0
58477,0,0.41600000000000004,32,22,0,4,216,Hyderabad,0,1,0
125392,12,1.7960000000000003,54,25,0,8,560,Pune,0,1,0
68198,0,0.28700000000000003,32,20,1,3,218,Delhi,1,1,0
54864,1,0.2625,49,25,0,0,365,Kolkata,1,0,0
51143,0,1.91,38,10,0,8,669,Mumbai,1,0,0
58995,4,0.511,34,9,0,4,250,Kolkata,1,1,0
81058,0,1.3925,51,0,0,6,465,Lucknow,1,0,0
52463,0,1.0275,49,18,0,2,591,Hyderabad,1,0,0
37811,0,0.45999999999999996,67,0,0,3,121,Chennai,1,1,0
32778,3,0.46399999999999997,64,38,0,8,505,Chennai,0,1,0
38259,0,0.673,69,0,0,0,527,Kolkata,1,1,0
73379,0,1.08,40,0,0,4,240,Lucknow,1,0,0
101775,7,2.0425,52,22,0,7,258,Jaipur,1,0,0
52627,10,0.196,54,32,1,6,86,Pune,1,1,0
61101,7,0.205,60,31,0,3,129,Kolkata,1,1,0
26923,1,2.584,58,29,1,6,431,Bhopal,0,1,0
9189,0,2.115,54,12,0,0,479,Kolkata,1,0,0
53518,0,0.472,50,32,1,5,429,Chennai,1,1,0
91116,11,1.8175,42,9,1,8,166,Lucknow,1,0,0
59163,7,3.9960000000000004,63,22,0,2,680,Mumbai,0,1,0
95909,9,2.475,54,29,0,3,544,Kolkata,1,0,0
32883,0,1.86,57,14,0,7,494,Bhopal,1,0,0
26705,1,2.9600000000000004,38,27,0,4,290,Kolkata,0,1,0
17522,0,0.62,63,27,0,4,346,Patna,1,0,0
12476,0,2.085,65,16,0,0,158,Lucknow,1,0,0
106088,11,4.05,55,6,0,5,434,Mumbai,0,0,0
95731,10,3.848,57,17,0,1,474,Pune,0,1,0
61099,9,0.81,51,19,0,0,333,Kolkata,0,0,0
44601,13,1.09,36,0,0,5,547,Hyderabad,1,0,0
96668,12,1.39,44,9,0,4,187,Lucknow,1,0,0
22755,5,0.405,26,31,0,4,198,Hyderabad,1,1,0
10329,0,0.211,22,24,0,8,258,Patna,1,1,0
29106,0,0.593,22,6,0,2,136,Lucknow,1,1,0
140074,2,7.56,42,34,1,0,680,Mumbai,0,0,1
42207,0,0.645,43,0,1,7,523,Mumbai,1,1,0
94478,2,0.9359999999999999,36,20,1,4,417,Mumbai,0,1,0
19174,3,0.7320000000000001,47,0,0,4,283,Pune,1,1,0
71546,0,1.028,53,6,0,7,637,Delhi,0,1,0
93518,9,1.75,65,40,1,7,434,Lucknow,0,0,0
43340,8,0.6910000000000001,65,31,1,1,81,Mumbai,1,1,0
77123,4,3.372,33,39,0,2,388,Kolkata,0,1,0
31389,5,0.48200000000000004,24,21,0,0,402,Hyderabad,1,1,0
62253,8,0.531,35,29,1,2,187,Bhopal,1,1,0
137813,17,3.03,38,34,0,3,792,Patna,0,0,1
94063,8,4.95,48,1,1,6,554,Mumbai,0,0,0
6239,5,0.132,18,0,0,8,322,Kolkata,1,1,0
19732,6,2.39,20,29,1,4,544,Kolkata,1,0,0
108443,3,2.0,48,0,0,0,534,Mumbai,1,0,0
56864,9,0.668,42,28,0,1,166,Mumbai,1,1,0
83344,13,5.38,70,20,1,1,784,Pune,0,0,1
42880,1,0.792,25,4,0,8,435,Kolkata,1,1,0
51593,18,4.95,18,8,0,6,831,Bhopal,0,0,0
18341,0,0.30000000000000004,24,20,0,1,480,Kolkata,1,1,0
97051,8,0.4,24,32,0,0,299,Bhopal,1,0,0
70737,9,1.62,25,15,1,4,190,Pune,1,0,0
108650,3,3.7159999999999997,36,15,1,0,620,Delhi,0,1,0
33354,9,1.54,34,11,1,8,438,Hyderabad,0,0,0
24173,0,0.7200000000000001,28,1,1,2,281,Bhopal,0,1,0
11628,12,1.085,64,10,0,1,587,Delhi,1,0,0
62372,8,0.807,58,21,0,5,282,Chennai,1,1,0
198043,20,2.94,66,15,0,2,328,Chennai,0,0,1
31274,8,0.635,28,15,0,4,137,Pune,1,0,0
199482,13,6.2,55,12,1,7,807,Lucknow,0,0,1
165575,0,5.36,58,4,1,1,319,Delhi,0,0,0
77240,9,0.15,67,14,0,4,445,Delhi,1,0,0
41246,5,0.32400000000000007,69,37,0,7,535,Patna,0,1,0
41171,8,0.643,19,22,0,0,432,Jaipur,1,1,0
34689,0,0.4650000000000001,21,8,1,3,398,Pune,1,1,0
14960,0,3.8840000000000003,67,2,0,4,197,Chennai,0,1,0
9561,2,1.6975,45,17,1,2,669,Chennai,1,0,0
104743,13,0.04000000000000001,50,12,1,1,555,Kolkata,0,1,0
76205,6,1.924,28,37,0,2,519,Patna,0,1,0
126431,15,4.14,20,21,1,4,449,Mumbai,0,0,1
33968,0,0.10700000000000001,57,12,0,6,232,Hyderabad,1,1,0
55510,11,9.23,22,28,1,1,403,Kolkata,0,0,0
69713,0,0.8050000000000002,69,30,0,6,220,Patna,1,1,0
36826,10,2.3,38,4,1,5,325,Chennai,0,0,0
45664,1,0.64,39,5,0,6,183,Patna,1,0,0
136668,11,0.32,54,17,1,6,553,Lucknow,0,0,1
111533,0,1.1880000000000002,28,3,0,8,428,Hyderabad,0,1,0
21474,2,1.4625,61,24,0,6,250,Mumbai,1,0,0
128016,10,1.6840000000000002,39,38,0,5,209,Jaipur,0,1,0
105102,1,9.69,58,19,1,7,309,Pune,0,0,0
36805,0,0.14,70,4,1,6,208,Delhi,1,0,0
62942,3,1.4775,30,27,0,5,549,Lucknow,1,0,0
173175,1,8.58,69,3,0,3,446,Delhi,0,0,1
182260,11,4.81,20,34,0,6,426,Patna,0,0,1
83554,1,0.0075,30,0,0,7,243,Hyderabad,1,0,0
118784,0,0.9720000000000001,45,39,1,7,520,Kolkata,0,1,0
73328,0,0.81,28,27,0,3,637,Bhopal,1,0,0
18885,8,2.415,28,0,0,8,170,Delhi,1,0,0
109450,1,3.6479999999999997,38,21,0,2,577,Pune,0,1,0
61852,1,0.9490000000000001,69,0,0,8,313,Chennai,1,1,0
51121,1,2.065,38,27,0,2,633,Kolkata,1,0,0
15276,12,3.52,24,8,0,6,801,Kolkata,0,0,0
66151,18,9.06,34,15,1,3,829,Bhopal,0,0,1
163683,0,9.82,65,38,0,4,718,Patna,0,0,1
102710,6,1.4000000000000001,31,37,0,2,373,Patna,0,1,0
24269,9,0.261,50,24,0,1,311,Chennai,1,1,0
34477,0,0.547,28,9,0,7,298,Delhi,1,1,0
23182,0,0.18700000000000003,30,3,0,6,328,Pune,1,1,0
47874,0,0.132,18,26,0,6,655,Mumbai,0,1,0
39392,10,2.365,51,0,0,7,236,Jaipur,1,0,0
27826,3,3.704,26,14,0,0,443,Kolkata,0,1,0
51063,3,0.4075,30,18,0,7,636,Hyderabad,1,0,0
89196,0,1.6320000000000001,54,15,1,4,698,Lucknow,0,1,0
16576,4,3.3240000000000003,47,20,0,7,200,Mumbai,0,1,0
54868,0,1.6525,58,0,0,8,596,Lucknow,1,0,0
183048,17,3.95,62,28,0,1,848,Patna,0,0,1
77791,0,1.86,54,0,0,2,292,Bhopal,1,0,0
14624,8,2.2425,64,3,0,5,181,Chennai,1,0,0
86326,14,2.315,24,19,0,8,325,Chennai,1,0,0
87415,13,0.9475,31,30,0,7,298,Mumbai,1,0,0
53055,13,0.6960000000000001,65,36,0,5,521,Delhi,0,1,0
63943,0,0.9130000000000001,23,22,0,4,439,Chennai,1,1,0
55710,3,0.09300000000000001,51,22,0,2,74,Patna,1,1,0
48389,0,0.722,33,24,1,3,289,Lucknow,1,1,0
37522,9,0.5599999999999999,68,32,0,6,323,Hyderabad,0,1,0
33415,0,0.389,54,31,0,6,207,Hyderabad,1,1,0
14994,11,1.6480000000000001,53,10,0,2,451,Jaipur,0,1,0
47162,0,0.15900000000000003,63,20,0,3,414,Jaipur,1,1,0
84351,0,2.3075,23,16,0,2,516,Pune,1,0,0
66935,0,0.003,25,4,0,1,383,Mumbai,1,1,0
9434,0,0.894,41,10,0,5,260,Lucknow,1,1,0
66963,10,2.21,20,27,0,6,286,Delhi,1,0,0
166203,13,3.17,21,27,0,3,317,Jaipur,0,0,0
71340,1,2.8160000000000003,49,3,1,4,426,Kolkata,0,1,0
50032,1,0.6325,18,0,0,7,415,Chennai,1,0,0
88610,0,1.8975,51,29,0,8,533,Delhi,1,0,0
109119,1,1.4025,62,28,0,6,439,Jaipur,1,0,0
92064,1,3.0,26,24,1,0,480,Lucknow,0,0,0
12970,4,0.4,29,32,0,2,295,Delhi,1,1,0
69189,11,6.9,27,34,0,4,360,Delhi,0,0,0
22705,6,0.9060000000000001,27,20,0,2,208,Lucknow,1,1,0
75413,0,0.3275,67,32,0,0,285,Jaipur,1,0,0
12982,8,1.4275,61,20,1,1,419,Lucknow,1,0,0
115318,13,2.54,65,11,1,7,650,Bhopal,0,0,1
81099,13,2.0025,40,26,0,6,180,Bhopal,1,0,0
34810,15,0.7,23,19,1,2,562,Hyderabad,0,0,0
93716,2,1.7225,41,8,0,3,243,Hyderabad,1,0,0
56869,0,1.75,41,11,0,2,537,Lucknow,0,0,0
47955,16,5.96,38,35,0,3,841,Hyderabad,0,0,1
42013,6,2.09,59,1,1,7,209,Jaipur,1,0,0
16384,16,3.02,48,17,0,8,318,Hyderabad,0,1,0
62309,10,0.7530000000000001,64,21,0,6,361,Mumbai,1,1,0
13238,0,0.518,58,0,0,8,412,Mumbai,1,1,0
52693,3,2.2275,47,32,1,8,212,Jaipur,1,0,0
47471,0,1.47,51,4,0,6,253,Chennai,1,0,0
74766,18,9.18,35,30,0,6,503,Mumbai,0,0,0
56670,2,0.547,29,0,1,7,37,Bhopal,1,1,0
104833,0,5.06,52,6,0,2,756,Lucknow,0,0,1
45059,9,0.22200000000000003,24,12,1,7,533,Bhopal,1,1,0
85270,10,2.18,58,37,0,0,617,Jaipur,0,1,0
105690,7,0.3525,57,19,0,5,343,Hyderabad,1,0,0
16477,3,3.48,42,20,0,1,347,Hyderabad,0,1,0
63722,3,1.69,23,12,0,6,226,Mumbai,1,0,0
29846,0,0.994,18,15,0,2,379,Patna,1,1,0
90031,10,0.23,63,18,0,4,143,Pune,1,0,0
138853,8,2.41,33,26,0,1,810,Hyderabad,0,0,1
37464,0,2.1925,65,4,0,0,426,Chennai,1,0,0
63846,4,0.9875,21,20,0,4,477,Pune,1,0,0
38782,11,4.66,46,38,0,8,669,Bhopal,0,0,0
28245,5,3.444,55,27,0,8,350,Mumbai,0,1,0
45597,10,1.305,64,28,0,6,341,Jaipur,1,0,0
144936,16,1.93,45,28,0,8,742,Kolkata,0,0,1
105081,6,3.568,39,21,1,3,332,Jaipur,0,1,0
60147,0,0.031,25,27,0,2,375,Chennai,1,1,0
179276,6,8.95,49,29,1,3,580,Jaipur,0,0,1
118084,16,0.20400000000000001,50,27,0,6,398,Lucknow,0,1,0
180396,13,6.66,30,22,0,7,785,Patna,0,0,1
75491,0,0.18,44,24,1,1,629,Chennai,1,0,0
126668,7,7.06,35,3,1,4,634,Pune,0,0,1
49758,0,0.034,35,0,0,4,409,Bhopal,1,1,0
97252,0,2.105,30,23,0,8,173,Mumbai,1,0,0
31566,11,4.66,39,3,0,2,374,Lucknow,0,0,0
84294,0,0.2325,31,0,1,5,468,Delhi,1,0,0
29333,6,1.7675,28,3,1,4,512,Lucknow,1,0,0
75310,13,1.2225,56,4,1,1,276,Delhi,1,0,0
57514,0,0.4775,67,25,0,1,200,Kolkata,1,0,0
135263,10,0.16,70,28,1,3,507,Kolkata,0,0,1
52788,0,0.418,39,0,0,3,85,Pune,1,1,0
22129,13,0.215,53,22,0,6,566,Mumbai,1,0,0
8337,9,0.235,34,0,0,0,296,Jaipur,1,0,0
158217,6,2.67,68,12,1,5,810,Jaipur,0,0,1
115695,6,2.52,49,1,1,8,318,Bhopal,0,1,0
42849,0,0.53,31,24,0,1,101,Patna,1,1,0
89269,0,0.1725,59,0,0,4,592,Delhi,1,0,0
122507,11,9.68,46,17,1,3,841,Kolkata,0,0,1
100305,2,3.548,23,7,0,3,373,Mumbai,0,1,0
29743,6,2.59,67,11,0,7,785,Bhopal,0,0,0
33605,3,0.305,21,21,0,5,433,Kolkata,1,0,0
136534,15,9.42,28,8,0,6,546,Bhopal,0,0,1
99227,7,4.61,62,27,1,8,737,Mumbai,0,0,1
30789,0,0.311,57,0,1,2,72,Kolkata,1,1,0
39089,2,1.225,27,30,0,1,188,Hyderabad,1,0,0
58345,0,3.0920000000000005,45,16,1,2,331,Pune,0,1,0
87069,6,0.42,28,2,0,7,213,Jaipur,1,0,0
57814,2,0.767,52,0,0,8,434,Patna,1,1,0
101081,0,1.8725,32,14,1,4,550,Hyderabad,1,0,0
191481,11,5.39,25,21,0,7,756,Hyderabad,0,0,1
69654,6,0.8660000000000001,37,17,0,6,429,Lucknow,1,1,0
33634,0,0.33,67,3,1,8,348,Mumbai,1,0,0
7870,2,0.5950000000000001,38,23,0,3,29,Lucknow,1,1,0
69626,7,0.44900000000000007,18,0,0,2,334,Hyderabad,1,1,0
57572,8,1.055,46,0,1,8,296,Mumbai,1,0,0
69880,1,0.6325,41,17,0,7,528,Lucknow,1,0,0
24752,4,0.37200000000000005,47,0,0,6,236,Lucknow,1,1,0
26314,0,0.10800000000000001,57,20,0,0,277,Chennai,1,1,0
37208,9,0.252,52,24,0,1,76,Jaipur,1,1,0
177969,9,2.72,50,23,1,8,839,Bhopal,0,0,1
36278,5,1.8025,37,16,0,4,277,Patna,1,0,0
104955,0,0.1225,33,22,0,0,286,Bhopal,1,0,0
14985,0,0.651,26,20,0,8,184,Chennai,1,1,0
92844,1,0.5525,48,0,0,0,508,Jaipur,1,0,0
15368,5,0.082,34,29,1,7,11,Mumbai,1,1,0
27724,3,0.301,48,2,0,4,168,Mumbai,1,1,0
109532,8,0.8960000000000001,65,31,1,5,605,Bhopal,0,1,1
99702,14,1.38,40,0,0,0,568,Patna,1,0,0
52696,6,0.8925,23,11,0,1,613,Pune,1,0,0
45566,0,3.8640000000000003,47,33,1,6,628,Pune,0,1,0
122004,11,3.8560000000000003,24,7,0,1,285,Kolkata,0,1,0
78729,6,1.7760000000000002,65,1,0,4,606,Patna,0,1,0
12157,0,0.795,57,12,0,8,97,Kolkata,1,1,0
26071,6,0.0325,59,6,0,4,345,Bhopal,1,0,0
109700,4,1.37,63,0,0,2,566,Chennai,1,0,0
54291,8,0.743,28,0,1,5,475,Chennai,1,1,0
83403,0,0.5425,51,0,0,6,322,Bhopal,1,0,0
89254,8,0.1525,29,7,0,7,416,Chennai,1,0,0
128550,6,1.56,69,34,0,2,315,Mumbai,0,0,0
104071,0,1.105,69,0,0,3,497,Pune,1,0,0
37972,0,0.506,62,26,0,3,335,Chennai,1,1,0
148296,2,3.81,64,18,0,1,319,Jaipur,0,0,0
69628,2,0.44000000000000006,44,25,0,6,439,Lucknow,1,1,0
135779,6,4.7,29,38,1,3,543,Chennai,0,0,1
94064,0,3.0760000000000005,30,9,0,3,423,Hyderabad,0,1,0
30836,13,0.42000000000000004,25,9,0,7,571,Patna,0,1,0
185201,7,7.69,33,19,0,5,561,Delhi,0,0,1
42552,10,1.7225,46,0,0,5,339,Lucknow,1,0,0
58917,13,1.855,52,0,1,8,127,Kolkata,1,0,0
32868,0,1.835,46,0,0,3,565,Lucknow,1,0,0
13755,3,0.47100000000000003,48,29,0,8,13,Hyderabad,1,1,0
51079,6,0.211,30,24,1,0,386,Hyderabad,1,1,0
47769,3,1.3425,29,0,0,8,141,Delhi,1,0,0
70999,7,3.8320000000000003,68,35,1,0,404,Patna,0,1,0
65465,11,2.356,19,12,0,6,414,Kolkata,0,1,0
158252,13,0.11,50,34,0,5,640,Lucknow,0,0,1
113538,15,0.6,25,14,1,6,433,Patna,0,0,0
19741,3,3.972,58,21,0,8,357,Jaipur,0,1,0
24637,3,0.18,57,0,0,3,639,Hyderabad,1,0,0
62604,10,0.115,70,8,0,8,658,Lucknow,1,0,0
88134,13,1.412,66,4,0,2,616,Chennai,0,1,0
70612,15,3.876,58,20,0,8,230,Lucknow,0,1,0
69312,9,0.7975,49,15,0,0,562,Patna,1,0,0
24681,6,0.41,55,22,0,4,280,Pune,1,1,0
32302,5,0.634,45,31,0,4,43,Mumbai,1,1,0
51345,12,0.06,32,21,0,0,484,Patna,1,0,0
11157,0,0.8980000000000001,40,0,0,0,268,Chennai,1,1,0
120426,5,5.19,41,6,0,2,592,Jaipur,0,0,0
20842,5,4.67,30,26,0,8,493,Jaipur,0,0,0
53203,16,3.444,38,23,0,6,550,Lucknow,0,1,0
50313,0,0.953,29,10,1,5,77,Jaipur,1,1,0
60968,3,4.23,30,40,1,8,488,Hyderabad,0,0,0
21130,7,0.6880000000000001,56,33,0,3,569,Pune,0,1,0
109250,7,3.2640000000000002,40,21,0,3,204,Pune,0,1,0
38266,10,1.0075,67,18,0,2,421,Bhopal,1,0,0
59002,4,0.9359999999999999,63,0,0,4,357,Bhopal,1,1,0
61372,0,0.9500000000000001,60,1,1,4,93,Delhi,1,1,0
29283,0,0.11499999999999999,45,22,0,6,550,Chennai,1,1,0
82055,9,9.57,31,24,1,6,635,Jaipur,0,0,1
66753,11,1.4720000000000002,34,1,0,5,343,Jaipur,0,1,0
66681,5,1.615,41,1,0,3,460,Delhi,1,0,0
49372,0,0.034999999999999996,70,1,0,6,71,Mumbai,1,1,0
7276,7,0.8890000000000001,51,17,0,1,41,Patna,1,1,0
69120,14,6.42,68,4,1,8,710,Lucknow,0,0,1
19069,0,0.6440000000000001,65,13,0,6,20,Delhi,1,1,0
11217,7,3.608,39,3,1,1,180,Patna,0,1,0
15145,0,0.508,27,25,0,1,75,Pune,1,1,0
94074,13,1.0275,25,0,0,5,517,Delhi,1,0,0
69693,0,2.165,38,8,0,6,207,Jaipur,1,0,0
41654,1,7.42,54,10,1,8,316,Lucknow,0,0,0
34470,0,0.9490000000000001,24,0,0,3,328,Bhopal,1,1,0
44320,4,9.4,43,27,1,7,509,Chennai,0,0,0
23275,13,1.528,30,32,0,1,562,Chennai,0,1,0
24090,5,0.447,33,16,0,5,145,Delhi,1,1,0
133581,7,2.56,47,20,1,3,752,Chennai,0,0,1
78609,13,1.6525,48,3,0,7,512,Pune,1,0,0
17793,0,0.365,22,17,0,8,309,Jaipur,1,1,0
108482,3,1.965,49,20,0,1,611,Chennai,1,0,0
95600,5,0.305,33,29,1,6,549,Kolkata,1,0,0
59407,16,0.46399999999999997,64,34,0,6,180,Pune,0,1,0
79749,1,0.8160000000000001,26,36,1,7,220,Pune,0,1,0
25920,9,0.084,39,20,0,4,211,Hyderabad,1,1,0
55492,0,1.55,61,15,0,2,452,Bhopal,1,0,0
21537,4,0.588,57,14,0,0,625,Delhi,0,1,0
105887,15,1.6,62,5,0,3,603,Mumbai,0,0,0
89126,9,0.05600000000000001,54,31,0,2,333,Pune,0,1,0
62377,7,7.82,31,33,0,1,822,Chennai,0,0,1
93294,13,2.03,33,27,1,5,144,Lucknow,1,0,0
50369,14,0.6480000000000001,60,19,0,6,204,Jaipur,0,1,0
73283,13,7.4,37,11,0,6,405,Mumbai,0,0,0
17557,0,1.085,61,26,0,7,238,Bhopal,1,0,0
34425,0,0.6,32,29,0,1,227,Pune,1,0,0
50219,13,2.484,61,16,0,5,509,Jaipur,0,1,0
38134,0,0.445,43,18,0,5,299,Bhopal,1,0,0
57903,6,3.0280000000000005,26,16,0,0,310,Jaipur,0,1,0
27151,0,0.048,18,2,1,1,167,Patna,1,1,0
179074,0,9.59,52,38,1,8,522,Chennai,0,0,1
22919,5,0.18,61,0,0,7,588,Lucknow,1,0,0
12488,0,2.3160000000000003,37,1,0,3,457,Kolkata,0,1,0
55900,7,0.902,62,20,0,5,189,Jaipur,1,1,0
77507,6,0.12,23,23,0,1,830,Jaipur,0,0,0
25787,6,0.49900000000000005,59,15,0,4,525,Pune,1,1,0
52971,3,0.35000000000000003,27,7,0,1,189,Delhi,1,1,0
15433,0,0.58,65,22,0,4,217,Bhopal,1,1,0
19322,0,0.5625,50,0,0,6,418,Patna,1,0,0
18259,0,0.1625,33,18,1,6,430,Mumbai,1,0,0
33545,15,2.504,53,40,0,8,415,Kolkata,0,1,0
103970,0,1.0425,23,5,0,2,287,Chennai,1,0,0
84748,10,1.555,36,16,0,3,312,Jaipur,1,0,0
120803,7,0.844,48,21,0,8,421,Delhi,0,1,0
30472,7,1.356,19,34,0,7,341,Hyderabad,0,1,0
21709,10,1.405,35,24,0,6,458,Pune,1,0,0
108836,3,1.4825,59,18,0,7,574,Pune,1,0,0
100151,0,0.93,45,31,0,8,254,Kolkata,1,0,0
69131,19,2.8,21,25,1,3,492,Kolkata,0,0,0
93587,11,0.685,18,10,0,4,521,Delhi,1,0,0
27828,12,1.75,64,38,0,8,691,Hyderabad,0,0,0
111664,11,3.25,59,25,1,6,341,Hyderabad,0,0,0
95857,12,0.796,67,5,1,3,272,Kolkata,0,1,0
16606,0,1.585,33,0,0,5,334,Patna,1,0,0
105014,3,1.4225,62,0,0,0,468,Patna,1,0,0
91508,4,0.9575,64,19,0,0,632,Kolkata,1,0,0
64634,0,0.815,19,0,1,8,454,Lucknow,1,0,0
22497,1,0.952,69,12,1,7,578,Kolkata,0,1,0
67875,0,0.535,53,4,0,0,163,Delhi,1,1,0
102714,10,3.676,18,12,1,1,285,Hyderabad,0,1,0
50182,0,1.715,56,0,0,3,351,Mumbai,1,0,0
17745,3,7.44,40,39,0,0,832,Pune,0,0,0
25111,0,0.8340000000000001,43,28,0,1,176,Kolkata,1,1,0
6744,6,0.35200000000000004,28,22,0,4,293,Bhopal,1,1,0
178317,7,0.63,59,16,0,7,564,Jaipur,0,0,1
104937,1,1.5575,18,0,1,5,639,Lucknow,1,0,0
79024,5,0.4725,28,4,0,5,389,Mumbai,1,0,0
56130,16,2.2760000000000002,41,36,1,3,391,Kolkata,0,1,0
66374,7,7.4,27,13,0,1,462,Kolkata,0,0,0
84108,14,3.136,31,10,0,2,232,Mumbai,0,1,0
90725,0,1.2080000000000002,31,24,0,5,412,Patna,0,1,0
62986,7,0.512,24,22,0,5,437,Kolkata,1,1,0
52815,14,1.5525,40,5,0,4,637,Hyderabad,1,0,0
108574,18,8.19,60,6,1,5,343,Bhopal,0,0,0
59530,8,0.7610000000000001,39,15,0,5,515,Delhi,1,1,0
16241,4,0.9880000000000001,53,27,0,0,91,Bhopal,1,1,0
106587,1,0.032,44,40,0,5,617,Hyderabad,0,1,0
44336,15,4.37,19,2,1,4,636,Bhopal,0,0,0
30795,1,0.64,56,17,0,7,413,Patna,1,0,0
38692,9,0.3,68,17,1,8,383,Delhi,1,0,0
54964,13,3.6479999999999997,63,0,1,5,284,Bhopal,0,1,0
66955,19,9.98,36,14,0,3,523,Pune,0,0,0
76240,15,1.81,24,10,1,2,718,Hyderabad,0,0,0
91390,4,0.095,29,28,0,0,234,Hyderabad,1,0,0
152227,6,2.75,20,6,1,6,534,Jaipur,0,0,0
40044,12,3.34,64,11,0,4,453,Chennai,0,1,0
98757,10,0.735,22,29,0,3,349,Lucknow,1,0,0
167035,11,0.57,25,2,0,8,333,Chennai,0,0,0
127527,8,0.20800000000000002,31,25,0,6,567,Lucknow,0,1,1
44115,5,1.708,53,29,1,7,680,Bhopal,0,1,0
43510,0,2.33,24,23,0,3,581,Pune,1,0,0
109794,7,0.715,24,27,0,7,568,Pune,1,0,0
108555,0,1.708,67,36,0,3,393,Kolkata,0,1,0
47152,6,0.10200000000000001,63,9,0,0,45,Chennai,1,1,0
19426,3,4.94,49,0,1,7,704,Bhopal,0,0,0
23433,14,1.7425,25,12,0,0,452,Jaipur,1,0,0
106647,0,0.6775,29,19,1,2,359,Jaipur,1,0,0
28048,15,1.1880000000000002,27,15,0,6,433,Mumbai,0,1,0
17100,2,3.3680000000000003,31,27,0,2,407,Kolkata,0,1,0
105458,3,0.025,26,13,0,7,285,Pune,1,0,0
57918,10,1.59,55,10,0,4,630,Patna,1,0,0
43609,0,0.394,47,0,0,2,389,Pune,1,1,0
6150,0,0.298,22,22,0,4,422,Chennai,1,1,0
70049,2,2.632,18,33,0,4,590,Patna,0,1,0
36559,0,0.835,18,31,1,7,446,Pune,1,1,0
46131,8,5.58,37,5,0,8,702,Pune,0,0,0
67428,11,0.31,66,27,0,5,396,Mumbai,0,0,0
17470,0,0.4610000000000001,28,0,1,2,378,Pune,1,1,0
42380,0,0.463,43,22,0,1,185,Chennai,1,1,0
22903,0,0.544,61,7,0,2,243,Chennai,1,1,0
82691,8,2.684,20,16,0,8,682,Pune,0,1,0
167679,18,0.19,23,26,0,6,587,Hyderabad,0,0,1
61146,0,0.502,60,15,1,8,368,Mumbai,1,1,0
62663,0,1.47,62,11,0,5,184,Hyderabad,1,0,0
86889,0,0.8575,28,23,0,7,281,Chennai,1,0,0
172495,15,6.68,25,34,1,8,717,Lucknow,0,0,1
89707,0,2.28,46,12,0,2,780,Delhi,0,0,1
41918,5,0.7925,27,11,0,6,388,Delhi,1,0,0
41878,0,3.8520000000000003,51,1,0,8,369,Bhopal,0,1,0
97152,6,3.48,41,3,0,1,705,Hyderabad,0,0,1
79981,6,1.3880000000000001,63,26,0,6,668,Chennai,0,1,0
119944,8,2.384,65,24,0,4,491,Jaipur,0,1,0
105732,0,2.4275,34,0,1,7,213,Chennai,1,0,0
54958,0,0.9830000000000001,49,23,1,3,389,Jaipur,1,1,0
32975,4,0.58,28,8,0,0,546,Lucknow,1,1,0
116262,6,0.004,51,0,0,7,590,Pune,0,1,0
70778,0,2.2525,41,24,0,5,331,Chennai,1,0,0
33810,0,1.425,22,21,0,7,488,Bhopal,1,0,0
111762,3,3.66,46,4,0,2,467,Pune,0,0,0
79271,6,3.316,65,11,0,7,193,Delhi,0,1,0
86743,0,1.6,65,37,0,7,386,Hyderabad,0,1,0
50518,5,0.034,51,23,0,0,42,Chennai,1,1,0
7866,0,0.8210000000000002,33,29,0,3,441,Mumbai,1,1,0
89218,12,5.46,42,16,1,6,814,Chennai,0,0,1
98951,0,0.845,54,31,0,0,514,Lucknow,1,0,0
26086,10,0.6275,25,23,0,2,357,Patna,1,0,0
24759,16,2.3760000000000003,46,23,0,2,710,Bhopal,0,1,0
116385,7,0.8320000000000001,69,11,1,5,583,Mumbai,0,1,0
13937,8,0.32400000000000007,63,22,0,4,213,Lucknow,1,1,0
32336,0,0.637,42,10,1,6,373,Pune,1,1,0
33990,5,8.82,59,28,0,2,431,Hyderabad,0,0,0
68425,3,2.132,40,20,0,0,188,Lucknow,0,1,0
95360,12,7.59,51,25,0,2,452,Delhi,0,0,0
51081,4,7.63,20,27,1,7,730,Delhi,0,0,1
56164,0,0.664,47,8,0,4,482,Jaipur,1,1,0
67799,2,0.615,67,0,0,2,424,Hyderabad,1,0,0
17182,4,2.1675,70,12,1,7,403,Delhi,1,0,0
50025,0,0.43600000000000005,51,25,0,5,471,Chennai,1,1,0
11516,0,0.11,49,2,0,2,309,Pune,1,0,0
83200,2,0.9800000000000001,70,19,1,4,707,Kolkata,0,1,0
125862,14,3.064,46,38,0,0,691,Delhi,0,1,1
50063,5,0.69,26,15,1,5,642,Patna,0,0,0
112526,6,0.588,19,28,0,8,609,Kolkata,0,1,0
104962,4,1.735,56,0,0,6,153,Kolkata,1,0,0
34164,0,2.2325,24,9,0,7,590,Patna,1,0,0
99703,1,6.34,63,21,1,5,693,Kolkata,0,0,0
92233,12,0.555,22,0,1,4,614,Chennai,1,0,0
143557,3,0.53,25,6,0,5,812,Lucknow,0,0,1
23141,0,1.5375,49,16,0,6,441,Delhi,1,0,0
21308,6,0.047,35,21,0,8,114,Mumbai,1,1,0
54760,0,1.5325,55,25,0,7,333,Delhi,1,0,0
29766,0,0.565,63,32,0,4,264,Kolkata,1,0,0
16599,0,0.9050000000000001,35,2,0,6,177,Pune,1,1,0
20844,0,0.47500000000000003,66,6,0,7,359,Patna,1,1,0
45357,0,0.56,58,26,0,0,404,Pune,1,0,0
123711,14,3.412,62,22,0,7,424,Mumbai,0,1,0
82293,5,2.54,33,20,0,6,505,Chennai,0,0,0
39774,7,0.307,38,19,0,1,341,Kolkata,1,1,0
119551,5,3.3360000000000003,27,12,0,1,539,Patna,0,1,0
34713,6,1.236,59,33,0,5,678,Jaipur,0,1,0
58527,0,4.1,21,37,0,2,440,Jaipur,0,0,0
59947,0,1.3920000000000001,61,5,0,0,401,Mumbai,0,1,0
95266,8,0.46399999999999997,25,3,0,7,568,Mumbai,0,1,0
85185,0,0.0975,64,0,0,6,449,Hyderabad,1,0,0
59589,13,1.8125,70,31,0,3,512,Mumbai,1,0,0
60897,0,0.645,36,0,0,0,357,Mumbai,1,1,0
40399,15,1.128,64,20,0,1,573,Chennai,0,1,0
79977,0,1.184,57,27,0,8,219,Hyderabad,0,1,0
38010,11,2.3625,57,0,0,3,392,Jaipur,1,0,0
160051,8,9.88,68,22,0,2,719,Jaipur,0,0,1
15489,3,0.4730000000000001,26,0,0,7,69,Patna,1,1,0
70351,10,2.005,47,10,0,3,577,Pune,1,0,0
18113,9,2.9480000000000004,34,10,0,6,413,Lucknow,0,1,0
48252,0,1.1880000000000002,57,9,0,4,376,Kolkata,0,1,0
40851,4,0.59,61,27,0,4,808,Patna,0,0,0
25453,14,0.3575,32,11,0,5,655,Patna,1,0,0
48621,10,2.095,21,19,1,3,266,Chennai,1,0,0
16746,0,1.8275,23,20,0,1,578,Lucknow,1,0,0
32611,0,0.664,33,0,0,5,66,Patna,1,1,0
67652,0,0.524,43,18,0,4,209,Delhi,0,1,0
11248,0,1.6,54,12,0,2,226,Jaipur,1,0,0
66415,1,3.088,40,17,0,3,569,Mumbai,0,1,0
103063,13,2.1525,30,0,0,2,525,Mumbai,1,0,0
43318,14,0.0325,64,0,0,2,240,Bhopal,1,0,0
19258,2,0.684,34,32,0,3,10,Chennai,1,1,0
61361,0,0.0475,44,16,0,1,466,Hyderabad,1,0,0
49602,0,0.7070000000000001,69,25,0,3,252,Kolkata,1,1,0
76320,13,1.59,39,0,0,1,238,Jaipur,1,0,0
90922,0,0.592,54,8,0,7,699,Delhi,0,1,0
97319,7,1.915,36,9,0,4,334,Patna,1,0,0
93202,0,0.272,56,10,0,6,259,Patna,0,1,0
40372,16,8.26,52,12,0,3,718,Chennai,0,0,0
10253,14,0.655,30,29,0,5,408,Kolkata,1,0,0
95740,7,1.7225,31,0,1,3,353,Pune,1,0,0
17540,5,0.924,65,7,0,5,260,Delhi,1,1,0
29122,13,3.4,48,3,0,0,321,Kolkata,0,0,0
170892,15,5.03,62,33,0,5,377,Pune,0,0,1
83431,19,4.63,19,6,1,5,313,Kolkata,0,0,0
70745,7,1.58,63,14,1,1,447,Patna,0,0,0
35794,0,1.475,69,29,0,8,149,Patna,1,0,0
100608,14,2.972,56,10,0,5,617,Lucknow,0,1,0
107162,0,3.668,54,31,0,6,709,Bhopal,0,1,1
100276,0,3.404,31,26,0,1,242,Bhopal,0,1,0
91253,14,5.1,26,29,0,1,729,Chennai,0,0,1
18300,0,0.7190000000000001,27,8,0,1,134,Pune,1,1,0
13866,11,2.0025,24,27,0,8,276,Patna,1,0,0
45075,3,0.493,45,10,0,2,253,Bhopal,1,1,0
59921,6,0.11499999999999999,63,0,0,3,186,Lucknow,1,1,0
63414,2,0.438,42,12,0,0,378,Hyderabad,1,1,0
191314,0,8.42,63,27,1,0,626,Patna,0,0,1
116971,4,5.97,45,2,0,3,498,Lucknow,0,0,0
108783,12,7.24,19,13,0,1,470,Mumbai,0,0,0
91442,9,0.7400000000000001,34,1,0,7,494,Kolkata,0,1,0
102893,2,9.64,69,28,0,3,305,Bhopal,0,0,0
95569,8,1.01,21,9,1,2,375,Hyderabad,1,0,0
60424,14,2.616,30,36,0,2,499,Lucknow,0,1,0
35530,6,0.019000000000000003,35,15,0,5,247,Pune,1,1,0
20680,0,0.3175,20,3,0,5,123,Delhi,1,0,0
58662,5,0.782,68,23,0,5,512,Hyderabad,1,1,0
154227,13,9.68,54,17,1,5,805,Jaipur,0,0,1
118851,7,1.2800000000000002,50,12,0,7,210,Mumbai,0,1,0
34710,11,0.37,58,3,0,7,574,Patna,0,0,0
68042,4,0.9025,41,14,0,8,444,Patna,1,0,0
60990,6,0.017,25,1,0,0,176,Mumbai,1,1,0
93422,3,0.768,52,4,0,7,466,Patna,0,1,0
90570,10,1.88,19,31,0,4,198,Delhi,1,0,0
27965,10,0.9369999999999999,50,5,0,2,242,Kolkata,1,1,0
83071,13,0.2175,29,25,0,2,620,Patna,1,0,0
64537,6,2.232,39,27,1,5,384,Mumbai,0,1,0
91351,0,0.635,30,0,0,7,579,Patna,1,0,0
123197,5,0.5559999999999999,27,15,0,1,562,Hyderabad,0,1,0
20722,9,2.19,34,30,0,8,632,Mumbai,0,0,0
62020,0,0.5780000000000001,60,0,0,4,165,Hyderabad,1,1,0
52827,0,0.1625,22,0,0,4,280,Delhi,1,0,0
54227,0,1.085,26,20,0,0,125,Lucknow,1,0,0
53125,7,0.54,30,35,0,5,384,Jaipur,0,1,0
102939,6,1.092,69,38,1,4,711,Jaipur,0,1,1
45827,6,0.4775,40,0,0,6,219,Mumbai,1,0,0
21348,0,2.2075,47,0,0,6,164,Delhi,1,0,0
36201,1,2.8320000000000003,60,16,0,3,636,Patna,0,1,0
59263,0,0.868,21,11,0,4,226,Bhopal,1,1,0
171314,5,3.83,38,13,0,7,614,Bhopal,0,0,1
38962,11,0.7825,60,20,0,1,171,Mumbai,1,0,0
78923,2,0.9525,26,4,0,0,265,Kolkata,1,0,0
43648,4,0.019000000000000003,24,27,0,5,280,Kolkata,1,1,0
70046,3,2.9000000000000004,33,16,0,3,302,Mumbai,0,1,0
109805,12,0.875,40,0,0,2,590,Hyderabad,1,0,0
36015,5,0.313,40,11,0,6,296,Kolkata,1,1,0
43482,5,5.98,48,10,1,7,811,Kolkata,0,0,0
24171,5,4.36,22,21,0,3,801,Kolkata,0,0,0
75240,0,3.9240000000000004,23,7,0,5,381,Pune,0,1,0
80031,5,1.4240000000000002,68,27,0,1,594,Patna,0,1,0
94719,0,2.456,18,40,0,7,601,Bhopal,0,1,0
121082,13,3.12,65,29,0,5,819,Kolkata,0,0,1
12152,0,3.9640000000000004,45,32,0,8,252,Chennai,0,1,0
91851,7,1.7800000000000002,35,32,0,5,524,Delhi,0,1,0
59391,0,0.634,41,27,0,5,26,Mumbai,1,1,0
91511,4,0.3175,30,18,0,1,288,Kolkata,1,0,0
18781,5,1.8325,50,11,0,4,328,Hyderabad,1,0,0
79785,3,0.6725,27,24,0,8,662,Delhi,1,0,0
44538,13,1.7960000000000003,24,24,0,0,724,Jaipur,0,1,0
60740,6,8.83,54,18,0,3,609,Jaipur,0,0,0
121611,6,9.71,49,20,1,2,479,Patna,0,0,0
151028,10,4.25,62,32,0,0,737,Chennai,0,0,1
53066,0,3.34,39,2,0,0,656,Patna,0,1,0
43346,13,0.1325,33,5,0,0,514,Hyderabad,1,0,0
109027,0,2.12,41,6,1,0,661,Patna,1,0,0
197385,12,6.3,69,32,0,1,356,Chennai,0,0,1
27967,7,0.489,31,13,0,4,173,Delhi,1,1,0
30417,8,8.9,28,0,0,1,625,Mumbai,0,0,0
170801,8,8.45,36,30,1,3,621,Kolkata,0,0,1
70120,2,0.7425,40,26,1,8,302,Kolkata,1,0,0
16122,0,0.791,51,11,1,2,234,Mumbai,1,1,0
114421,0,0.396,57,31,0,1,365,Patna,0,1,0
87270,0,2.0575,30,3,0,3,385,Jaipur,1,0,0
133474,14,6.75,56,15,1,8,628,Jaipur,0,0,1
24256,2,0.88,61,7,1,3,664,Chennai,0,0,0
17760,0,0.683,45,5,0,4,23,Delhi,1,1,0
69113,1,2.324,57,17,0,3,440,Patna,0,1,0
37934,0,2.3800000000000003,33,29,0,7,534,Hyderabad,0,1,0
17710,0,0.29100000000000004,67,24,0,3,195,Kolkata,1,1,0
172608,14,2.66,68,33,1,1,789,Hyderabad,0,0,1
99700,12,7.63,45,33,0,3,632,Pune,0,0,1
33437,9,0.257,21,0,0,1,320,Lucknow,1,1,0
50988,0,0.446,45,0,0,8,446,Chennai,1,1,0
53246,0,0.6950000000000001,29,0,0,7,376,Chennai,1,1,0
61002,14,0.8,33,21,1,8,502,Bhopal,0,0,0
42127,13,2.3800000000000003,70,7,1,3,269,Delhi,0,1,0
60308,7,0.589,66,28,0,0,176,Bhopal,1,1,0
44310,0,0.684,53,6,0,2,31,Bhopal,1,1,0
53084,10,1.4800000000000002,37,25,0,6,422,Chennai,0,1,0
40755,7,0.44900000000000007,43,30,0,0,69,Delhi,1,1,0
57998,17,3.3,43,2,1,7,370,Hyderabad,0,0,0
77740,15,3.232,39,9,1,8,337,Kolkata,0,1,0
68524,0,0.131,26,0,0,7,548,Lucknow,1,1,0
22812,1,9.63,22,29,1,4,625,Hyderabad,0,0,0
27471,0,0.635,34,13,0,8,34,Chennai,1,1,0
96363,15,3.548,66,2,0,3,659,Pune,0,1,1
123415,0,1.704,51,0,0,8,639,Patna,0,1,0
89601,10,3.32,19,32,1,0,715,Chennai,0,0,1
55178,0,0.901,70,10,0,2,418,Pune,1,1,0
196646,5,0.99,24,35,0,3,810,Mumbai,0,0,1
62857,9,1.17,53,33,0,0,667,Kolkata,0,0,0
50248,0,0.29900000000000004,30,22,0,5,206,Mumbai,1,1,0
19635,4,2.4,37,15,0,3,480,Chennai,1,0,0
120598,0,2.532,47,11,0,3,615,Pune,0,1,0
103632,0,1.385,47,4,0,0,389,Hyderabad,1,0,0
108330,0,7.05,28,15,1,4,532,Chennai,0,0,0
159941,18,4.17,48,15,1,8,405,Patna,0,0,1
108566,0,3.032,20,19,1,5,197,Jaipur,0,1,0
115457,16,1.572,19,40,0,7,674,Kolkata,0,1,1
78353,19,8.26,65,26,0,3,559,Kolkata,0,0,1
124213,16,1.068,20,38,0,8,664,Patna,0,1,1
63674,0,0.695,32,4,0,6,432,Patna,1,0,0
125481,7,2.088,34,3,1,6,281,Pune,0,1,0
106502,19,4.31,65,31,0,7,836,Lucknow,0,0,1
46096,7,0.6480000000000001,69,31,0,1,179,Kolkata,1,1,0
124850,0,3.64,24,33,0,5,809,Bhopal,0,0,1
39061,0,0.924,65,38,0,6,656,Hyderabad,0,1,0
104222,9,1.8800000000000001,22,16,0,2,579,Hyderabad,0,1,0
115037,0,2.244,51,23,0,7,529,Hyderabad,0,1,0
10911,0,0.143,50,20,1,0,214,Mumbai,1,1,0
50331,6,2.228,62,27,1,0,562,Chennai,0,1,0
106227,6,0.7975,33,13,0,2,243,Pune,1,0,0
19245,9,0.98,54,19,1,5,411,Delhi,1,0,0
9214,2,0.279,20,16,1,6,327,Kolkata,1,1,0
64996,0,3.724,64,40,0,1,277,Pune,0,1,0
162745,15,6.83,65,2,1,5,599,Hyderabad,0,0,1
49266,0,0.262,60,4,0,4,29,Bhopal,1,1,0
61893,3,0.645,68,22,0,5,73,Delhi,1,1,0
99245,0,3.3960000000000004,67,12,1,0,351,Chennai,0,1,0
14569,12,1.6079999999999999,38,40,0,6,263,Chennai,0,1,0
189956,10,8.3,58,17,0,7,589,Jaipur,0,0,1
105973,14,0.6160000000000001,25,36,1,6,264,Kolkata,0,1,0
183798,2,8.23,39,33,1,8,553,Kolkata,0,0,1
28624,4,1.35,68,8,0,0,638,Delhi,1,0,0
100988,0,0.5575,22,12,0,8,571,Patna,1,0,0
35736,10,1.0175,34,27,0,2,426,Kolkata,1,0,0
115910,2,3.9520000000000004,54,39,1,1,363,Delhi,0,1,0
10357,3,1.96,31,10,0,5,433,Pune,1,0,0
31946,6,2.3000000000000003,56,11,1,4,520,Chennai,0,1,0
45484,0,0.11499999999999999,58,19,0,3,226,Patna,1,1,0
100076,19,4.18,45,10,0,3,563,Pune,0,0,1
109742,3,0.6575,48,28,0,7,569,Chennai,1,0,0
19091,0,0.071,34,19,1,2,250,Pune,1,1,0
34825,9,2.168,52,34,0,0,587,Kolkata,0,1,0
105453,11,8.89,57,14,1,4,469,Hyderabad,0,0,1
92614,8,1.69,39,7,0,7,251,Jaipur,1,0,0
32430,0,0.25,62,0,1,2,45,Patna,1,1,0
126435,9,5.74,65,2,0,1,649,Mumbai,0,0,1
166538,18,9.43,70,30,0,0,398,Delhi,0,0,1
71982,0,2.8920000000000003,46,11,1,3,216,Delhi,0,1,0
21619,0,0.6890000000000001,27,0,0,1,437,Delhi,1,1,0
26863,0,0.968,35,16,0,7,74,Hyderabad,1,1,0
112213,12,3.196,52,34,1,8,237,Pune,0,1,0
60232,0,0.137,61,3,0,0,18,Kolkata,1,1,0
70541,2,1.3920000000000001,33,20,0,1,581,Patna,0,1,0
36300,13,2.4125,67,17,0,5,307,Pune,1,0,0
47221,4,1.9600000000000002,66,1,0,6,318,Hyderabad,0,1,0
118032,0,0.44800000000000006,24,13,0,1,322,Chennai,0,1,0
56923,3,0.459,47,0,0,7,107,Chennai,1,1,0
169136,16,6.97,36,16,0,8,520,Mumbai,0,0,1
40711,0,9.98,40,4,0,7,444,Bhopal,0,0,0
16125,0,0.32400000000000007,25,15,0,8,509,Lucknow,1,1,0
28763,9,0.514,34,0,0,5,375,Mumbai,1,1,0
89463,14,2.2,38,14,0,6,124,Kolkata,1,0,0
79985,12,0.8875,43,8,1,5,507,Lucknow,1,0,0
75890,0,0.43600000000000005,45,11,0,6,342,Delhi,0,1,0
153286,7,9.49,56,10,1,2,664,Delhi,0,0,1
141479,12,4.88,50,10,1,3,716,Bhopal,0,0,1
173199,3,5.03,57,33,0,8,808,Jaipur,0,0,1
98288,4,2.484,36,36,0,2,200,Mumbai,0,1,0
24136,2,0.01,46,20,0,1,636,Patna,1,0,0
9739,11,2.3275,37,27,0,6,316,Patna,1,0,0
21693,7,1.444,37,26,0,5,524,Delhi,0,1,0
16548,3,0.9925,27,13,0,2,449,Chennai,1,0,0
39938,4,0.435,29,0,0,5,497,Kolkata,1,0,0
68825,0,0.945,50,27,0,6,330,Pune,1,0,0
68324,0,0.8039999999999999,42,21,0,5,159,Patna,1,1,0
8942,0,0.8,42,0,0,0,353,Chennai,1,1,0
97074,14,3.7439999999999998,70,11,0,0,419,Pune,0,1,0
106263,9,1.0075,21,0,0,8,198,Lucknow,1,0,0
117842,14,7.09,21,16,1,5,451,Hyderabad,0,0,0
176953,6,5.07,26,40,0,1,816,Pune,0,0,1
60500,11,3.2159999999999997,32,31,0,0,562,Kolkata,0,1,0
100609,0,2.8520000000000003,43,7,0,1,531,Patna,0,1,0
67874,15,3.68,32,22,0,7,500,Hyderabad,0,0,0
30060,0,0.337,43,29,1,4,132,Bhopal,1,1,0
17743,14,1.008,45,29,0,6,348,Pune,0,1,0
42128,4,5.77,24,14,1,6,690,Hyderabad,0,0,0
83368,6,9.64,49,9,0,1,684,Hyderabad,0,0,1
33589,8,0.2,29,29,0,3,97,Delhi,1,1,0
17131,0,0.095,52,6,0,1,376,Jaipur,1,1,0
56208,6,0.119,69,21,0,6,339,Pune,1,1,0
86449,1,1.9575,49,17,0,4,650,Jaipur,1,0,0
115646,0,1.4000000000000001,26,13,0,0,311,Patna,0,1,0
148872,1,2.24,31,2,0,1,509,Chennai,0,0,0
122709,10,1.412,30,35,0,5,184,Chennai,0,1,0
96643,15,2.58,61,25,0,3,556,Patna,0,1,0
92603,17,5.47,50,13,1,6,353,Pune,0,0,0
26879,4,1.86,49,22,0,1,617,Lucknow,1,0,0
16723,5,1.356,36,13,0,1,377,Kolkata,0,1,0
39361,0,0.45199999999999996,47,31,0,5,440,Jaipur,1,1,0
137049,4,1.02,33,9,1,7,479,Pune,0,0,0
12720,0,0.073,29,0,0,0,240,Mumbai,1,1,0
55425,6,1.155,27,31,0,4,439,Delhi,1,0,0
84334,6,0.755,19,9,0,0,620,Jaipur,1,0,0
91893,13,2.452,35,35,1,5,202,Pune,0,1,0
91040,0,0.1075,30,27,1,6,299,Hyderabad,1,0,0
106118,15,1.22,46,11,1,5,474,Lucknow,0,0,0
52612,0,3.4600000000000004,41,39,0,8,377,Delhi,0,1,0
10255,8,0.5660000000000001,55,0,0,2,537,Patna,1,1,0
63994,0,0.7120000000000001,29,9,1,7,453,Jaipur,1,1,0
17258,0,0.8420000000000001,46,0,0,2,98,Lucknow,1,1,0
41815,0,0.46399999999999997,39,22,0,6,426,Chennai,1,1,0
107864,5,3.0440000000000005,53,0,0,4,632,Hyderabad,0,1,0
18232,0,2.1,18,30,0,0,370,Mumbai,0,1,0
52790,5,0.892,60,12,0,3,678,Delhi,0,1,0
35406,10,0.338,57,20,0,8,190,Patna,1,1,0
20154,2,1.225,51,0,0,7,260,Patna,1,0,0
27534,4,0.317,51,20,0,2,174,Hyderabad,1,1,0
100758,8,0.84,65,26,0,1,539,Lucknow,1,0,0
37239,0,1.348,50,14,0,8,613,Patna,0,1,0
117735,0,0.492,21,20,1,0,619,Delhi,0,1,0
147610,8,0.85,55,18,1,8,830,Kolkata,0,0,1
100236,2,0.115,47,19,0,6,651,Patna,1,0,0
31086,0,0.2775,70,0,0,1,480,Chennai,1,0,0
22371,5,0.86,69,4,0,4,565,Lucknow,1,0,0
58758,0,0.5940000000000001,63,6,0,1,356,Pune,1,1,0
5424,0,0.188,37,30,1,4,58,Hyderabad,1,1,0
69724,0,3.5520000000000005,43,31,1,6,346,Chennai,0,1,0
17873,0,0.808,32,0,0,4,262,Jaipur,1,1,0
129599,12,2.084,24,29,0,1,610,Patna,0,1,1
56550,0,0.7240000000000001,24,11,1,4,195,Mumbai,1,1,0
120410,18,3.66,67,1,1,5,653,Chennai,0,0,1
32254,0,0.037,46,16,1,4,46,Kolkata,1,1,0
32897,0,2.26,40,2,0,1,428,Jaipur,1,0,0
65059,0,0.512,51,0,1,5,409,Delhi,0,1,0
23494,0,0.9480000000000001,37,1,0,5,410,Jaipur,1,1,0
79687,7,1.43,32,8,0,1,435,Kolkata,1,0,0
17488,0,0.30600000000000005,50,21,0,3,76,Bhopal,1,1,0
57300,0,1.984,70,34,0,6,241,Hyderabad,0,1,0
47612,14,1.255,34,10,1,0,357,Bhopal,1,0,0
30980,8,0.0575,37,25,0,0,197,Bhopal,1,0,0
14162,0,0.355,30,23,0,5,415,Mumbai,1,1,0
27321,0,1.85,61,3,0,6,143,Patna,1,0,0
18655,9,1.275,41,8,1,4,148,Mumbai,1,0,0
19173,20,2.44,64,5,1,7,790,Jaipur,0,0,0
80839,0,1.34,54,12,0,3,314,Pune,0,1,0
41400,15,8.63,24,38,0,2,650,Jaipur,0,0,0
127736,7,2.104,25,21,0,6,529,Hyderabad,0,1,0
46917,9,1.32,40,2,0,3,400,Patna,1,0,0
100999,12,2.4025,31,0,0,0,595,Lucknow,1,0,0
191886,7,3.21,21,20,0,7,591,Pune,0,0,1
103791,5,4.8,38,0,0,4,488,Patna,0,0,0
113122,5,3.2479999999999998,63,29,0,7,598,Lucknow,0,1,1
55596,0,3.036,27,18,1,7,647,Bhopal,0,1,0
77084,13,1.064,39,28,0,4,385,Delhi,0,1,0
86157,3,0.3775,47,26,0,7,361,Patna,1,0,0
146060,9,7.01,47,19,0,6,605,Lucknow,0,0,1
90582,0,0.645,33,27,0,2,303,Kolkata,1,0,0
19373,7,0.923,28,30,0,3,477,Pune,1,1,0
124903,0,1.29,39,0,1,6,803,Mumbai,0,0,1
80553,0,0.795,46,14,0,3,247,Patna,1,0,0
40862,10,0.05500000000000001,42,22,0,5,448,Pune,1,1,0
70896,0,1.7575,31,26,0,1,349,Hyderabad,1,0,0
29454,4,0.891,31,13,1,1,40,Delhi,1,1,0
103912,0,2.5440000000000005,19,6,0,2,571,Chennai,0,1,0
26098,9,0.9380000000000002,30,24,0,6,339,Kolkata,1,1,0
27792,3,0.3225,20,27,1,2,140,Hyderabad,1,0,0
198887,8,0.88,47,6,1,2,646,Mumbai,0,0,1
19986,1,8.38,35,26,0,3,309,Lucknow,0,0,0
30743,9,3.4240000000000004,53,1,0,5,266,Hyderabad,0,1,0
9064,9,2.0775,38,8,0,0,664,Patna,1,0,0
46415,0,3.196,70,0,0,5,518,Kolkata,0,1,0
48959,0,0.36200000000000004,36,21,0,7,3,Pune,1,1,0
162907,6,2.17,33,21,0,7,322,Patna,0,0,0
77195,3,2.3225,45,19,0,5,316,Kolkata,1,0,0
27818,15,1.228,21,32,1,5,677,Lucknow,0,1,0
69321,0,1.592,68,25,1,2,452,Bhopal,0,1,0
43937,6,1.75,32,26,0,1,570,Bhopal,1,0,0
34477,0,2.93,18,10,0,6,406,Chennai,0,0,0
106169,0,3.276,65,6,0,7,557,Mumbai,0,1,0
51056,5,0.06999999999999999,64,19,1,5,199,Jaipur,1,1,0
189598,14,7.91,33,24,0,4,301,Delhi,0,0,1
92576,12,2.408,37,40,0,3,300,Hyderabad,0,1,0
86878,9,1.4325,50,22,0,0,268,Lucknow,1,0,0
21634,6,1.145,34,0,0,8,271,Bhopal,1,0,0
102261,6,1.108,22,32,0,3,485,Lucknow,0,1,0
66046,12,1.8559999999999999,22,33,0,1,654,Pune,0,1,0
14543,10,1.125,56,12,0,3,483,Pune,1,0,0
21910,0,0.584,30,28,0,4,70,Lucknow,1,1,0
68747,12,2.82,61,18,1,1,332,Lucknow,0,0,0
18706,3,0.07800000000000001,53,28,1,6,156,Mumbai,1,1,0
105476,6,0.58,47,20,0,2,509,Mumbai,0,1,0
57087,5,2.7960000000000003,21,13,0,7,566,Lucknow,0,1,0
43423,0,0.022000000000000002,40,1,1,3,158,Pune,1,1,0
80401,10,2.14,38,0,1,4,658,Mumbai,1,0,0
56128,8,1.735,38,20,0,2,346,Delhi,1,0,0
91109,2,1.92,23,31,0,4,371,Hyderabad,1,0,0
48569,5,3.344,41,7,0,8,546,Bhopal,0,1,0
58869,1,0.3075,64,30,0,1,381,Mumbai,1,0,0
105686,16,3.2880000000000003,70,12,0,6,717,Mumbai,0,1,1
53274,8,2.02,48,18,0,7,222,Chennai,0,1,0
34552,17,8.86,36,10,0,2,830,Kolkata,0,0,0
156880,4,8.87,55,1,1,3,315,Hyderabad,0,0,0
110299,1,0.096,29,5,0,1,284,Jaipur,0,1,0
5679,6,0.383,31,20,0,8,202,Chennai,1,1,0
16731,0,0.526,67,32,0,2,58,Bhopal,1,1,0
65015,15,2.712,29,4,0,8,227,Jaipur,0,1,0
47775,5,0.286,32,32,0,6,276,Bhopal,1,1,0
47635,0,0.252,36,21,0,5,411,Patna,1,1,0
96938,1,3.81,45,38,0,2,477,Mumbai,0,0,0
137746,4,5.01,57,35,0,6,413,Bhopal,0,0,0
14674,0,0.9510000000000001,58,18,0,2,295,Pune,1,1,0
92789,3,7.62,22,17,0,5,737,Patna,0,0,1
54739,0,1.0725,22,27,0,7,385,Kolkata,1,0,0
84654,0,0.135,23,7,0,4,281,Chennai,1,0,0
61220,8,1.69,40,4,1,2,803,Hyderabad,0,0,0
33639,5,1.14,20,0,0,5,155,Patna,1,0,0
82410,3,2.035,54,25,0,7,577,Lucknow,1,0,0
132126,1,3.81,50,33,1,2,670,Lucknow,0,0,1
96486,10,5.38,60,35,1,4,785,Jaipur,0,0,1
68404,0,0.892,38,22,0,8,271,Hyderabad,1,1,0
90277,5,9.14,37,19,1,2,478,Chennai,0,0,0
42629,7,0.21600000000000003,18,8,0,1,479,Delhi,1,1,0
137332,1,0.44,56,19,0,7,458,Lucknow,0,0,0
24655,0,1.22,64,27,0,6,383,Hyderabad,0,1,0
37220,0,0.6960000000000001,34,12,0,8,277,Jaipur,1,1,0
38848,9,2.3775,46,10,0,3,262,Patna,1,0,0
23921,1,0.07700000000000001,25,0,0,2,519,Mumbai,1,1,0
109776,0,0.28,43,29,0,4,811,Bhopal,0,0,1
22545,14,2.21,45,0,0,0,235,Hyderabad,1,0,0
119092,7,7.48,51,5,1,4,691,Patna,0,0,1
156633,15,9.92,43,2,1,2,642,Bhopal,0,0,1
58262,7,0.397,30,15,0,0,372,Hyderabad,1,1,0
60805,6,1.04,61,0,0,2,488,Delhi,1,0,0
50618,10,0.6880000000000001,54,35,0,4,394,Chennai,0,1,0
61485,10,0.11599999999999999,30,6,1,4,510,Chennai,1,1,0
77120,11,5.79,55,40,1,7,626,Hyderabad,0,0,1
96239,3,1.4560000000000002,42,37,0,0,216,Chennai,0,1,0
81276,5,0.32000000000000006,64,17,1,6,559,Patna,0,1,0
51288,3,0.887,40,14,0,4,511,Delhi,1,1,0
160328,4,1.98,39,28,1,2,623,Chennai,0,0,1
86768,13,2.9960000000000004,38,40,0,3,548,Mumbai,0,1,1
77635,12,0.705,47,13,0,2,343,Hyderabad,1,0,0
23776,8,2.0325,28,15,1,7,219,Delhi,1,0,0
41127,0,0.295,21,4,0,3,194,Mumbai,1,0,0
60833,10,7.56,50,32,0,2,736,Delhi,0,0,1
13450,10,0.098,64,13,0,1,367,Hyderabad,1,1,0
30607,6,1.788,29,34,0,2,242,Lucknow,0,1,0
121705,15,2.936,26,16,1,6,278,Delhi,0,1,0
118937,19,1.73,49,21,1,5,524,Patna,0,0,1
50248,14,0.715,28,0,0,4,194,Jaipur,1,0,0
103229,17,8.65,54,24,0,7,483,Pune,0,0,1
97622,13,3.54,41,5,0,0,472,Patna,0,1,0
57895,3,0.1125,24,8,0,2,176,Pune,1,0,0
73266,0,0.672,25,30,0,1,428,Kolkata,0,1,0
27066,0,0.11699999999999999,50,8,1,1,468,Chennai,1,1,0
60431,7,0.45,42,24,0,0,259,Bhopal,1,0,0
25271,12,2.425,18,30,0,4,478,Lucknow,1,0,0
60281,0,0.5519999999999999,20,28,0,4,407,Pune,1,1,0
54038,0,1.8719999999999999,57,3,0,2,653,Hyderabad,0,1,0
126541,5,9.84,45,13,0,8,745,Lucknow,0,0,1
76842,13,5.57,60,12,0,5,531,Patna,0,0,0
41990,3,6.61,50,26,0,5,599,Mumbai,0,0,0
89245,8,0.8325,63,15,0,5,545,Lucknow,1,0,0
29320,11,1.528,18,26,1,1,340,Lucknow,0,1,0
79945,0,1.485,55,0,0,7,520,Kolkata,1,0,0
107448,12,0.27999999999999997,70,38,0,5,557,Bhopal,0,1,1
143133,18,2.56,44,20,0,2,556,Kolkata,0,0,1
99320,12,0.4925,55,32,0,8,613,Lucknow,1,0,0
10598,12,0.064,52,10,0,1,668,Kolkata,0,1,0
18849,5,5.37,27,30,1,6,481,Bhopal,0,0,0
9781,0,0.561,29,18,0,2,525,Chennai,1,1,0
126072,15,3.84,27,26,0,5,399,Mumbai,0,0,0
71348,3,1.076,51,7,0,4,537,Patna,0,1,0
124716,6,2.608,41,32,1,5,410,Jaipur,0,1,0
65434,0,0.135,45,3,0,7,5,Lucknow,1,1,0
38131,12,1.2975,39,26,0,2,209,Lucknow,1,0,0
43359,5,3.072,62,33,0,1,243,Jaipur,0,1,0
21897,4,0.656,33,15,1,7,267,Bhopal,0,1,0
44084,3,7.53,30,35,1,0,332,Jaipur,0,0,0
19800,4,0.7610000000000001,53,0,0,1,71,Jaipur,1,1,0
58380,8,0.24,53,11,0,0,432,Chennai,0,1,0
9703,0,0.0475,60,18,0,4,226,Mumbai,1,0,0
31425,0,2.435,40,8,0,7,633,Lucknow,1,0,0
77260,15,1.93,31,19,1,1,435,Jaipur,0,0,0
57739,0,0.8220000000000001,49,12,0,3,408,Delhi,1,1,0
22680,2,0.562,20,21,0,3,120,Mumbai,1,1,0
42206,0,0.264,44,11,0,6,477,Mumbai,1,1,0
81986,2,0.325,36,0,0,0,213,Delhi,1,0,0
77464,6,1.2425,39,9,1,8,624,Chennai,1,0,0
74473,16,1.6280000000000001,18,17,0,2,186,Pune,0,1,0
6010,0,0.6990000000000001,22,9,0,5,190,Kolkata,1,1,0
59414,1,2.26,66,0,0,4,576,Mumbai,1,0,0
49509,0,0.8050000000000002,50,3,0,3,385,Bhopal,1,1,0
35528,5,0.274,68,23,0,8,277,Hyderabad,1,1,0
38651,0,2.1975,36,0,0,8,567,Bhopal,1,0,0
36557,1,3.3320000000000003,53,9,0,0,231,Lucknow,0,1,0
75272,7,9.29,68,10,1,6,704,Patna,0,0,1
67253,0,0.459,23,5,0,8,395,Mumbai,1,1,0
52401,4,3.0760000000000005,32,25,0,4,390,Jaipur,0,1,0
6048,0,0.592,53,21,0,0,269,Kolkata,1,1,0
78728,4,1.244,50,3,0,7,724,Pune,0,1,0
91872,9,9.94,41,38,0,4,581,Hyderabad,0,0,1
52872,0,0.095,44,2,0,5,517,Hyderabad,1,0,0
6110,0,0.16200000000000003,66,15,1,6,215,Kolkata,1,1,0
9975,0,0.893,28,13,0,6,431,Bhopal,1,1,0
48891,4,0.061,66,0,0,6,320,Pune,1,1,0
170423,10,8.87,40,36,0,0,792,Hyderabad,0,0,1
16437,3,0.7150000000000001,50,0,0,6,127,Mumbai,1,1,0
88903,5,0.37,58,11,0,2,373,Kolkata,0,0,0
47201,5,1.0725,63,12,1,4,595,Chennai,1,0,0
44401,2,0.754,64,0,0,4,451,Lucknow,1,1,0
97289,16,5.83,46,6,1,7,761,Mumbai,0,0,1
72328,9,2.34,48,0,0,6,557,Chennai,1,0,0
51432,0,2.17,18,32,0,6,375,Hyderabad,1,0,0
165946,1,3.33,51,35,0,5,747,Bhopal,0,0,1
197003,10,0.85,35,21,1,6,401,Mumbai,0,0,1
84560,2,2.36,35,20,0,6,402,Jaipur,1,0,0
65516,2,5.17,23,8,0,4,503,Chennai,0,0,0
46316,11,0.185,69,17,0,4,205,Jaipur,1,0,0
148498,19,8.17,57,11,1,3,623,Pune,0,0,1
80283,8,2.1725,18,0,0,3,283,Patna,1,0,0
105009,13,6.39,64,7,1,4,356,Kolkata,0,0,0
114409,0,1.7920000000000003,59,32,0,8,385,Lucknow,0,1,0
59816,16,6.62,47,3,0,5,728,Patna,0,0,0
6841,0,0.7070000000000001,21,5,0,7,147,Lucknow,1,1,0
37957,0,0.893,49,20,0,8,300,Kolkata,1,1,0
32512,7,0.9560000000000001,27,5,0,3,289,Chennai,1,1,0
12361,14,2.056,60,8,0,6,200,Kolkata,0,1,0
25451,7,7.98,22,8,0,4,436,Mumbai,0,0,0
108863,7,9.65,26,25,0,3,668,Kolkata,0,0,1
25278,2,1.51,22,16,1,6,821,Kolkata,0,0,0
21008,0,0.018,28,32,1,2,435,Pune,1,1,0
138030,11,8.69,52,3,0,0,329,Delhi,0,0,0
95683,12,0.78,44,2,0,6,627,Mumbai,0,1,0
27864,0,0.042,21,20,0,8,224,Bhopal,1,1,0
39562,6,0.16000000000000003,27,16,0,1,385,Bhopal,1,1,0
45056,9,1.536,56,20,1,6,608,Bhopal,0,1,0
118423,18,2.19,50,11,0,1,828,Pune,0,0,1
77348,4,1.22,55,0,0,2,207,Bhopal,0,1,0
41320,14,2.4375,25,0,0,2,245,Hyderabad,1,0,0
36869,11,7.04,66,6,0,3,798,Kolkata,0,0,0
13025,0,2.8480000000000003,41,9,0,5,366,Kolkata,0,1,0
167353,10,0.95,56,14,1,2,671,Lucknow,0,0,1
45736,9,0.7320000000000001,50,31,1,8,137,Pune,1,1,0
16537,0,2.956,58,10,1,1,516,Patna,0,1,0
48833,14,1.65,60,14,0,6,333,Delhi,1,0,0
74100,8,0.57,36,4,0,5,410,Bhopal,1,0,0
23422,7,1.0575,19,18,0,1,490,Kolkata,1,0,0
37429,4,2.115,28,32,0,2,649,Bhopal,1,0,0
108108,13,1.675,52,8,0,5,668,Mumbai,1,0,1
65874,3,2.9320000000000004,34,12,0,3,475,Kolkata,0,1,0
82087,3,5.87,59,11,0,0,718,Mumbai,0,0,1
87283,5,1.125,20,20,0,0,480,Pune,1,0,0
17659,0,0.759,39,12,0,2,157,Patna,1,1,0
47886,1,0.272,52,19,0,7,254,Patna,0,1,0
46908,4,0.673,38,11,0,3,371,Bhopal,1,1,0
81897,11,9.97,42,30,0,0,820,Lucknow,0,0,1
111943,11,3.12,56,7,0,7,285,Pune,0,1,0
54109,5,0.29100000000000004,19,15,0,5,366,Lucknow,1,1,0
99893,16,1.1119999999999999,18,10,0,0,581,Pune,0,1,0
189398,19,6.67,24,38,0,5,402,Lucknow,0,0,1
29924,19,8.96,37,32,0,0,624,Kolkata,0,0,0
45810,0,0.5780000000000001,60,6,0,2,372,Kolkata,1,1,0
125253,10,5.27,23,3,0,1,637,Patna,0,0,0
115297,12,1.6,53,0,0,3,332,Kolkata,0,0,0
15869,8,7.15,68,31,0,1,407,Bhopal,0,0,0
40071,0,0.702,38,2,1,4,421,Delhi,1,1,0
5724,1,0.9670000000000001,68,21,0,3,268,Patna,1,1,0
8973,0,0.30000000000000004,63,28,0,5,72,Pune,1,1,0
44800,2,0.756,52,10,0,6,180,Patna,1,1,0
116694,11,1.736,53,35,0,1,331,Mumbai,0,1,0
97409,5,5.58,25,33,0,1,811,Patna,0,0,1
38248,9,8.16,67,6,0,7,367,Kolkata,0,0,0
123232,8,0.8880000000000001,21,19,0,8,551,Pune,0,1,0
96323,0,0.8575,60,3,0,4,467,Bhopal,1,0,0
60861,8,0.7730000000000001,33,23,0,6,31,Mumbai,1,1,0
12663,12,1.425,20,0,1,8,198,Mumbai,1,0,0
100947,16,0.92,24,21,1,0,558,Mumbai,0,0,0
67880,2,0.43,19,32,0,7,496,Bhopal,1,1,0
59118,2,0.5870000000000001,18,31,0,8,174,Chennai,1,1,0
106829,20,9.1,18,23,0,8,666,Pune,0,0,1
107708,1,1.88,55,30,1,6,314,Mumbai,0,0,0
66081,5,3.224,68,3,0,2,230,Jaipur,0,1,0
90380,6,0.3275,24,15,0,4,226,Patna,1,0,0
103302,4,0.968,41,16,0,1,648,Jaipur,0,1,0
35813,0,0.24300000000000002,22,31,0,2,201,Mumbai,1,1,0
41512,3,0.877,38,10,0,6,217,Kolkata,1,1,0
35025,15,1.99,45,39,1,0,340,Mumbai,0,0,0
53814,9,0.787,35,29,0,2,384,Patna,1,1,0
28102,4,0.462,41,25,0,4,335,Kolkata,1,1,0
55797,0,3.9960000000000004,49,32,1,3,284,Lucknow,0,1,0
43699,6,0.8390000000000001,62,0,0,2,202,Pune,1,1,0
107746,6,1.85,50,27,0,5,629,Patna,1,0,0
67745,4,0.8710000000000001,27,4,1,5,94,Kolkata,1,1,0
94444,11,2.536,26,8,1,3,356,Patna,0,1,0
101517,9,2.11,66,26,0,8,184,Patna,1,0,0
13434,0,1.044,50,33,0,5,403,Chennai,0,1,0
125623,12,0.392,50,15,0,8,559,Jaipur,0,1,0
31543,0,0.6160000000000001,24,9,0,1,254,Mumbai,1,1,0
110817,3,1.74,21,17,0,5,477,Kolkata,0,1,0
53340,13,1.065,45,29,0,3,290,Bhopal,1,0,0
121133,2,5.27,40,31,1,1,663,Mumbai,0,0,1
25751,11,3.61,70,6,1,4,372,Hyderabad,0,0,0
33669,13,1.565,49,14,0,2,179,Mumbai,1,0,0
141649,15,0.31,61,22,1,5,754,Bhopal,0,0,1
12293,7,2.425,33,9,0,7,455,Bhopal,1,0,0
37120,5,0.925,63,0,0,3,123,Lucknow,1,1,0
61871,14,2.3375,27,31,0,3,574,Patna,1,0,0
15703,6,0.365,31,15,1,4,13,Jaipur,1,1,0
66911,0,0.532,56,5,0,5,415,Delhi,1,1,0
116948,16,9.54,53,4,0,6,326,Mumbai,0,0,0
15906,8,0.902,51,13,0,5,49,Lucknow,1,1,0
16697,0,0.79,41,13,0,6,186,Kolkata,1,1,0
54828,1,0.40700000000000003,35,1,0,8,56,Hyderabad,1,1,0
94308,8,1.41,33,17,0,3,153,Chennai,1,0,0
33047,13,3.172,58,14,0,0,717,Kolkata,0,1,0
28261,13,2.73,54,37,1,8,670,Chennai,0,0,0
91709,0,6.26,58,40,0,6,385,Lucknow,0,0,0
72140,8,3.312,42,0,0,3,339,Mumbai,0,1,0
66888,8,1.7675,25,5,0,7,544,Patna,1,0,0
29376,0,0.47900000000000004,41,27,0,6,105,Mumbai,1,1,0
25729,8,1.4625,37,22,0,1,510,Mumbai,1,0,0
15758,13,2.4725,65,19,0,0,631,Kolkata,1,0,0
11056,3,1.505,47,25,0,8,394,Bhopal,1,0,0
22275,7,1.965,37,26,0,6,408,Bhopal,1,0,0
41232,0,0.727,35,30,0,0,257,Bhopal,1,1,0
99880,7,1.7525,21,14,1,3,339,Bhopal,1,0,0
45938,1,0.7160000000000001,65,10,0,4,526,Lucknow,1,1,0
58817,0,0.454,53,9,0,4,532,Jaipur,1,1,0
41855,15,1.8960000000000001,23,14,0,4,238,Lucknow,0,1,0
115209,14,1.8719999999999999,20,0,0,2,539,Pune,0,1,0
99829,0,0.0825,35,16,0,4,232,Bhopal,1,0,0
34323,13,0.6025,64,17,0,3,395,Mumbai,1,0,0
50738,0,0.6200000000000001,57,34,0,4,436,Pune,0,1,0
57924,0,0.886,35,6,0,6,328,Lucknow,1,1,0
34935,3,0.275,40,0,1,4,234,Hyderabad,1,1,0
15045,2,0.345,52,6,1,7,170,Patna,1,0,0
78720,0,0.3,23,29,0,7,340,Delhi,1,0,0
6143,0,0.7000000000000001,43,30,0,2,229,Hyderabad,1,1,0
92243,7,0.06,38,0,0,4,521,Chennai,0,0,0
27553,9,1.1775,41,13,0,3,173,Delhi,1,0,0
167297,15,1.19,32,10,0,4,572,Lucknow,0,0,1
82322,6,2.125,44,29,0,7,317,Chennai,1,0,0
25961,9,0.9580000000000001,49,28,0,3,127,Bhopal,1,1,0
98395,8,2.3975,29,17,0,4,128,Mumbai,1,0,0
91825,0,1.768,22,26,0,6,406,Kolkata,0,1,0
112164,0,2.58,24,12,0,2,313,Mumbai,0,1,0
16162,0,1.5,39,0,0,5,135,Kolkata,1,0,0
54900,9,1.4000000000000001,44,7,0,8,394,Delhi,0,1,0
148663,3,4.44,32,22,1,3,411,Patna,0,0,0
194588,17,0.64,56,25,0,3,456,Pune,0,0,1
38138,4,0.796,62,18,0,5,424,Chennai,1,1,0
50089,4,0.9640000000000001,52,8,0,5,631,Hyderabad,0,1,0
96257,17,4.61,43,37,0,2,617,Kolkata,0,0,1
49889,0,1.924,40,12,1,0,539,Jaipur,0,1,0
35668,0,0.561,30,0,1,2,375,Hyderabad,1,1,0
157159,16,8.18,43,10,0,7,595,Mumbai,0,0,1
176888,6,6.92,20,9,1,7,497,Lucknow,0,0,1
13730,4,0.663,46,24,0,5,397,Chennai,1,1,0
49733,0,0.527,19,30,0,6,241,Delhi,1,1,0
80414,4,0.24,45,0,0,1,548,Hyderabad,1,0,0
32413,16,4.02,40,40,1,8,305,Hyderabad,0,0,0
70757,0,2.3925,53,20,0,2,437,Kolkata,1,0,0
40975,0,2.49,66,28,0,1,331,Hyderabad,1,0,0
64684,14,2.92,23,15,0,4,452,Lucknow,0,1,0
39246,8,0.57,28,7,1,0,203,Kolkata,1,0,0
81197,2,1.02,55,6,1,4,659,Mumbai,0,0,0
98409,8,1.0375,51,6,0,3,500,Pune,1,0,0
50182,0,2.1425,34,29,0,5,659,Bhopal,1,0,0
31322,11,7.22,20,5,1,4,440,Patna,0,0,0
128053,19,8.84,61,17,0,8,809,Patna,0,0,1
21968,4,6.16,63,18,0,4,472,Jaipur,0,0,0
27636,0,0.52,51,1,1,7,199,Pune,0,1,0
36808,2,0.2875,39,0,0,1,622,Kolkata,1,0,0
69795,2,0.12,46,16,0,2,346,Jaipur,1,0,0
70474,2,2.2680000000000002,46,35,0,2,288,Chennai,0,1,0
5970,0,0.24300000000000002,22,19,0,2,319,Mumbai,1,1,0
70708,16,2.936,27,37,1,5,487,Delhi,0,1,0
13655,5,0.686,27,19,0,6,86,Hyderabad,1,1,0
190661,8,3.18,70,31,1,6,527,Delhi,0,0,1
115821,8,0.7080000000000001,26,40,0,6,489,Kolkata,0,1,0
13338,14,0.40800000000000003,38,35,0,2,558,Jaipur,0,1,0
81129,15,2.9480000000000004,30,38,0,0,564,Hyderabad,0,1,0
100389,10,1.125,27,27,1,5,232,Kolkata,1,0,0
138364,5,3.24,55,22,1,2,592,Lucknow,0,0,1
187677,3,8.57,28,1,1,2,604,Lucknow,0,0,1
10708,0,0.5940000000000001,21,1,0,2,290,Jaipur,1,1,0
104566,11,1.295,63,0,0,8,224,Hyderabad,1,0,0
159989,18,7.43,48,7,0,3,590,Patna,0,0,1
43958,2,2.04,66,6,0,4,596,Lucknow,1,0,0
43691,2,0.686,69,20,0,2,520,Chennai,1,1,0
85269,7,4.4,51,27,0,0,359,Jaipur,0,0,0
177026,12,3.79,59,21,1,3,611,Lucknow,0,0,1
36697,10,3.088,52,33,0,0,285,Lucknow,0,1,0
57220,4,1.295,56,11,0,6,208,Jaipur,1,0,0
59768,1,0.7040000000000001,56,24,0,6,267,Chennai,1,1,0
63237,7,2.225,50,6,0,3,238,Jaipur,1,0,0
38310,0,3.664,25,6,1,4,624,Mumbai,0,1,0
44345,0,2.78,49,23,1,6,728,Patna,0,0,0
68777,0,0.188,50,17,0,5,350,Delhi,1,1,0
81319,14,1.044,25,9,0,3,485,Bhopal,0,1,0
48929,0,0.751,63,6,0,3,201,Chennai,1,1,0
30089,0,0.37000000000000005,31,28,0,1,22,Bhopal,1,1,0
193933,3,1.73,51,23,1,1,389,Chennai,0,0,1
73063,15,0.392,25,10,0,3,650,Mumbai,0,1,0
22985,0,0.327,68,31,0,4,92,Bhopal,1,1,0
193293,12,1.36,59,20,1,3,584,Chennai,0,0,1
38962,7,0.6240000000000001,24,39,0,2,488,Bhopal,0,1,0
11994,6,2.736,30,37,0,1,715,Mumbai,0,1,0
76577,7,0.08000000000000002,38,14,1,3,555,Kolkata,0,1,0
69935,17,1.18,64,14,1,4,798,Hyderabad,0,0,1
137439,11,8.44,49,36,0,0,441,Delhi,0,0,1
104193,9,2.1125,28,5,1,0,171,Mumbai,1,0,0
23328,4,3.29,31,20,1,5,369,Mumbai,0,0,0
10915,9,0.08800000000000001,28,11,0,4,259,Hyderabad,1,1,0
35850,1,0.7050000000000001,19,24,0,3,292,Patna,1,1,0
28226,14,0.9,51,0,0,0,497,Pune,1,0,0
41710,6,0.18000000000000002,61,39,0,6,218,Kolkata,0,1,0
63550,2,0.395,64,14,0,3,467,Patna,1,0,0
61880,13,0.548,34,22,0,2,704,Patna,0,1,0
13002,0,1.4725,31,18,1,6,625,Kolkata,1,0,0
96866,13,2.245,42,26,1,1,501,Lucknow,1,0,0
83429,10,1.9825,65,16,0,0,544,Chennai,1,0,0
147992,13,5.47,44,31,1,3,735,Hyderabad,0,0,1
21069,0,0.422,25,13,0,7,321,Pune,1,1,0
87053,10,1.5475,34,0,0,5,369,Hyderabad,1,0,0
179044,7,4.44,22,37,0,8,479,Delhi,0,0,1
56081,0,0.246,29,9,0,0,28,Patna,1,1,0
96243,0,1.6975,55,19,0,0,615,Bhopal,1,0,0
47004,2,2.1825,35,19,0,4,445,Mumbai,1,0,0
38788,0,0.373,43,2,1,5,186,Bhopal,1,1,0
18645,8,0.8420000000000001,48,3,0,7,54,Kolkata,1,1,0
54783,2,1.0775,54,0,0,2,633,Mumbai,1,0,0
87515,13,1.604,23,36,1,5,589,Mumbai,0,1,0
47682,9,0.07,58,0,0,2,136,Jaipur,1,0,0
76510,0,6.95,32,40,1,7,387,Chennai,0,0,0
87799,0,3.232,59,33,0,3,402,Patna,0,1,0
73692,13,6.64,66,22,1,1,357,Chennai,0,0,0
94796,9,0.6040000000000001,43,12,0,8,409,Hyderabad,0,1,0
11014,0,0.10300000000000001,68,0,1,7,153,Pune,1,1,0
54052,5,0.5730000000000001,29,23,0,5,272,Lucknow,1,1,0
176081,14,4.02,58,22,0,2,345,Pune,0,0,1
126718,14,4.29,64,7,1,1,751,Mumbai,0,0,1
37870,1,0.968,31,28,1,3,305,Bhopal,1,1,0
5430,5,0.7240000000000001,18,25,0,3,426,Hyderabad,1,1,0
18380,3,0.41200000000000003,34,20,0,0,117,Mumbai,1,1,0
103277,10,0.07600000000000001,50,36,0,8,430,Mumbai,0,1,0
54082,14,0.34,46,22,0,7,702,Kolkata,0,0,0
80048,18,6.85,70,37,1,6,499,Bhopal,0,0,0
49381,0,0.8380000000000001,62,20,0,5,145,Pune,1,1,0
65940,1,7.08,48,4,1,2,350,Pune,0,0,0
115831,0,1.6239999999999999,25,39,0,3,547,Lucknow,0,1,0
19713,0,0.031,47,2,0,1,319,Kolkata,1,1,0
28307,0,2.4175,30,5,0,6,318,Hyderabad,1,0,0
63194,6,0.986,33,0,1,1,440,Kolkata,1,1,0
56029,0,0.549,19,26,0,0,144,Bhopal,1,1,0
106682,0,0.1775,62,26,0,5,178,Chennai,1,0,0
114495,9,2.164,35,27,0,3,322,Jaipur,0,1,0
101030,16,3.568,52,7,0,7,402,Delhi,0,1,0
79226,3,1.7,62,23,0,0,219,Lucknow,1,0,0
57056,0,7.2,36,3,0,8,325,Lucknow,0,0,0
36757,0,0.2125,30,0,0,5,551,Mumbai,1,0,0
74191,0,1.07,68,38,0,1,825,Pune,0,0,1
75321,10,0.3175,21,18,0,7,241,Kolkata,1,0,0
64115,6,0.9039999999999999,36,28,0,4,464,Patna,1,1,0
80026,2,2.104,67,16,0,4,444,Hyderabad,0,1,0
16319,13,1.98,42,1,0,4,126,Mumbai,1,0,0
23126,8,0.2875,55,0,0,6,339,Chennai,1,0,0
22529,6,2.32,68,14,1,6,515,Delhi,1,0,0
58954,1,8.21,48,13,0,6,756,Patna,0,0,0
110430,18,2.25,53,4,1,1,407,Pune,0,0,0
5618,2,0.8740000000000001,21,0,0,7,491,Chennai,1,1,0
26676,10,2.63,56,23,0,0,759,Kolkata,0,0,0
150506,14,2.05,24,17,1,1,308,Kolkata,0,0,0
70027,0,0.264,33,18,0,6,366,Jaipur,1,1,0
133696,8,9.1,65,23,1,3,424,Patna,0,0,1
52133,0,0.916,22,20,0,8,161,Lucknow,1,1,0
10996,13,0.8225,64,2,1,8,155,Lucknow,1,0,0
6875,0,0.7050000000000001,40,9,1,2,3,Bhopal,1,1,0
46365,10,1.69,53,0,0,2,532,Chennai,1,0,0
58949,11,8.07,49,32,1,8,386,Pune,0,0,0
18734,0,0.29700000000000004,41,5,0,7,482,Patna,1,1,0
32416,0,2.04,42,31,0,0,237,Jaipur,0,1,0
57215,17,6.68,62,3,1,5,439,Jaipur,0,0,0
24820,10,0.10400000000000001,45,19,0,6,351,Bhopal,0,1,0
104232,0,0.9425,36,12,0,7,379,Pune,1,0,0
70724,0,0.6960000000000001,24,0,0,1,494,Pune,1,1,0
20074,6,0.253,61,16,0,0,24,Delhi,1,1,0
50894,0,2.395,58,0,0,3,317,Delhi,1,0,0
81759,1,0.075,34,2,0,0,542,Jaipur,1,0,0
23851,1,0.9580000000000001,19,7,0,1,117,Patna,1,1,0
9769,14,0.5425,33,27,0,2,125,Patna,1,0,0
70141,9,0.196,56,5,1,3,276,Pune,0,1,0
70480,11,2.92,35,30,0,5,371,Patna,0,0,0
101657,3,1.965,56,31,0,7,551,Jaipur,1,0,0
47580,9,0.752,18,4,0,8,379,Hyderabad,1,1,0
171379,14,2.09,20,22,0,3,849,Bhopal,0,0,1
9317,0,0.197,38,0,0,0,55,Lucknow,1,1,0
59701,4,2.572,47,36,0,4,282,Lucknow,0,1,0
52548,9,4.58,28,36,1,4,515,Jaipur,0,0,0
100659,3,1.98,39,24,0,8,140,Jaipur,1,0,0
69357,5,0.024,64,20,0,5,209,Delhi,1,1,0
13959,2,2.44,42,36,1,4,470,Lucknow,0,1,0
128588,0,2.924,20,18,0,4,367,Pune,0,1,0
37573,0,0.993,47,11,0,7,150,Lucknow,1,1,0
11298,13,2.716,41,31,0,0,370,Jaipur,0,1,0
107665,4,0.58,62,7,0,4,526,Bhopal,1,0,0
68406,4,0.10800000000000001,53,0,0,0,213,Chennai,1,1,0
64161,10,0.641,40,3,0,6,477,Bhopal,1,1,0
61853,9,0.523,25,12,1,6,193,Lucknow,1,1,0
61553,0,3.596,21,13,1,7,429,Delhi,0,1,0
60204,1,0.727,67,28,0,6,40,Chennai,1,1,0
21483,0,0.51,56,13,1,8,369,Patna,1,1,0
94233,10,1.616,60,29,0,7,199,Kolkata,0,1,0
27428,4,1.616,48,22,0,7,188,Hyderabad,0,1,0
92702,2,0.9039999999999999,46,4,0,2,382,Jaipur,0,1,0
13230,0,0.017,53,20,0,3,17,Lucknow,1,1,0
170195,12,5.75,30,29,1,3,618,Pune,0,0,1
102923,7,2.12,58,17,1,0,581,Chennai,0,0,1
81929,5,0.52,26,0,0,5,595,Pune,1,0,0
94591,14,0.5,38,38,0,1,431,Lucknow,0,1,0
80705,0,0.76,68,16,0,8,519,Hyderabad,0,1,0
88352,11,0.128,20,2,1,0,641,Hyderabad,0,1,0
14966,12,2.696,42,6,0,0,580,Bhopal,0,1,0
28572,7,0.401,42,18,0,5,370,Pune,1,1,0
46113,4,1.405,29,19,1,0,401,Lucknow,1,0,0
17397,7,0.637,46,22,0,2,389,Kolkata,1,1,0
15780,2,3.8880000000000003,28,14,0,1,516,Patna,0,1,0
122402,13,0.272,69,7,1,8,524,Pune,0,1,0
125928,3,1.672,28,5,1,4,698,Kolkata,0,1,1
22525,0,0.246,66,19,0,5,272,Chennai,1,1,0
19293,2,1.908,43,3,1,1,432,Delhi,0,1,0
80708,3,2.3,70,21,0,7,493,Pune,1,0,0
58615,0,0.7240000000000001,31,8,0,5,5,Mumbai,1,1,0
190607,12,6.62,33,33,0,7,713,Jaipur,0,0,1
60802,4,1.7640000000000002,27,5,0,7,677,Pune,0,1,0
45057,2,2.684,48,35,0,0,235,Mumbai,0,1,0
38275,0,0.032,48,26,0,6,397,Bhopal,1,1,0
167711,12,5.86,53,38,0,1,537,Pune,0,0,1
105758,0,2.216,27,38,0,7,669,Mumbai,0,1,0
180732,2,3.47,43,15,1,1,321,Delhi,0,0,0
54583,0,0.808,37,1,0,3,620,Mumbai,0,1,0
115858,16,3.232,61,7,0,1,220,Delhi,0,1,0
41525,9,0.054000000000000006,26,6,0,6,257,Patna,1,1,0
17275,0,0.27999999999999997,32,26,0,4,630,Patna,0,1,0
50764,0,1.1025,26,7,0,8,167,Chennai,1,0,0
12574,4,0.253,24,0,0,4,502,Chennai,1,1,0
190458,5,7.45,43,9,1,7,438,Patna,0,0,1
43434,6,1.585,41,0,0,1,321,Delhi,1,0,0
48268,10,0.7730000000000001,29,1,0,2,508,Lucknow,1,1,0
187075,0,3.25,37,11,0,5,585,Patna,0,0,1
19247,13,1.8525,31,8,0,6,352,Lucknow,1,0,0
41442,8,0.862,39,3,0,7,315,Hyderabad,1,1,0
55878,0,0.8625,33,6,0,2,580,Pune,1,0,0
28012,14,0.85,46,23,0,6,669,Kolkata,1,0,0
90459,0,3.6,49,31,0,7,500,Pune,0,1,0
64987,4,0.05,36,17,0,5,174,Bhopal,1,1,0
138099,13,3.5,52,13,0,3,338,Bhopal,0,0,0
27331,12,0.2975,60,17,0,5,552,Kolkata,1,0,0
99996,4,0.0725,49,0,0,8,604,Bhopal,1,0,0
123944,14,1.13,70,37,1,2,357,Kolkata,0,0,0
17805,0,1.0775,37,0,0,1,615,Kolkata,1,0,0
34488,9,0.687,68,19,0,4,133,Bhopal,1,1,0
60913,8,2.89,57,0,1,6,808,Mumbai,0,0,0
138683,4,8.5,37,12,0,2,455,Kolkata,0,0,0
38685,15,1.752,25,2,0,4,380,Delhi,0,1,0
66817,0,3.872,52,24,0,3,678,Delhi,0,1,0
41069,5,9.54,59,15,0,6,701,Bhopal,0,0,0
86666,13,3.0920000000000005,30,20,0,1,675,Kolkata,0,1,0
99811,18,9.32,58,12,1,6,787,Jaipur,0,0,1
86468,4,2.8280000000000003,23,35,1,1,339,Pune,0,1,0
19368,10,0.8960000000000001,64,0,1,2,210,Patna,1,1,0
31083,1,0.944,33,18,0,4,632,Jaipur,0,1,0
70712,3,0.34500000000000003,22,7,1,6,69,Kolkata,1,1,0
11439,2,0.7530000000000001,70,3,0,5,313,Kolkata,1,1,0
29541,4,1.0625,62,11,0,6,550,Lucknow,1,0,0
186244,11,8.37,68,17,1,5,681,Delhi,0,0,1
31669,14,3.512,51,11,1,0,346,Hyderabad,0,1,0
9160,8,0.30000000000000004,23,16,0,4,390,Patna,1,1,0
14208,16,3.2920000000000003,50,10,1,0,498,Chennai,0,1,0
121992,14,0.6160000000000001,32,21,0,6,296,Kolkata,0,1,0
189379,12,3.34,32,33,1,3,811,Hyderabad,0,0,1
81890,9,2.072,31,12,0,4,382,Pune,0,1,0
13169,7,0.22599999999999998,56,29,0,0,161,Kolkata,1,1,0
42216,11,5.79,22,11,0,7,761,Jaipur,0,0,0
24293,0,0.5790000000000001,69,30,0,3,200,Delhi,1,1,0
64522,9,2.07,43,35,1,2,530,Patna,0,0,0
53966,6,0.796,65,19,1,0,515,Delhi,1,1,0
45133,0,0.6320000000000001,34,18,1,3,205,Pune,1,1,0
22485,11,3.18,60,38,0,2,630,Pune,0,0,0
115392,8,0.9279999999999999,64,12,0,7,526,Hyderabad,0,1,0
89561,0,2.1975,69,31,0,8,468,Delhi,1,0,0
70235,3,2.09,33,18,1,4,279,Chennai,1,0,0
174525,2,2.3,52,30,0,8,551,Chennai,0,0,1
117638,14,0.36,55,1,0,0,521,Kolkata,0,0,0
129684,0,3.2200000000000006,70,17,0,6,573,Lucknow,0,1,0
128666,12,2.4640000000000004,40,25,0,6,575,Lucknow,0,1,0
14974,0,0.2525,30,22,0,5,286,Patna,1,0,0
108405,7,5.87,50,37,1,3,751,Pune,0,0,1
37588,2,4.52,46,21,0,8,437,Hyderabad,0,0,0
177781,17,7.75,70,35,1,2,509,Lucknow,0,0,1
106623,0,0.5225,63,10,0,0,333,Mumbai,1,0,0
33812,11,1.8120000000000003,51,13,0,1,539,Chennai,0,1,0
68289,0,0.15600000000000003,51,5,1,2,234,Lucknow,1,1,0
80133,2,9.58,44,28,1,1,696,Pune,0,0,1
46276,0,0.779,32,8,0,5,303,Lucknow,1,1,0
47405,0,0.7370000000000001,67,28,0,6,108,Hyderabad,1,1,0
173598,4,6.9,26,8,0,4,689,Hyderabad,0,0,1
51331,8,0.42300000000000004,43,0,0,4,119,Chennai,1,1,0
109048,8,2.3075,20,0,1,6,329,Bhopal,1,0,0
58395,7,0.73,53,6,1,5,726,Jaipur,0,0,0
60811,0,0.8029999999999999,64,2,0,7,543,Kolkata,1,1,0
91529,13,0.86,22,13,1,8,509,Kolkata,0,1,0
183773,18,3.24,37,18,0,1,525,Kolkata,0,0,1
82939,10,2.076,37,39,0,1,326,Lucknow,0,1,0
22516,0,1.9575,22,0,0,0,459,Jaipur,1,0,0
107369,3,2.0975,27,0,0,6,299,Mumbai,1,0,0
91517,0,1.46,33,20,0,3,409,Pune,1,0,0
92916,7,1.0075,42,28,1,8,306,Pune,1,0,0
15203,16,9.47,61,8,1,5,785,Jaipur,0,0,0
89438,2,0.6175,42,10,0,6,456,Lucknow,1,0,0
161971,18,8.03,47,11,0,6,407,Bhopal,0,0,1
15752,0,0.6120000000000001,31,18,0,7,125,Patna,1,1,0
37852,0,0.377,39,28,0,3,33,Bhopal,1,1,0
10311,12,0.0025,60,16,0,2,557,Pune,1,0,0
85974,15,1.788,45,37,0,2,455,Mumbai,0,1,0
62246,2,1.108,47,16,0,7,673,Patna,0,1,0
166956,1,1.04,36,32,0,2,481,Bhopal,0,0,0
171255,15,0.75,55,38,0,7,538,Jaipur,0,0,1
43984,2,0.34800000000000003,59,5,0,1,347,Chennai,1,1,0
90932,1,1.5375,37,19,0,4,265,Kolkata,1,0,0
65076,0,0.8380000000000001,52,9,0,4,43,Delhi,1,1,0
72338,0,0.46,39,24,1,6,618,Chennai,1,0,0
179529,8,4.25,32,14,1,4,594,Kolkata,0,0,1
100679,3,3.92,28,10,0,8,830,Mumbai,0,0,1
140829,10,5.13,51,35,1,2,510,Jaipur,0,0,1
51199,0,0.81,41,6,1,8,401,Bhopal,1,1,0
81496,10,1.385,23,21,0,0,350,Jaipur,1,0,0
44495,13,2.1175,34,6,0,2,458,Patna,1,0,0
104833,0,1.2975,45,14,0,3,124,Chennai,1,0,0
57977,4,0.6040000000000001,67,6,0,5,310,Hyderabad,1,1,0
40413,4,0.43700000000000006,48,20,0,7,161,Kolkata,1,1,0
57756,7,2.0575,53,2,0,6,335,Jaipur,1,0,0
93278,12,9.24,26,17,1,7,470,Kolkata,0,0,0
27391,10,6.39,27,39,0,5,551,Kolkata,0,0,0
64611,6,2.0525,38,22,0,5,157,Mumbai,1,0,0
62552,0,0.059,51,0,1,5,227,Patna,1,1,0
48519,0,0.9060000000000001,48,13,0,2,277,Mumbai,1,1,0
61895,0,0.4725,46,2,0,3,404,Mumbai,1,0,0
96159,16,2.57,60,16,1,5,809,Mumbai,0,0,1
94926,9,0.21200000000000002,60,32,0,6,545,Bhopal,0,1,0
108035,11,2.4125,28,2,0,2,187,Patna,1,0,0
184509,10,8.52,50,38,0,3,403,Kolkata,0,0,1
32826,11,3.6520000000000006,63,7,0,5,580,Kolkata,0,1,0
49721,0,2.1175,18,0,0,0,365,Patna,1,0,0
121764,2,1.92,38,35,0,6,371,Patna,0,1,0
98887,3,2.31,40,10,1,0,415,Chennai,1,0,0
43607,2,2.4225,26,15,0,8,263,Pune,1,0,0
32118,0,0.503,18,32,0,8,25,Kolkata,1,1,0
42873,3,0.17600000000000002,38,9,0,8,250,Lucknow,1,1,0
19440,10,2.636,39,32,0,3,372,Patna,0,1,0
70318,0,0.9750000000000001,21,27,0,1,380,Lucknow,1,1,0
18671,3,0.8720000000000001,18,1,0,6,1,Jaipur,1,1,0
24950,11,3.448,68,13,0,3,224,Lucknow,0,1,0
106054,0,2.335,27,0,0,4,122,Lucknow,1,0,0
43302,3,8.94,32,11,0,0,748,Bhopal,0,0,0
49279,13,3.104,69,21,0,5,314,Delhi,0,1,0
43089,0,1.795,53,18,0,6,410,Chennai,1,0,0
99929,0,0.6625,46,28,0,2,397,Chennai,1,0,0
82291,2,2.484,69,10,1,1,355,Pune,0,1,0
76114,14,5.21,63,35,0,6,581,Patna,0,0,1
14487,0,0.862,22,4,0,0,119,Lucknow,1,1,0
33896,0,0.492,46,23,0,1,173,Patna,1,1,0
46327,0,0.128,64,0,0,2,438,Jaipur,1,1,0
57344,0,0.005000000000000001,64,0,1,3,458,Kolkata,1,1,0
39222,7,0.678,44,8,1,4,340,Jaipur,1,1,0
7737,3,0.55,42,13,0,3,120,Lucknow,1,1,0
41524,0,0.331,33,25,1,2,492,Kolkata,1,1,0
63993,0,0.169,33,11,1,0,275,Bhopal,1,1,0
58469,16,4.67,53,7,1,6,328,Pune,0,0,0
116843,0,0.4,42,21,0,5,423,Chennai,0,1,0
121609,14,3.36,58,26,0,1,620,Mumbai,0,0,1
129173,11,1.516,18,33,0,1,531,Delhi,0,1,0
89895,14,1.165,22,12,0,2,651,Kolkata,1,0,0
28673,2,0.467,58,6,0,7,80,Mumbai,1,1,0
39847,0,0.257,37,0,0,7,292,Chennai,1,1,0
182679,10,8.5,22,37,0,7,593,Delhi,0,0,1
98178,10,3.56,53,16,0,6,796,Jaipur,0,0,1
60797,0,0.22999999999999998,46,0,0,1,457,Kolkata,1,1,0
123797,0,0.7040000000000001,65,18,0,0,239,Pune,0,1,0
105797,0,0.8075,51,0,0,5,662,Bhopal,1,0,0
36366,2,0.068,65,14,0,7,379,Kolkata,1,1,0
111393,4,0.33,35,18,0,0,623,Jaipur,0,0,0
92504,10,2.42,19,13,0,2,241,Chennai,0,1,0
32643,7,0.6190000000000001,33,1,0,0,145,Bhopal,1,1,0
90324,19,5.3,46,30,1,8,661,Chennai,0,0,1
30814,3,0.762,50,4,0,6,52,Lucknow,1,1,0
30392,4,0.03900000000000001,33,13,0,7,401,Lucknow,1,1,0
55155,0,0.9359999999999999,52,28,0,8,448,Chennai,1,1,0
86346,0,0.2375,64,30,0,2,202,Chennai,1,0,0
118534,0,2.696,60,9,0,1,558,Patna,0,1,0
26587,0,0.3325,59,22,0,5,577,Patna,1,0,0
54850,9,8.8,34,34,0,4,380,Bhopal,0,0,0
70791,9,1.2775,21,4,0,3,633,Chennai,1,0,0
26094,9,0.82,66,29,1,5,608,Mumbai,0,0,0
36807,7,0.617,21,25,0,5,493,Pune,1,1,0
98719,10,0.0225,68,27,0,2,355,Lucknow,1,0,0
20741,20,7.76,42,34,0,1,336,Bhopal,0,0,0
45253,2,0.651,50,0,1,8,324,Delhi,1,1,0
49179,0,0.213,31,0,0,7,55,Mumbai,1,1,0
46088,0,0.9375,41,0,0,3,240,Lucknow,1,0,0
72064,8,0.02,28,19,0,5,433,Hyderabad,1,0,0
81334,0,2.7760000000000002,42,29,0,2,390,Chennai,0,1,0
24156,1,1.292,45,26,0,7,282,Bhopal,0,1,0
64945,2,0.572,24,0,0,2,438,Patna,1,1,0
24891,0,2.3925,66,30,0,1,157,Chennai,1,0,0
88155,0,0.7475,53,26,0,6,533,Kolkata,1,0,0
110989,8,9.9,27,38,1,2,523,Mumbai,0,0,1
54091,6,0.633,66,6,0,8,292,Hyderabad,1,1,0
67691,15,2.42,53,18,1,2,454,Pune,0,0,0
94768,7,4.37,48,29,1,7,331,Pune,0,0,0
111595,12,2.9600000000000004,36,37,0,1,413,Kolkata,0,1,0
29026,14,4.46,35,31,0,8,788,Pune,0,0,0
71358,0,0.06899999999999999,66,31,0,0,332,Delhi,1,1,0
16411,1,0.169,23,20,1,2,16,Patna,1,1,0
128820,0,3.164,45,5,0,1,593,Patna,0,1,0
22496,1,2.5920000000000005,24,25,1,6,419,Jaipur,0,1,0
105994,0,1.425,55,18,0,4,405,Kolkata,1,0,0
43001,0,0.42,29,26,0,7,465,Kolkata,1,0,0
31304,0,0.8380000000000001,58,19,0,1,374,Pune,1,1,0
106505,3,2.4025,67,0,0,7,135,Delhi,1,0,0
51182,2,0.41,51,40,0,6,559,Kolkata,0,0,0
46880,6,0.07800000000000001,42,7,0,4,360,Patna,1,1,0
146642,18,8.85,34,40,1,1,698,Chennai,0,0,1
12257,0,0.8160000000000001,70,9,0,6,459,Pune,1,1,0
93824,17,6.18,50,12,1,3,815,Patna,0,0,1
96771,0,2.3625,40,16,0,3,204,Pune,1,0,0
35543,0,0.646,26,1,0,7,62,Bhopal,1,1,0
5690,6,0.21600000000000003,23,20,0,5,99,Delhi,1,1,0
32390,3,0.7290000000000001,19,1,0,8,294,Chennai,1,1,0
79575,3,6.46,55,5,1,1,461,Pune,0,0,0
48134,10,2.465,26,7,0,4,297,Chennai,1,0,0
29757,10,0.535,20,16,1,5,563,Jaipur,1,0,0
106687,7,2.3920000000000003,33,3,0,7,507,Patna,0,1,0
31999,19,7.8,42,36,0,3,627,Chennai,0,0,0
101408,13,1.356,41,33,0,6,221,Jaipur,0,1,0
49509,0,1.52,64,18,1,6,421,Bhopal,0,1,0
60611,0,0.8880000000000001,46,24,0,3,341,Kolkata,1,1,0
79609,11,1.01,61,0,0,0,210,Bhopal,1,0,0
44931,0,0.625,57,25,0,2,27,Lucknow,1,1,0
41151,10,2.2225,43,3,0,1,578,Kolkata,1,0,0
123829,13,0.8400000000000001,55,30,1,2,564,Chennai,0,1,1
53839,0,0.9820000000000001,52,7,0,4,486,Pune,1,1,0
27192,13,7.02,40,1,1,0,519,Pune,0,0,0
31853,0,0.496,21,0,0,4,263,Lucknow,1,1,0
129894,14,4.31,59,35,0,1,420,Delhi,0,0,1
66166,0,3.816,31,5,0,3,225,Hyderabad,0,1,0
180159,15,2.06,70,22,0,5,579,Mumbai,0,0,1
53090,6,1.2480000000000002,64,38,0,8,294,Hyderabad,0,1,0
97954,15,1.2320000000000002,56,36,0,5,347,Hyderabad,0,1,0
97062,1,1.1560000000000001,24,15,0,1,614,Chennai,0,1,0
151285,15,4.69,25,18,0,7,545,Lucknow,0,0,1
76317,0,3.9560000000000004,59,23,0,4,663,Chennai,0,1,0
12299,0,0.8890000000000001,68,18,0,8,374,Bhopal,1,1,0
131545,8,3.28,36,6,0,8,579,Bhopal,0,0,1
94298,5,1.0575,19,21,1,3,141,Chennai,1,0,0
165245,16,6.69,64,40,0,0,367,Pune,0,0,1
109504,8,0.0425,18,5,1,8,177,Lucknow,1,0,0
13937,8,0.82,59,6,0,8,526,Delhi,1,1,0
80018,5,3.5200000000000005,55,11,0,7,443,Chennai,0,1,0
14127,1,0.8570000000000001,30,20,0,4,422,Delhi,1,1,0
13384,3,0.375,59,14,0,4,498,Mumbai,1,1,0
47750,0,0.462,61,4,1,5,290,Lucknow,1,1,0
29995,12,0.12,41,8,0,0,468,Lucknow,0,0,0
25063,0,1.596,49,23,0,8,641,Chennai,0,1,0
104049,20,4.6,47,38,1,4,652,Jaipur,0,0,1
98210,9,3.628,23,29,0,6,419,Jaipur,0,1,0
40397,10,0.894,55,0,0,7,282,Mumbai,1,1,0
91955,3,2.415,50,1,1,4,568,Hyderabad,1,0,0
108686,9,2.2125,61,29,0,2,185,Bhopal,1,0,0
19429,0,0.008,40,6,1,5,326,Mumbai,1,1,0
124991,0,2.564,27,8,0,6,635,Kolkata,0,1,0
26336,15,0.272,63,12,0,3,656,Hyderabad,0,1,0
168322,10,2.73,32,22,0,8,584,Kolkata,0,0,1
67685,11,2.3120000000000003,40,32,0,3,210,Lucknow,0,1,0
41000,13,1.7525,53,0,0,1,567,Pune,1,0,0
66377,0,1.6375,18,0,0,8,333,Patna,1,0,0
56733,10,0.1225,25,21,0,3,144,Jaipur,1,0,0
18327,12,1.04,20,8,0,3,672,Delhi,0,0,0
74424,4,0.3225,31,16,0,0,516,Kolkata,1,0,0
96712,0,0.2275,34,15,0,1,456,Pune,1,0,0
103873,2,0.445,51,23,0,2,399,Jaipur,1,0,0
46812,0,0.6880000000000001,64,0,0,6,547,Jaipur,1,1,0
34006,14,2.0775,23,27,0,8,317,Pune,1,0,0
37095,4,1.0225,22,16,0,4,598,Chennai,1,0,0
104800,11,2.7720000000000002,63,19,1,3,249,Mumbai,0,1,0
64374,8,0.2,68,8,0,1,504,Lucknow,1,1,0
173302,4,9.73,58,35,0,6,409,Delhi,0,0,1
100846,9,1.4000000000000001,57,25,0,5,561,Pune,0,1,0
54821,12,3.3840000000000003,46,18,0,6,576,Kolkata,0,1,0
25346,0,2.3625,52,28,0,7,528,Lucknow,1,0,0
25229,0,0.8650000000000001,35,0,0,8,350,Mumbai,1,1,0
160787,15,0.67,57,27,0,4,833,Bhopal,0,0,1
51232,5,0.65,65,13,0,4,500,Hyderabad,1,1,0
11412,14,0.3,47,10,1,3,540,Patna,1,0,0
46092,0,0.006,32,7,0,2,110,Delhi,1,1,0
93768,18,0.52,70,5,0,6,508,Pune,0,0,0
27996,10,2.29,32,28,0,4,558,Kolkata,1,0,0
97990,6,2.27,33,22,0,6,297,Pune,1,0,0
106036,0,2.26,50,33,1,1,724,Hyderabad,0,0,1
66920,7,2.188,27,30,1,8,507,Chennai,0,1,0
99212,0,2.3875,36,2,0,8,130,Delhi,1,0,0
69460,0,0.497,54,27,0,8,251,Chennai,1,1,0
63709,0,1.576,67,5,0,4,414,Kolkata,0,1,0
181251,1,4.83,20,26,1,8,553,Mumbai,0,0,1
132305,16,7.9,53,6,0,0,777,Delhi,0,0,1
61278,0,0.477,21,23,1,1,128,Delhi,1,1,0
16838,0,0.783,28,0,1,4,531,Bhopal,1,1,0
9776,14,1.08,58,24,0,4,219,Kolkata,1,0,0
69573,2,0.63,50,6,0,5,409,Mumbai,1,0,0
33340,6,0.815,45,18,0,7,345,Patna,1,0,0
105550,4,0.195,49,21,0,0,244,Chennai,1,0,0
107647,11,1.988,33,21,0,8,617,Bhopal,0,1,1
39668,9,0.37,26,20,0,3,466,Jaipur,1,0,0
44081,0,2.03,28,32,0,7,302,Bhopal,1,0,0
27050,5,1.6840000000000002,23,29,0,4,530,Patna,0,1,0
183171,11,7.65,66,1,0,0,814,Pune,0,0,1
49919,3,3.816,44,14,0,8,557,Chennai,0,1,0
105221,10,8.49,29,26,0,7,764,Jaipur,0,0,1
129879,9,9.51,39,6,0,4,639,Patna,0,0,1
40479,12,5.68,57,26,1,3,440,Bhopal,0,0,0
124958,12,0.66,65,20,1,7,290,Pune,0,1,0
114165,6,9.35,54,12,1,8,560,Pune,0,0,0
46060,0,3.476,38,16,0,6,367,Chennai,0,1,0
103463,13,2.16,50,2,0,3,490,Chennai,1,0,0
