economy,economycode,regionwb,pop_adult,wpid_random,wgt,female,age,educ,inc_q,emp_in,urbanicity_f2f,account,account_fin,account_mob,fin1_1a,fin1_1b,fin2,fin4,fin4a,fin5,fin6,fin7,fin8,fin8a,fin8b,fin9,fin9a,fin10,fin10_1a,fin10_1b,fin10_1c,fin10_1d,fin10_1e,fin10a,fin10b,fin11_1,fin11a,fin11b,fin11c,fin11d,fin11e,fin11f,fin11g,fin11h,fin13_1a,fin13_1b,fin13_1c,fin13_1d,fin13_1e,fin13_1f,fin13a,fin13b,fin13c,fin13d,fin14_1,fin14_2,fin14_2_China,fin14a,fin14a1,fin14b,fin14c,fin14c_2,fin14c_2_China,fin16,fin17a,fin17a1,fin17b,fin20,fin22a,fin22b,fin22c,fin24,fin24a,fin24b,fin26,fin27_1,fin27c1,fin27c2,fin28,fin29_1,fin29c1,fin29c2,fin30,fin31a,fin31b,fin31b1,fin31b1_China,fin31c,fin32,fin33,fin34a,fin34b,fin34d,fin34e,fin35,fin37,fin38,fin39a,fin39b,fin39d,fin39e,fin42,fin42a,fin43a,fin43b,fin43d,fin43e,fin44a,fin44b,fin44c,fin44d,fin45,fin45_1,fin45_1_China,saved,borrowed,receive_wages,receive_transfers,receive_pension,receive_agriculture,pay_utilities,remittances,mobileowner,internetaccess,anydigpayment,merchantpay_dig,year
Nepal,NPL,South Asia,20742576.0,175237265,2.83160028258982,2,20.0,1,2,2.0,1.0,0,0,0.0,,,2,,,,,,,,,,,,,,,,,,,2.0,1.0,1.0,2.0,2.0,2.0,1.0,1.0,1.0,,,,,,,,,,,2,,,2,2,2,,,,2,2,,2.0,1,2,1,,3,2.0,2.0,2.0,,,,2.0,,,,2,,,,,,1,2.0,2.0,2.0,2.0,2.0,,2,2,,,,,2.0,,,,,,2,2,2,2,2.0,2.0,,0,1,3,4,4,4.0,4,5.0,2,2,0,0.0,2021
Nepal,NPL,South Asia,20742576.0,159391894,0.814143487964571,2,24.0,3,3,2.0,1.0,1,1,1.0,1.0,2.0,1,2.0,,1.0,1.0,2.0,,,,1.0,1.0,1.0,,,,,,1.0,1.0,,,,,,,,,,,,,,,,1.0,1.0,2.0,1.0,2,,,1,1,2,,,,1,2,2.0,1.0,2,2,1,2.0,1,3.0,2.0,1.0,1.0,,,2.0,,,,1,1.0,1.0,2.0,,,1,2.0,1.0,1.0,,,2.0,2,2,,,,,2.0,,,,,,2,2,3,2,2.0,2.0,,1,1,1,4,4,4.0,1,1.0,1,1,1,0.0,2021
Nepal,NPL,South Asia,20742576.0,115669918,0.598946227374183,2,60.0,1,3,2.0,1.0,1,1,0.0,1.0,2.0,2,,,2.0,2.0,2.0,,,,2.0,,2.0,,,,,,,2.0,,,,,,,,,,,,,,,,,,,,2,,,2,2,2,,,,2,2,,2.0,2,2,2,,4,1.0,1.0,2.0,,,,2.0,,,,2,,,,,,2,,,,,,,2,2,,,,,2.0,,,,,,2,2,2,2,2.0,1.0,,0,0,4,4,4,4.0,4,5.0,1,2,0,0.0,2021
Nepal,NPL,South Asia,20742576.0,149669519,1.19889066595328,1,30.0,2,1,1.0,1.0,0,0,0.0,,,2,,,,,,,,,,,,,,,,,,,2.0,2.0,2.0,2.0,2.0,2.0,1.0,1.0,2.0,,,,,,,,,,,2,,,2,2,2,,,,2,2,,2.0,2,2,1,,3,2.0,1.0,2.0,,,,2.0,,,,2,,,,,,1,2.0,2.0,2.0,1.0,,,2,2,,,,,2.0,,,,,,1,1,2,2,2.0,2.0,,0,1,2,4,4,4.0,4,5.0,1,1,0,0.0,2021
Nepal,NPL,South Asia,20742576.0,172962494,2.12892021765571,1,19.0,2,5,1.0,1.0,1,1,0.0,1.0,1.0,2,,,2.0,2.0,2.0,,,,2.0,,2.0,,,,,,,1.0,,,,,,,,,,,,,,,,,,,,2,,,2,1,2,,,,2,1,,2.0,2,2,2,,2,2.0,2.0,2.0,,,,2.0,,,,2,,,,,,2,,,,,,,2,2,,,,,2.0,,,,,,2,1,2,2,2.0,2.0,,1,0,4,4,4,4.0,4,5.0,1,1,1,0.0,2021
Nepal,NPL,South Asia,20742576.0,168417725,0.277475100000039,1,37.0,1,5,1.0,1.0,0,0,0.0,,,2,,,,,,,,,,,,,,,,,,,2.0,2.0,2.0,2.0,2.0,2.0,1.0,2.0,2.0,,,,,,,,,,,2,,,2,2,2,,,,2,2,,2.0,2,2,2,,2,2.0,1.0,1.0,1.0,,,2.0,,,,2,,,,,,2,,,,,,,2,2,,,,,1.0,1.0,2.0,2.0,1.0,,1,1,1,1,1.0,2.0,,0,0,4,4,4,2.0,4,1.0,2,2,0,0.0,2021
Nepal,NPL,South Asia,20742576.0,166423658,0.567849566213366,1,50.0,1,1,2.0,1.0,0,0,0.0,,,2,,,,,,,,,,,,,,,,,,,2.0,1.0,2.0,2.0,2.0,2.0,1.0,2.0,2.0,,,,,,,,,,,2,,,2,2,2,,,,2,2,,2.0,1,1,2,,2,1.0,1.0,2.0,,,,2.0,,,,2,,,,,,2,,,,,,,2,2,,,,,2.0,,,,,,1,1,1,1,2.0,1.0,,0,1,4,4,4,4.0,4,5.0,1,2,0,0.0,2021
Nepal,NPL,South Asia,20742576.0,165116392,0.515305388653094,1,30.0,2,3,1.0,1.0,0,0,0.0,,,2,,,,,,,,,,,,,,,,,,,2.0,1.0,2.0,2.0,2.0,2.0,1.0,1.0,1.0,,,,,,,,,,,2,,,2,2,2,,,,2,2,,1.0,1,2,1,2.0,2,2.0,1.0,2.0,,,,2.0,,,,2,,,,,,2,,,,,,,2,2,,,,,1.0,1.0,2.0,2.0,1.0,,1,2,2,2,2.0,1.0,,1,1,4,4,4,2.0,4,5.0,1,2,0,0.0,2021
Nepal,NPL,South Asia,20742576.0,192388431,1.89207149392382,2,24.0,1,4,1.0,2.0,1,1,0.0,1.0,2.0,1,1.0,2.0,2.0,2.0,2.0,,,,2.0,,2.0,,,,,,,1.0,,,,,,,,,,,,,,,,,,,,2,,,2,2,2,,,,2,2,,2.0,2,2,1,,2,3.0,2.0,2.0,,,,1.0,2.0,1.0,2.0,1,2.0,2.0,,,1.0,1,2.0,2.0,2.0,1.0,,,2,2,,,,,1.0,1.0,2.0,2.0,1.0,,2,1,2,2,3.0,1.0,,1,1,2,4,4,2.0,2,3.0,1,1,1,0.0,2021
Nepal,NPL,South Asia,20742576.0,160763754,0.263544210014897,1,45.0,2,5,1.0,2.0,0,0,0.0,,,2,,,,,,,,,,,,,,,,,,,1.0,1.0,1.0,1.0,2.0,2.0,1.0,1.0,2.0,,,,,,,,,,,2,,,2,2,2,,,,2,2,,2.0,2,2,2,,2,2.0,2.0,2.0,,,,1.0,2.0,1.0,2.0,2,,,,,,2,,,,,,,2,2,,,,,2.0,,,,,,2,2,3,1,1.0,3.0,,0,0,4,4,4,4.0,4,3.0,1,2,0,0.0,2021
Nepal,NPL,South Asia,20742576.0,120817102,1.29199342107425,1,25.0,1,2,2.0,1.0,1,0,1.0,,,2,,,,,,,,,,,,,,,,,,,,2.0,1.0,2.0,1.0,1.0,1.0,2.0,2.0,,,,,,,1.0,2.0,1.0,1.0,1,1.0,,2,2,2,,,,2,2,2.0,2.0,1,2,1,,3,2.0,3.0,2.0,,,,2.0,,,,1,2.0,2.0,,,2.0,2,,,,,,,2,2,,,,,2.0,,,,,,1,1,1,1,1.0,1.0,,0,1,4,4,4,4.0,3,5.0,1,2,1,1.0,2021
Nepal,NPL,South Asia,20742576.0,120853784,0.452922480377279,2,70.0,1,2,2.0,2.0,0,0,0.0,,,2,,,,,,,,,,,,,,,,,,,2.0,2.0,2.0,1.0,2.0,1.0,1.0,3.0,1.0,,,,,,,,,,,2,,,2,2,2,,,,2,1,,2.0,2,2,2,,5,1.0,1.0,2.0,,,,2.0,,,,2,,,,,,2,,,,,,,1,2,2.0,2.0,2.0,2.0,2.0,,,,,,1,1,1,1,2.0,1.0,,1,0,4,3,4,4.0,4,5.0,2,2,0,0.0,2021
Nepal,NPL,South Asia,20742576.0,138465729,0.905844960754559,2,72.0,1,1,1.0,1.0,0,0,0.0,,,2,,,,,,,,,,,,,,,,,,,2.0,2.0,2.0,2.0,1.0,2.0,1.0,2.0,1.0,,,,,,,,,,,2,,,2,2,2,,,,2,2,,1.0,2,2,2,2.0,3,1.0,4.0,2.0,,,,1.0,2.0,1.0,2.0,1,2.0,2.0,,,1.0,2,,,,,,,2,2,,,,,2.0,,,,,,1,2,1,1,1.0,3.0,,1,0,4,4,4,4.0,2,3.0,2,2,0,0.0,2021
Nepal,NPL,South Asia,20742576.0,118932667,1.24871623767376,2,69.0,1,1,1.0,1.0,1,1,0.0,2.0,2.0,2,,,2.0,2.0,2.0,,,,2.0,,2.0,,,,,,,2.0,,,,,,,,,,,,,,,,,,,,2,,,2,2,2,,,,2,2,,2.0,2,2,2,,5,1.0,1.0,2.0,,,,2.0,,,,2,,,,,,2,,,,,,,2,2,,,,,2.0,,,,,,2,2,3,3,1.0,3.0,,0,0,4,4,4,4.0,4,5.0,1,2,0,0.0,2021
Nepal,NPL,South Asia,20742576.0,132874126,2.5703247305113,1,37.0,1,5,1.0,1.0,0,0,0.0,,,2,,,,,,,,,,,,,,,,,,,2.0,2.0,2.0,2.0,2.0,2.0,1.0,2.0,2.0,,,,,,,,,,,2,,,2,2,2,,,,2,2,,2.0,2,2,1,,3,2.0,1.0,2.0,,,,1.0,2.0,1.0,2.0,2,,,,,,2,,,,,,,2,2,,,,,2.0,,,,,,2,2,1,2,2.0,1.0,,0,1,4,4,4,4.0,4,3.0,1,1,0,0.0,2021
Nepal,NPL,South Asia,20742576.0,125602659,0.281346651716263,1,25.0,2,1,2.0,2.0,1,1,0.0,3.0,3.0,2,,,2.0,2.0,2.0,,,,2.0,,2.0,,,,,,,2.0,,,,,,,,,,,,,,,,,,,,2,,,2,2,2,,,,2,2,,2.0,2,2,2,,2,2.0,1.0,2.0,,,,2.0,,,,2,,,,,,2,,,,,,,2,2,,,,,2.0,,,,,,2,1,2,2,2.0,3.0,,0,0,4,4,4,4.0,4,5.0,1,1,0,0.0,2021
Nepal,NPL,South Asia,20742576.0,145343834,0.359653699184419,2,24.0,2,5,1.0,1.0,1,1,1.0,2.0,2.0,1,2.0,,1.0,1.0,2.0,,,,1.0,2.0,1.0,,,,,,2.0,1.0,,,,,,,,,,,,,,,,2.0,2.0,2.0,1.0,2,,,2,1,2,,,,2,1,2.0,1.0,2,2,2,2.0,1,2.0,2.0,1.0,1.0,,,2.0,,,,2,,,,,,1,2.0,1.0,2.0,,,2.0,1,2,2.0,2.0,2.0,1.0,2.0,,,,,,3,3,3,3,,3.0,,1,0,1,1,4,4.0,4,1.0,1,1,1,0.0,2021
Nepal,NPL,South Asia,20742576.0,154947268,0.929177670819957,1,40.0,1,3,1.0,2.0,0,0,0.0,,,2,,,,,,,,,,,,,,,,,,,1.0,2.0,2.0,1.0,2.0,2.0,1.0,2.0,1.0,,,,,,,,,,,2,,,2,2,2,,,,2,2,,2.0,2,2,2,,2,2.0,1.0,2.0,,,,2.0,,,,2,,,,,,2,,,,,,,2,2,,,,,2.0,,,,,,1,1,1,1,6.0,1.0,,0,0,4,4,4,4.0,4,5.0,1,2,0,0.0,2021
Nepal,NPL,South Asia,20742576.0,118197086,1.5564198306372,1,40.0,1,4,1.0,1.0,1,1,0.0,2.0,2.0,2,,,2.0,2.0,2.0,,,,2.0,,2.0,,,,,,,2.0,,,,,,,,,,,,,,,,,,,,2,,,2,2,2,,,,2,2,,1.0,1,2,1,2.0,3,2.0,2.0,2.0,,,,2.0,,,,1,2.0,2.0,,,1.0,2,,,,,,,2,2,,,,,1.0,1.0,2.0,2.0,1.0,,1,1,3,1,4.0,2.0,,1,1,4,4,4,2.0,2,5.0,1,1,0,0.0,2021
Nepal,NPL,South Asia,20742576.0,135812552,0.755388764310493,1,60.0,1,3,1.0,1.0,0,0,0.0,,,2,,,,,,,,,,,,,,,,,,,1.0,2.0,2.0,2.0,2.0,2.0,1.0,2.0,1.0,,,,,,,,,,,2,,,2,2,2,,,,2,2,,2.0,2,1,2,,3,1.0,1.0,2.0,,,,2.0,,,,1,2.0,2.0,,,1.0,1,2.0,2.0,2.0,1.0,,,2,2,,,,,1.0,1.0,2.0,2.0,1.0,,1,3,1,3,1.0,1.0,,0,1,2,4,4,2.0,2,5.0,1,2,0,0.0,2021
Nepal,NPL,South Asia,20742576.0,157900120,0.54278269940267,1,32.0,2,2,2.0,1.0,0,0,0.0,,,2,,,,,,,,,,,,,,,,,,,2.0,2.0,3.0,2.0,2.0,2.0,1.0,2.0,1.0,,,,,,,,,,,2,,,2,2,2,,,,2,2,,2.0,2,2,2,,1,1.0,1.0,1.0,1.0,,,2.0,,,,1,2.0,2.0,,,1.0,2,,,,,,,2,2,,,,,1.0,1.0,2.0,2.0,1.0,,1,1,1,1,2.0,2.0,,0,0,4,4,4,2.0,2,1.0,2,2,0,0.0,2021
Nepal,NPL,South Asia,20742576.0,142310858,0.574014266264062,1,20.0,2,5,1.0,2.0,0,0,0.0,,,2,,,,,,,,,,,,,,,,,,,2.0,2.0,2.0,2.0,2.0,2.0,1.0,1.0,2.0,,,,,,,,,,,2,,,2,2,2,,,,2,2,,2.0,2,2,2,,7,,,2.0,,,,2.0,,,,2,,,,,,2,,,,,,,3,2,,,,,2.0,,,,,,1,1,1,1,2.0,2.0,,0,0,4,5,4,4.0,4,5.0,2,2,0,0.0,2021
Nepal,NPL,South Asia,20742576.0,115010752,0.632747478278382,2,18.0,2,2,1.0,1.0,0,0,0.0,,,2,,,,,,,,,,,,,,,,,,,1.0,2.0,2.0,2.0,2.0,2.0,1.0,2.0,1.0,,,,,,,,,,,2,,,2,2,2,,,,2,2,,2.0,1,2,1,,2,1.0,2.0,2.0,,,,2.0,,,,1,2.0,2.0,,,1.0,2,,,,,,,2,2,,,,,2.0,,,,,,2,2,2,3,2.0,3.0,,0,1,4,4,4,4.0,2,5.0,2,2,0,0.0,2021
Nepal,NPL,South Asia,20742576.0,185056192,0.263544210014897,2,29.0,2,5,1.0,1.0,1,1,1.0,1.0,2.0,1,2.0,,1.0,1.0,2.0,,,,2.0,,1.0,,,,,,1.0,1.0,,,,,,,,,,,,,,,,1.0,1.0,1.0,1.0,2,,,2,1,2,,,,2,2,2.0,2.0,2,2,1,,2,2.0,1.0,1.0,2.0,1.0,1.0,1.0,2.0,1.0,2.0,2,,,,,,2,,,,,,,2,2,,,,,2.0,,,,,,1,1,1,1,4.0,1.0,,0,1,4,4,4,4.0,4,2.0,1,1,1,0.0,2021
Nepal,NPL,South Asia,20742576.0,156218220,2.10233016945879,1,30.0,1,1,1.0,1.0,0,0,0.0,,,2,,,,,,,,,,,,,,,,,,,1.0,2.0,2.0,2.0,2.0,2.0,1.0,2.0,2.0,,,,,,,,,,,2,,,2,2,2,,,,2,2,,2.0,1,2,1,,3,1.0,4.0,2.0,,,,2.0,,,,1,2.0,2.0,,,1.0,2,,,,,,,2,2,,,,,1.0,1.0,2.0,2.0,1.0,,1,1,2,1,2.0,2.0,,0,1,4,4,4,2.0,2,5.0,1,2,0,0.0,2021
Nepal,NPL,South Asia,20742576.0,155053729,0.968971090145655,1,29.0,1,1,2.0,1.0,0,0,0.0,,,2,,,,,,,,,,,,,,,,,,,2.0,2.0,1.0,2.0,2.0,2.0,1.0,1.0,2.0,,,,,,,,,,,2,,,2,2,2,,,,2,2,,2.0,2,2,1,,2,1.0,1.0,2.0,,,,1.0,2.0,2.0,2.0,2,,,,,,2,,,,,,,2,2,,,,,2.0,,,,,,1,1,1,1,3.0,2.0,,0,1,4,4,4,4.0,4,4.0,1,2,0,0.0,2021
Nepal,NPL,South Asia,20742576.0,208092028,0.861105301722445,2,31.0,2,2,1.0,2.0,1,1,1.0,2.0,2.0,1,2.0,,1.0,1.0,2.0,,,,1.0,1.0,1.0,,,,,,1.0,1.0,,,,,,,,,,,,,,,,1.0,3.0,3.0,3.0,2,,,2,1,1,3.0,1.0,,2,2,3.0,2.0,1,1,1,,1,2.0,2.0,1.0,1.0,,,1.0,1.0,,,2,,,,,,1,1.0,1.0,1.0,,,1.0,2,2,,,,,2.0,,,,,,3,5,3,3,,2.0,,1,1,1,4,4,4.0,4,1.0,1,1,1,1.0,2021
Nepal,NPL,South Asia,20742576.0,138109002,1.45591610990998,2,37.0,1,5,1.0,1.0,1,1,0.0,1.0,2.0,2,,,2.0,2.0,2.0,,,,2.0,,2.0,,,,,,,2.0,,,,,,,,,,,,,,,,,,,,2,,,2,2,2,,,,2,1,,2.0,1,1,1,,3,3.0,3.0,2.0,,,,2.0,,,,1,2.0,2.0,,,2.0,1,2.0,2.0,2.0,1.0,,,2,2,,,,,1.0,1.0,2.0,2.0,1.0,,1,1,1,2,1.0,3.0,,1,1,2,4,4,2.0,3,5.0,1,2,0,0.0,2021
Nepal,NPL,South Asia,20742576.0,161477090,0.968971090145655,1,34.0,1,1,2.0,1.0,1,1,0.0,2.0,2.0,1,2.0,,2.0,2.0,2.0,,,,2.0,,2.0,,,,,,,2.0,,,,,,,,,,,,,,,,,,,,2,,,2,2,2,,,,2,2,,2.0,1,2,1,,2,2.0,1.0,2.0,,,,2.0,,,,3,,,,,,2,,,,,,,2,2,,,,,2.0,,,,,,1,1,1,1,2.0,1.0,,0,1,4,4,4,4.0,5,5.0,1,2,0,0.0,2021
Nepal,NPL,South Asia,20742576.0,200803959,1.73905414714672,1,54.0,1,1,1.0,1.0,0,0,0.0,,,2,,,,,,,,,,,,,,,,,,,2.0,1.0,2.0,2.0,2.0,2.0,1.0,2.0,1.0,,,,,,,,,,,2,,,2,2,2,,,,2,2,,2.0,2,2,1,,7,,,2.0,,,,2.0,,,,1,2.0,2.0,,,1.0,2,,,,,,,2,2,,,,,2.0,,,,,,2,1,1,1,1.0,1.0,,0,1,4,4,4,4.0,2,5.0,1,2,0,0.0,2021
Nepal,NPL,South Asia,20742576.0,136259428,0.689446262537218,2,48.0,1,2,1.0,2.0,0,0,0.0,,,2,,,,,,,,,,,,,,,,,,,2.0,2.0,2.0,2.0,1.0,2.0,1.0,2.0,2.0,,,,,,,,,,,2,,,1,2,2,,,,2,2,,2.0,1,2,1,,3,1.0,1.0,2.0,,,,1.0,2.0,1.0,2.0,2,,,,,,1,2.0,2.0,2.0,1.0,,,2,2,,,,,2.0,,,,,,1,1,1,1,3.0,1.0,,0,1,2,4,4,4.0,4,3.0,1,2,0,0.0,2021
Nepal,NPL,South Asia,20742576.0,169967039,2.40190886718715,1,44.0,1,2,1.0,1.0,0,0,0.0,,,2,,,,,,,,,,,,,,,,,,,2.0,1.0,2.0,2.0,2.0,2.0,1.0,1.0,2.0,,,,,,,,,,,2,,,2,2,2,,,,2,2,,2.0,2,2,1,,2,1.0,1.0,2.0,,,,2.0,,,,2,,,,,,2,,,,,,,2,2,,,,,2.0,,,,,,2,1,1,1,2.0,2.0,,0,1,4,4,4,4.0,4,5.0,2,2,0,0.0,2021
Nepal,NPL,South Asia,20742576.0,116363573,0.343032799277418,2,52.0,1,2,1.0,2.0,1,1,0.0,,,1,2.0,,2.0,2.0,2.0,,,,2.0,,2.0,,,,,,,1.0,,,,,,,,,,,,,,,,,,,,2,,,2,2,2,,,,2,2,,2.0,2,2,2,,3,1.0,1.0,2.0,,,,2.0,,,,2,,,,,,1,2.0,1.0,2.0,,,2.0,2,2,,,,,2.0,,,,,,1,1,1,1,3.0,3.0,,0,0,1,4,4,4.0,4,5.0,1,2,1,0.0,2021
Nepal,NPL,South Asia,20742576.0,160951525,0.269338090905908,1,58.0,1,5,1.0,1.0,0,0,0.0,,,2,,,,,,,,,,,,,,,,,,,1.0,2.0,2.0,2.0,2.0,2.0,2.0,2.0,2.0,,,,,,,,,,,2,,,2,2,2,,,,2,2,,2.0,2,2,1,,2,1.0,1.0,2.0,,,,2.0,,,,2,,,,,,2,,,,,,,2,2,,,,,2.0,,,,,,1,1,2,3,2.0,1.0,,0,1,4,4,4,4.0,4,5.0,2,2,0,0.0,2021
Nepal,NPL,South Asia,20742576.0,167897837,0.416080356599939,1,22.0,2,1,1.0,1.0,0,0,0.0,,,2,,,,,,,,,,,,,,,,,,,2.0,2.0,3.0,2.0,2.0,2.0,2.0,1.0,3.0,,,,,,,,,,,2,,,2,2,2,,,,2,1,,1.0,1,1,2,2.0,8,,,2.0,,,,2.0,,,,2,,,,,,2,,,,,,,2,1,2.0,2.0,2.0,2.0,2.0,,,,,,1,1,1,1,2.0,3.0,,1,1,4,4,3,4.0,4,5.0,1,1,0,0.0,2021
Nepal,NPL,South Asia,20742576.0,139883802,0.814692676021976,1,70.0,1,5,2.0,2.0,1,1,0.0,2.0,1.0,2,,,2.0,2.0,2.0,,,,2.0,,1.0,,,,,,2.0,1.0,,,,,,,,,,,,,,,,,,,,2,,,2,2,2,,,,2,2,,2.0,2,2,2,,1,3.0,2.0,2.0,,,,2.0,,,,2,,,,,,2,,,,,,,1,2,1.0,2.0,,,2.0,,,,,,1,2,3,3,1.0,1.0,,0,0,4,1,4,4.0,4,5.0,2,2,1,0.0,2021
Nepal,NPL,South Asia,20742576.0,116209694,0.313432458262812,1,40.0,3,5,1.0,2.0,1,1,0.0,2.0,2.0,1,2.0,,2.0,1.0,2.0,,,,1.0,2.0,1.0,,,,,,1.0,1.0,,,,,,,,,,,,,,,,,,,,2,,,2,2,2,,,,2,1,,1.0,2,2,2,2.0,1,3.0,3.0,2.0,,,,2.0,,,,1,1.0,2.0,2.0,,,1,2.0,1.0,2.0,,,2.0,3,2,,,,,2.0,,,,,,3,2,3,3,,2.0,,1,0,1,5,4,4.0,1,5.0,1,1,1,0.0,2021
Nepal,NPL,South Asia,20742576.0,168390204,0.319119065262408,2,23.0,2,5,1.0,2.0,0,0,0.0,,,2,,,,,,,,,,,,,,,,,,,1.0,2.0,2.0,2.0,2.0,2.0,2.0,1.0,1.0,,,,,,,,,,,2,,,2,2,2,,,,2,2,,2.0,2,2,2,,2,3.0,2.0,2.0,,,,1.0,1.0,,,2,,,,,,2,,,,,,,2,2,,,,,2.0,,,,,,3,2,2,2,3.0,2.0,,0,0,4,4,4,4.0,4,1.0,1,1,0,0.0,2021
Nepal,NPL,South Asia,20742576.0,204400172,0.966814531440367,2,50.0,1,2,1.0,1.0,1,1,0.0,1.0,2.0,2,,,1.0,2.0,2.0,,,,1.0,2.0,2.0,,,,,,,1.0,,,,,,,,,,,,,,,,,,,,2,,,1,1,2,,,,2,1,2.0,1.0,1,1,1,1.0,6,3.0,3.0,1.0,1.0,,,2.0,,,,1,1.0,2.0,1.0,,,2,,,,,,,2,2,,,,,1.0,1.0,2.0,2.0,1.0,,1,1,1,2,1.0,1.0,,1,1,4,4,4,2.0,1,1.0,1,1,1,0.0,2021
Nepal,NPL,South Asia,20742576.0,181714261,0.263544210014897,1,32.0,2,3,1.0,1.0,1,1,0.0,2.0,2.0,2,,,2.0,1.0,2.0,,,,1.0,2.0,1.0,,,,,,2.0,1.0,,,,,,,,,,,,,,,,,,,,2,,,2,2,2,,,,2,1,,1.0,2,2,2,2.0,1,2.0,2.0,1.0,1.0,,,2.0,,,,1,2.0,2.0,,,1.0,2,,,,,,,2,2,,,,,1.0,1.0,2.0,2.0,1.0,,1,1,1,2,2.0,1.0,,1,0,4,4,4,2.0,2,1.0,1,1,1,0.0,2021
Nepal,NPL,South Asia,20742576.0,172147755,0.298004662809706,2,65.0,1,5,1.0,1.0,1,1,0.0,2.0,2.0,2,,,2.0,2.0,2.0,,,,2.0,,2.0,,,,,,,2.0,,,,,,,,,,,,,,,,,,,,2,,,2,2,2,,,,2,2,,2.0,2,2,2,,3,2.0,1.0,2.0,,,,1.0,2.0,2.0,2.0,1,2.0,2.0,,,1.0,2,,,,,,,2,2,,,,,2.0,,,,,,2,3,2,3,6.0,3.0,,0,0,4,4,4,4.0,2,4.0,1,2,0,0.0,2021
Nepal,NPL,South Asia,20742576.0,156075412,0.45232439497242,2,80.0,1,4,1.0,1.0,1,1,0.0,2.0,1.0,2,,,2.0,2.0,2.0,,,,1.0,2.0,2.0,,,,,,,1.0,,,,,,,,,,,,,,,,,,,,2,,,2,2,2,,,,1,1,,2.0,2,2,2,,1,3.0,3.0,2.0,,,,2.0,,,,2,,,,,,2,,,,,,,1,2,1.0,2.0,,,1.0,1.0,2.0,2.0,1.0,,3,3,3,3,,3.0,,1,0,4,1,4,2.0,4,5.0,1,2,1,0.0,2021
Nepal,NPL,South Asia,20742576.0,182805659,1.37213119710967,2,50.0,1,1,1.0,1.0,1,1,0.0,2.0,2.0,2,,,2.0,2.0,2.0,,,,2.0,,2.0,,,,,,,2.0,,,,,,,,,,,,,,,,,,,,2,,,2,2,2,,,,2,1,,1.0,2,2,2,2.0,4,1.0,1.0,2.0,,,,2.0,,,,1,1.0,2.0,1.0,,,2,,,,,,,2,2,,,,,1.0,1.0,2.0,2.0,1.0,,1,1,1,1,1.0,1.0,,1,0,4,4,4,2.0,1,5.0,1,2,1,0.0,2021
Nepal,NPL,South Asia,20742576.0,179308165,1.25895819815996,1,38.0,1,4,1.0,2.0,1,1,0.0,2.0,1.0,2,,,2.0,2.0,2.0,,,,2.0,,2.0,,,,,,,2.0,,,,,,,,,,,,,,,,,,,,2,,,2,2,2,,,,2,2,,2.0,2,2,2,,2,2.0,1.0,2.0,,,,2.0,,,,1,2.0,2.0,,,2.0,2,,,,,,,1,2,1.0,2.0,,,2.0,,,,,,2,2,3,2,2.0,2.0,,0,0,4,1,4,4.0,3,5.0,1,1,1,0.0,2021
Nepal,NPL,South Asia,20742576.0,127911778,0.263544210014897,2,50.0,2,2,2.0,1.0,0,0,0.0,,,2,,,,,,,,,,,,,,,,,,,2.0,2.0,2.0,2.0,2.0,2.0,2.0,2.0,2.0,,,,,,,,,,,2,,,2,2,2,,,,2,2,,2.0,2,2,1,,2,1.0,1.0,2.0,,,,2.0,,,,1,2.0,2.0,,,2.0,2,,,,,,,2,2,,,,,1.0,1.0,2.0,2.0,1.0,,1,1,1,1,2.0,1.0,,0,1,4,4,4,2.0,3,5.0,1,2,0,0.0,2021
Nepal,NPL,South Asia,20742576.0,150829351,0.269180965145305,2,69.0,1,4,1.0,1.0,0,0,0.0,,,2,,,,,,,,,,,,,,,,,,,1.0,2.0,2.0,2.0,2.0,2.0,1.0,1.0,2.0,,,,,,,,,,,2,,,2,2,2,,,,2,2,,2.0,2,2,2,,2,1.0,1.0,2.0,,,,1.0,1.0,,,1,2.0,2.0,,,1.0,2,,,,,,,2,2,,,,,2.0,,,,,,1,1,2,3,2.0,1.0,,0,0,4,4,4,4.0,2,1.0,1,2,0,0.0,2021
Nepal,NPL,South Asia,20742576.0,144549836,0.83602281214698,1,48.0,1,3,1.0,2.0,1,1,0.0,2.0,2.0,2,,,2.0,2.0,2.0,,,,1.0,1.0,2.0,,,,,,,1.0,,,,,,,,,,,,,,,,,,,,2,,,2,2,2,,,,2,1,,2.0,2,2,1,,3,1.0,1.0,2.0,,,,2.0,,,,2,,,,,,2,,,,,,,1,2,2.0,2.0,1.0,,2.0,,,,,,1,1,2,3,2.0,1.0,,1,1,4,2,4,4.0,4,5.0,1,1,0,0.0,2021
Nepal,NPL,South Asia,20742576.0,187828662,0.402341469783387,2,30.0,2,1,1.0,2.0,1,1,0.0,2.0,2.0,2,,,1.0,1.0,2.0,,,,1.0,2.0,2.0,,,,,,,1.0,,,,,,,,,,,,,,,,,,,,2,,,2,2,2,,,,2,2,,2.0,1,2,1,,2,1.0,1.0,2.0,,,,2.0,,,,2,,,,,,1,2.0,2.0,2.0,1.0,,,2,2,,,,,1.0,1.0,2.0,2.0,1.0,,2,1,1,3,2.0,1.0,,0,1,2,4,4,2.0,4,5.0,1,1,1,0.0,2021
Nepal,NPL,South Asia,20742576.0,177946962,1.44292837687909,2,45.0,1,1,1.0,1.0,0,0,0.0,,,2,,,,,,,,,,,,,,,,,,,2.0,2.0,2.0,2.0,2.0,2.0,1.0,2.0,2.0,,,,,,,,,,,2,,,2,2,2,,,,2,2,,2.0,1,2,1,,4,1.0,1.0,2.0,,,,2.0,,,,2,,,,,,1,2.0,2.0,2.0,1.0,,,2,2,,,,,2.0,,,,,,3,1,2,3,2.0,1.0,,0,1,2,4,4,4.0,4,5.0,1,2,0,0.0,2021
Nepal,NPL,South Asia,20742576.0,128756785,1.43739571882446,2,45.0,1,3,1.0,1.0,0,0,0.0,,,2,,,,,,,,,,,,,,,,,,,1.0,2.0,2.0,2.0,2.0,2.0,1.0,2.0,2.0,,,,,,,,,,,2,,,2,2,2,,,,2,2,,2.0,2,2,1,,2,1.0,1.0,2.0,,,,2.0,,,,2,,,,,,1,2.0,2.0,2.0,1.0,,,2,2,,,,,1.0,1.0,2.0,2.0,1.0,,2,2,2,2,4.0,2.0,,0,1,2,4,4,2.0,4,5.0,2,2,0,0.0,2021
Nepal,NPL,South Asia,20742576.0,142696832,0.263544210014897,2,56.0,2,5,2.0,1.0,1,1,0.0,2.0,2.0,2,,,2.0,2.0,2.0,,,,1.0,2.0,1.0,,,,,,1.0,1.0,,,,,,,,,,,,,,,,,,,,2,,,2,1,2,,,,2,2,2.0,2.0,2,2,2,,2,3.0,3.0,1.0,1.0,,,1.0,1.0,,,2,,,,,,2,,,,,,,2,2,,,,,1.0,1.0,2.0,2.0,1.0,,2,2,2,3,2.0,2.0,,1,1,4,4,4,2.0,4,1.0,1,1,1,0.0,2021
Nepal,NPL,South Asia,20742576.0,123979100,2.55251757540111,1,15.0,1,2,1.0,1.0,0,0,0.0,,,2,,,,,,,,,,,,,,,,,,,2.0,1.0,1.0,1.0,1.0,1.0,1.0,1.0,1.0,,,,,,,,,,,2,,,2,2,1,2.0,1.0,,1,1,,2.0,1,2,2,,6,1.0,3.0,2.0,,,,2.0,,,,2,,,,,,2,,,,,,,2,2,,,,,1.0,1.0,2.0,2.0,2.0,2.0,1,1,2,2,2.0,3.0,,1,1,4,4,4,3.0,4,5.0,1,2,0,0.0,2021
Nepal,NPL,South Asia,20742576.0,178859499,0.462591653182102,2,39.0,1,4,1.0,1.0,1,1,0.0,2.0,1.0,2,,,2.0,2.0,2.0,,,,2.0,,2.0,,,,,,,1.0,,,,,,,,,,,,,,,,,,,,2,,,2,2,2,,,,1,1,,1.0,2,2,2,2.0,3,1.0,1.0,2.0,,,,2.0,,,,1,2.0,2.0,,,1.0,1,2.0,2.0,2.0,1.0,,,2,2,,,,,2.0,,,,,,1,1,1,1,2.0,1.0,,1,0,2,4,4,4.0,2,5.0,1,2,0,0.0,2021
Nepal,NPL,South Asia,20742576.0,187376865,0.59177887188957,2,17.0,2,4,2.0,1.0,1,1,0.0,2.0,2.0,2,,,2.0,2.0,2.0,,,,2.0,,3.0,,,,,,,1.0,,,,,,,,,,,,,,,,,,,,2,,,2,2,2,,,,1,1,,2.0,2,2,2,,2,1.0,1.0,2.0,,,,2.0,,,,2,,,,,,2,,,,,,,2,2,,,,,1.0,1.0,2.0,2.0,1.0,,3,1,1,1,2.0,2.0,,1,0,4,4,4,2.0,4,5.0,1,1,0,0.0,2021
Nepal,NPL,South Asia,20742576.0,203180238,1.07247804866934,2,20.0,2,5,2.0,1.0,1,1,0.0,2.0,2.0,1,1.0,2.0,2.0,2.0,2.0,,,,1.0,2.0,1.0,,,,,,1.0,1.0,,,,,,,,,,,,,,,,,,,,2,,,2,2,2,,,,2,2,,2.0,2,2,2,,1,3.0,3.0,1.0,1.0,,,2.0,,,,1,2.0,2.0,,,1.0,2,,,,,,,2,2,,,,,1.0,1.0,2.0,2.0,1.0,,3,3,3,2,,1.0,,0,0,4,4,4,2.0,2,1.0,1,1,1,0.0,2021
Nepal,NPL,South Asia,20742576.0,185230015,0.723418506449577,1,16.0,2,2,2.0,2.0,0,0,0.0,,,2,,,,,,,,,,,,,,,,,,,2.0,2.0,2.0,2.0,2.0,2.0,2.0,1.0,1.0,,,,,,,,,,,2,,,2,2,2,,,,2,2,,2.0,2,2,2,,2,1.0,1.0,2.0,,,,2.0,,,,2,,,,,,2,,,,,,,2,2,,,,,2.0,,,,,,3,3,3,2,,2.0,,0,0,4,4,4,4.0,4,5.0,1,2,0,0.0,2021
Nepal,NPL,South Asia,20742576.0,209665642,0.633822086416346,1,28.0,1,2,1.0,1.0,1,1,0.0,2.0,2.0,2,,,2.0,2.0,2.0,,,,2.0,,1.0,,,,,,2.0,1.0,,,,,,,,,,,,,,,,,,,,2,,,2,2,2,,,,2,1,,2.0,2,2,1,,2,1.0,1.0,2.0,,,,1.0,2.0,1.0,2.0,2,,,,,,2,,,,,,,2,2,,,,,2.0,,,,,,1,1,1,1,3.0,1.0,,1,1,4,4,4,4.0,4,3.0,1,2,0,0.0,2021
Nepal,NPL,South Asia,20742576.0,206519506,0.296367773193992,2,43.0,2,2,1.0,2.0,0,0,0.0,,,2,,,,,,,,,,,,,,,,,,,1.0,2.0,2.0,2.0,2.0,2.0,1.0,1.0,1.0,,,,,,,,,,,2,,,2,2,2,,,,2,2,,2.0,2,2,2,,2,1.0,2.0,2.0,,,,2.0,,,,1,2.0,2.0,,,1.0,2,,,,,,,2,2,,,,,2.0,,,,,,3,2,3,3,,3.0,,0,0,4,4,4,4.0,2,5.0,1,1,0,0.0,2021
Nepal,NPL,South Asia,20742576.0,129381183,0.4451506055153,2,62.0,2,3,1.0,1.0,1,1,0.0,2.0,2.0,2,,,2.0,2.0,2.0,,,,2.0,,1.0,,,,,,2.0,1.0,,,,,,,,,,,,,,,,,,,,2,,,2,2,2,,,,2,2,,2.0,2,2,1,,5,1.0,1.0,2.0,,,,2.0,,,,1,2.0,2.0,,,1.0,2,,,,,,,2,2,,,,,1.0,1.0,2.0,2.0,1.0,,1,1,2,3,2.0,2.0,,0,1,4,4,4,2.0,2,5.0,1,2,0,0.0,2021
Nepal,NPL,South Asia,20742576.0,130191274,0.590538666163818,1,56.0,1,1,1.0,1.0,1,1,0.0,1.0,1.0,2,,,2.0,2.0,2.0,,,,2.0,,2.0,,,,,,,2.0,,,,,,,,,,,,,,,,,,,,2,,,2,2,2,,,,2,2,,2.0,2,2,2,,2,1.0,1.0,2.0,,,,2.0,,,,2,,,,,,2,,,,,,,2,2,,,,,2.0,,,,,,5,5,4,5,,2.0,,0,0,4,4,4,4.0,4,5.0,2,2,0,0.0,2021
Nepal,NPL,South Asia,20742576.0,186271286,2.83160028258982,2,25.0,1,1,1.0,2.0,0,0,0.0,,,2,,,,,,,,,,,,,,,,,,,1.0,1.0,1.0,2.0,2.0,2.0,1.0,2.0,2.0,,,,,,,,,,,2,,,2,2,2,,,,2,2,,2.0,1,2,1,,4,1.0,1.0,2.0,,,,2.0,,,,2,,,,,,2,,,,,,,2,2,,,,,2.0,,,,,,1,1,2,3,3.0,1.0,,0,1,4,4,4,4.0,4,5.0,1,2,0,0.0,2021
Nepal,NPL,South Asia,20742576.0,201592994,1.92615223748192,2,16.0,1,2,2.0,1.0,1,1,0.0,2.0,2.0,2,,,2.0,2.0,2.0,,,,1.0,2.0,1.0,,,,,,2.0,2.0,,,,,,,,,,,,,,,,,,,,2,,,2,2,2,,,,2,2,,2.0,1,1,1,,2,1.0,1.0,2.0,,,,2.0,,,,1,2.0,2.0,,,1.0,2,,,,,,,2,2,,,,,2.0,,,,,,2,1,2,2,4.0,2.0,,0,1,4,4,4,4.0,2,5.0,1,1,0,0.0,2021
Nepal,NPL,South Asia,20742576.0,192225801,0.464862036508286,1,50.0,1,5,1.0,1.0,1,1,0.0,2.0,2.0,2,,,2.0,2.0,2.0,,,,2.0,,2.0,,,,,,,2.0,,,,,,,,,,,,,,,,,,,,2,,,2,2,2,,,,2,2,,2.0,2,2,2,,2,3.0,2.0,2.0,,,,2.0,,,,2,,,,,,2,,,,,,,2,2,,,,,2.0,,,,,,3,2,3,3,,2.0,,0,0,4,4,4,4.0,4,5.0,1,2,0,0.0,2021
Nepal,NPL,South Asia,20742576.0,175489838,1.6160773349734,2,29.0,1,1,1.0,1.0,1,1,0.0,1.0,2.0,2,,,2.0,2.0,2.0,,,,2.0,,1.0,,,,,,2.0,2.0,,,,,,,,,,,,,,,,,,,,2,,,2,2,2,,,,2,1,,2.0,1,2,1,,2,3.0,1.0,2.0,,,,1.0,1.0,,,1,1.0,2.0,1.0,,,2,,,,,,,2,2,,,,,2.0,,,,,,1,1,1,1,2.0,1.0,,1,1,4,4,4,4.0,1,1.0,1,2,1,0.0,2021
Nepal,NPL,South Asia,20742576.0,161543179,1.72361565634304,2,50.0,1,2,1.0,1.0,0,0,0.0,,,2,,,,,,,,,,,,,,,,,,,2.0,2.0,2.0,2.0,2.0,2.0,1.0,2.0,2.0,,,,,,,,,,,2,,,2,2,2,,,,2,2,,2.0,2,2,2,,2,1.0,4.0,2.0,,,,2.0,,,,1,2.0,2.0,,,1.0,1,2.0,2.0,2.0,1.0,,,3,2,,,,,2.0,,,,,,2,2,2,2,2.0,3.0,,0,0,2,5,4,4.0,2,5.0,1,2,0,0.0,2021
Nepal,NPL,South Asia,20742576.0,188588125,2.83160028258982,1,32.0,1,2,1.0,1.0,1,1,0.0,2.0,2.0,2,,,2.0,2.0,2.0,,,,1.0,2.0,2.0,,,,,,,1.0,,,,,,,,,,,,,,,,,,,,2,,,2,2,2,,,,2,2,,1.0,2,2,2,2.0,1,3.0,3.0,2.0,,,,2.0,,,,1,2.0,2.0,,,1.0,2,,,,,,,2,2,,,,,2.0,,,,,,2,3,3,3,,3.0,,1,0,4,4,4,4.0,2,5.0,1,2,0,0.0,2021
Nepal,NPL,South Asia,20742576.0,174750819,0.840527126026043,1,18.0,2,2,1.0,1.0,1,1,1.0,1.0,2.0,2,,,2.0,2.0,2.0,,,,1.0,2.0,2.0,,,,,,,1.0,,,,,,,,,,,,,,,,,,,,2,,,2,2,2,,,,2,2,,2.0,2,2,1,,3,2.0,2.0,2.0,,,,2.0,,,,1,2.0,1.0,2.0,,,2,,,,,,,2,2,,,,,1.0,1.0,2.0,1.0,,,3,2,1,3,2.0,1.0,,1,1,4,4,4,1.0,1,5.0,1,1,1,0.0,2021
Nepal,NPL,South Asia,20742576.0,138042591,1.17843729034924,1,60.0,1,1,2.0,1.0,1,1,0.0,1.0,1.0,2,,,2.0,2.0,2.0,,,,1.0,1.0,2.0,,,,,,,1.0,,,,,,,,,,,,,,,,,,,,2,,,2,2,2,,,,2,2,,2.0,2,2,2,,2,1.0,1.0,2.0,,,,2.0,,,,1,2.0,2.0,,,1.0,2,,,,,,,1,1,1.0,2.0,,,2.0,,,,,,1,1,1,2,1.0,1.0,,0,0,4,1,1,4.0,2,5.0,2,2,1,0.0,2021
Nepal,NPL,South Asia,20742576.0,190836714,0.961952251252729,2,53.0,1,2,2.0,1.0,1,1,0.0,2.0,1.0,2,,,2.0,2.0,2.0,,,,2.0,,2.0,,,,,,,2.0,,,,,,,,,,,,,,,,,,,,2,,,2,2,2,,,,2,2,,2.0,2,2,2,,1,1.0,1.0,2.0,,,,2.0,,,,1,2.0,2.0,,,1.0,2,,,,,,,2,2,,,,,2.0,,,,,,1,1,2,3,1.0,3.0,,0,0,4,4,4,4.0,2,5.0,1,2,0,0.0,2021
Nepal,NPL,South Asia,20742576.0,203779168,0.469046097234155,2,28.0,2,4,1.0,1.0,1,1,0.0,2.0,2.0,2,,,2.0,2.0,2.0,,,,2.0,,2.0,,,,,,,2.0,,,,,,,,,,,,,,,,,,,,2,,,2,2,2,,,,2,2,,2.0,2,2,1,,2,2.0,2.0,2.0,,,,2.0,,,,2,,,,,,1,1.0,2.0,2.0,1.0,,,2,2,,,,,1.0,1.0,2.0,2.0,1.0,,2,2,2,2,2.0,2.0,,0,1,2,4,4,2.0,4,5.0,1,1,0,0.0,2021
Nepal,NPL,South Asia,20742576.0,154427086,2.83160028258982,2,25.0,1,2,1.0,1.0,0,0,0.0,,,2,,,,,,,,,,,,,,,,,,,1.0,1.0,1.0,2.0,2.0,2.0,1.0,2.0,2.0,,,,,,,,,,,2,,,2,2,2,,,,2,2,,2.0,1,1,1,,5,1.0,1.0,2.0,,,,2.0,,,,1,2.0,2.0,,,1.0,2,,,,,,,2,2,,,,,1.0,1.0,2.0,2.0,1.0,,1,1,1,1,2.0,1.0,,0,1,4,4,4,2.0,2,5.0,1,1,0,0.0,2021
Nepal,NPL,South Asia,20742576.0,200657821,1.67136353653327,2,68.0,1,1,1.0,1.0,0,0,0.0,,,2,,,,,,,,,,,,,,,,,,,2.0,1.0,2.0,2.0,2.0,3.0,1.0,2.0,2.0,,,,,,,,,,,2,,,2,2,2,,,,2,2,,2.0,2,2,2,,5,1.0,1.0,2.0,,,,2.0,,,,1,2.0,2.0,,,1.0,2,,,,,,,2,2,,,,,2.0,,,,,,1,1,3,2,1.0,3.0,,0,0,4,4,4,4.0,2,5.0,1,2,0,0.0,2021
Nepal,NPL,South Asia,20742576.0,127838737,0.787919900007123,1,45.0,1,4,1.0,1.0,1,1,0.0,2.0,2.0,2,,,2.0,2.0,2.0,,,,2.0,,2.0,,,,,,,1.0,,,,,,,,,,,,,,,,,,,,2,,,2,2,2,,,,2,2,,2.0,2,2,1,,2,2.0,1.0,2.0,,,,2.0,,,,1,2.0,2.0,,,1.0,2,,,,,,,2,2,,,,,1.0,1.0,2.0,2.0,1.0,,3,2,2,2,2.0,2.0,,0,1,4,4,4,2.0,2,5.0,2,2,0,0.0,2021
Nepal,NPL,South Asia,20742576.0,208816117,0.933756296379364,1,35.0,1,4,1.0,1.0,1,1,0.0,2.0,2.0,2,,,2.0,2.0,2.0,,,,2.0,,1.0,,,,,,2.0,2.0,,,,,,,,,,,,,,,,,,,,2,,,2,2,2,,,,2,2,,2.0,1,1,2,,2,2.0,1.0,2.0,,,,2.0,,,,2,,,,,,2,,,,,,,1,2,2.0,2.0,2.0,2.0,2.0,,,,,,2,2,2,2,2.0,2.0,,0,1,4,3,4,4.0,4,5.0,1,2,0,0.0,2021
Nepal,NPL,South Asia,20742576.0,151700705,2.60858122072007,1,48.0,1,5,1.0,1.0,1,1,0.0,2.0,1.0,1,1.0,2.0,2.0,2.0,1.0,2.0,,1.0,1.0,2.0,2.0,,,,,,,1.0,,,,,,,,,,,,,,,,,,,,2,,,2,2,2,,,,1,1,,1.0,1,2,2,2.0,3,2.0,2.0,2.0,,,,2.0,,,,1,2.0,2.0,,,1.0,2,,,,,,,2,2,,,,,1.0,1.0,2.0,2.0,1.0,,3,1,3,3,,3.0,,1,1,4,4,4,2.0,2,5.0,1,1,1,0.0,2021
Nepal,NPL,South Asia,20742576.0,157121664,0.92554351345236,1,47.0,1,4,1.0,2.0,1,1,0.0,1.0,2.0,2,,,2.0,2.0,2.0,,,,2.0,,1.0,,,,,,2.0,2.0,,,,,,,,,,,,,,,,,,,,2,,,2,2,2,,,,2,2,,2.0,1,1,2,,2,3.0,3.0,2.0,,,,2.0,,,,1,2.0,2.0,,,1.0,2,,,,,,,2,2,,,,,2.0,,,,,,1,1,2,1,1.0,1.0,,0,1,4,4,4,4.0,2,5.0,1,2,0,0.0,2021
Nepal,NPL,South Asia,20742576.0,200478619,0.422004136475808,2,21.0,2,3,1.0,1.0,0,0,0.0,,,2,,,,,,,,,,,,,,,,,,,2.0,2.0,2.0,1.0,2.0,2.0,1.0,2.0,2.0,,,,,,,,,,,2,,,2,2,2,,,,2,2,,2.0,2,1,1,,2,1.0,1.0,2.0,,,,2.0,,,,1,2.0,2.0,,,1.0,2,,,,,,,2,2,,,,,2.0,,,,,,2,1,1,1,4.0,1.0,,0,1,4,4,4,4.0,2,5.0,1,1,0,0.0,2021
Nepal,NPL,South Asia,20742576.0,161011680,0.674968900476438,1,45.0,1,1,1.0,1.0,1,1,0.0,2.0,2.0,2,,,2.0,2.0,2.0,,,,2.0,,1.0,,,,,,2.0,1.0,,,,,,,,,,,,,,,,,,,,2,,,2,2,2,,,,2,2,,2.0,1,2,1,,2,1.0,4.0,2.0,,,,2.0,,,,1,2.0,2.0,,,1.0,2,,,,,,,2,2,,,,,2.0,,,,,,1,1,1,1,4.0,3.0,,0,1,4,4,4,4.0,2,5.0,1,2,0,0.0,2021
Nepal,NPL,South Asia,20742576.0,125429509,0.263544210014897,2,57.0,2,5,1.0,1.0,1,1,1.0,2.0,1.0,1,1.0,1.0,1.0,1.0,1.0,1.0,1.0,1.0,1.0,1.0,1.0,,,,,,2.0,1.0,,,,,,,,,,,,,,,,1.0,2.0,2.0,1.0,1,1.0,,1,1,2,,,,2,2,2.0,2.0,2,1,1,,4,3.0,3.0,1.0,1.0,,,2.0,,,,1,1.0,1.0,1.0,,,2,,,,,,,2,2,,,,,1.0,1.0,1.0,1.0,,,3,3,3,3,,3.0,,0,1,4,4,4,1.0,1,1.0,1,1,1,1.0,2021
Nepal,NPL,South Asia,20742576.0,161411038,0.263544210014897,2,62.0,2,5,2.0,1.0,1,1,1.0,2.0,2.0,1,1.0,1.0,1.0,1.0,2.0,,,,1.0,2.0,1.0,,,,,,1.0,1.0,,,,,,,,,,,,,,,,,,,,2,1.0,,2,1,2,,,,2,2,,1.0,2,2,2,2.0,1,3.0,3.0,1.0,1.0,,,1.0,1.0,,,1,2.0,1.0,1.0,,,2,,,,,,,2,2,,,,,1.0,1.0,1.0,1.0,,,1,3,3,3,,3.0,,1,0,4,4,4,1.0,1,1.0,1,1,1,1.0,2021
Nepal,NPL,South Asia,20742576.0,175050349,0.814143487964571,2,23.0,3,3,1.0,1.0,0,0,0.0,,,2,,,,,,,,,,,,,,,,,,,1.0,2.0,2.0,2.0,2.0,2.0,1.0,2.0,2.0,,,,,,,,,,,2,,,2,2,2,,,,2,2,,2.0,2,2,2,,2,2.0,1.0,2.0,,,,2.0,,,,2,,,,,,2,,,,,,,2,2,,,,,2.0,,,,,,1,1,1,1,4.0,2.0,,0,0,4,4,4,4.0,4,5.0,1,1,0,0.0,2021
Nepal,NPL,South Asia,20742576.0,144306327,0.263544210014897,2,70.0,2,1,1.0,1.0,0,0,0.0,,,2,,,,,,,,,,,,,,,,,,,1.0,1.0,1.0,2.0,1.0,2.0,2.0,2.0,1.0,,,,,,,,,,,2,,,2,2,2,,,,2,2,,2.0,1,1,2,,4,1.0,1.0,2.0,,,,2.0,,,,2,,,,,,2,,,,,,,2,2,,,,,2.0,,,,,,1,1,2,1,1.0,1.0,,0,1,4,4,4,4.0,4,5.0,1,2,0,0.0,2021
Nepal,NPL,South Asia,20742576.0,135181696,0.516777477438258,1,50.0,1,5,1.0,1.0,0,0,0.0,,,2,,,,,,,,,,,,,,,,,,,3.0,3.0,2.0,2.0,3.0,2.0,2.0,1.0,3.0,,,,,,,,,,,2,,,2,2,2,,,,1,2,,1.0,2,2,2,2.0,2,3.0,3.0,2.0,,,,2.0,,,,1,2.0,2.0,,,1.0,2,,,,,,,2,2,,,,,1.0,2.0,2.0,2.0,2.0,2.0,3,3,3,3,,3.0,,1,0,4,4,4,3.0,2,5.0,1,2,0,0.0,2021
Nepal,NPL,South Asia,20742576.0,164695089,2.83160028258982,1,24.0,1,2,1.0,1.0,0,0,0.0,,,2,,,,,,,,,,,,,,,,,,,2.0,2.0,2.0,2.0,2.0,2.0,1.0,2.0,2.0,,,,,,,,,,,2,,,2,2,2,,,,2,2,,1.0,2,2,2,1.0,2,2.0,1.0,2.0,,,,2.0,,,,2,,,,,,2,,,,,,,2,2,,,,,2.0,,,,,,2,1,2,3,2.0,2.0,,1,1,4,4,4,4.0,4,5.0,1,2,0,0.0,2021
Nepal,NPL,South Asia,20742576.0,128685791,0.871252501742824,2,36.0,3,3,1.0,1.0,1,1,0.0,1.0,1.0,1,1.0,2.0,1.0,1.0,2.0,,,,1.0,2.0,1.0,,,,,,2.0,2.0,,,,,,,,,,,,,,,,,,,,2,,,2,2,2,,,,2,2,,2.0,1,1,1,,2,3.0,2.0,1.0,1.0,,,1.0,1.0,,,1,2.0,2.0,,,1.0,1,2.0,1.0,2.0,,,2.0,1,2,2.0,2.0,2.0,2.0,1.0,1.0,2.0,2.0,1.0,,2,2,2,2,4.0,2.0,,0,1,1,3,4,2.0,2,1.0,1,1,1,0.0,2021
Nepal,NPL,South Asia,20742576.0,116148775,1.62938535204395,1,59.0,1,2,1.0,1.0,0,0,0.0,,,2,,,,,,,,,,,,,,,,,,,1.0,1.0,1.0,2.0,2.0,2.0,1.0,1.0,2.0,,,,,,,,,,,2,,,2,2,2,,,,2,2,,2.0,2,2,2,,2,1.0,1.0,2.0,,,,2.0,,,,2,,,,,,2,,,,,,,2,2,,,,,2.0,,,,,,1,1,2,2,2.0,2.0,,0,0,4,4,4,4.0,4,5.0,2,2,0,0.0,2021
Nepal,NPL,South Asia,20742576.0,158142735,2.83160028258982,2,17.0,1,3,1.0,2.0,0,0,0.0,,,2,,,,,,,,,,,,,,,,,,,2.0,2.0,2.0,1.0,1.0,2.0,2.0,2.0,2.0,,,,,,,,,,,2,,,2,2,2,,,,2,2,,2.0,2,2,1,,3,1.0,1.0,2.0,,,,2.0,,,,2,,,,,,2,,,,,,,2,2,,,,,2.0,,,,,,1,1,1,2,2.0,2.0,,0,1,4,4,4,4.0,4,5.0,1,2,0,0.0,2021
Nepal,NPL,South Asia,20742576.0,204673281,1.13569913242673,1,50.0,1,4,2.0,1.0,1,1,0.0,1.0,1.0,2,,,2.0,2.0,2.0,,,,1.0,2.0,1.0,,,,,,2.0,1.0,,,,,,,,,,,,,,,,,,,,2,,,2,2,2,,,,1,1,,2.0,2,2,2,,4,2.0,2.0,2.0,,,,2.0,,,,1,2.0,2.0,,,1.0,1,2.0,1.0,2.0,,,2.0,1,1,1.0,2.0,,,2.0,,,,,,1,1,2,3,1.0,2.0,,1,0,1,1,1,4.0,2,5.0,2,2,1,0.0,2021
Nepal,NPL,South Asia,20742576.0,120421745,1.12791232441256,2,45.0,1,4,1.0,2.0,0,0,0.0,,,2,,,,,,,,,,,,,,,,,,,1.0,2.0,2.0,2.0,2.0,2.0,2.0,2.0,1.0,,,,,,,,,,,2,,,2,2,2,,,,2,2,,2.0,2,2,2,,3,3.0,3.0,2.0,,,,2.0,,,,2,,,,,,2,,,,,,,2,2,,,,,2.0,,,,,,3,3,3,3,,3.0,,0,0,4,4,4,4.0,4,5.0,1,2,0,0.0,2021
Nepal,NPL,South Asia,20742576.0,163403505,0.705173073154061,1,37.0,1,5,2.0,2.0,1,1,0.0,2.0,2.0,2,,,2.0,2.0,2.0,,,,2.0,,2.0,,,,,,,1.0,,,,,,,,,,,,,,,,,,,,2,,,2,2,2,,,,1,1,,2.0,2,2,2,,3,2.0,1.0,2.0,,,,2.0,,,,2,,,,,,1,2.0,2.0,2.0,1.0,,,2,2,,,,,2.0,,,,,,1,1,2,3,1.0,2.0,,1,0,2,4,4,4.0,4,5.0,1,1,0,0.0,2021
Nepal,NPL,South Asia,20742576.0,176958699,0.317739643614183,1,20.0,2,5,1.0,2.0,0,0,0.0,,,2,,,,,,,,,,,,,,,,,,,1.0,2.0,2.0,1.0,2.0,2.0,1.0,2.0,2.0,,,,,,,,,,,2,,,2,1,2,,,,1,1,,2.0,2,2,2,,2,2.0,2.0,2.0,,,,2.0,,,,1,2.0,2.0,,,1.0,1,1.0,2.0,2.0,1.0,,,2,2,,,,,2.0,,,,,,2,2,1,1,2.0,2.0,,1,1,2,4,4,4.0,2,5.0,1,1,0,0.0,2021
Nepal,NPL,South Asia,20742576.0,168459856,0.837679512647838,2,32.0,1,2,1.0,1.0,0,0,0.0,,,2,,,,,,,,,,,,,,,,,,,1.0,2.0,2.0,2.0,2.0,2.0,1.0,2.0,2.0,,,,,,,,,,,2,,,2,2,2,,,,2,2,,2.0,2,1,1,,5,1.0,1.0,2.0,,,,2.0,,,,2,,,,,,1,1.0,2.0,2.0,1.0,,,2,2,,,,,2.0,,,,,,1,1,1,1,4.0,1.0,,0,1,2,4,4,4.0,4,5.0,1,1,0,0.0,2021
Nepal,NPL,South Asia,20742576.0,171840478,0.263544210014897,1,35.0,2,4,1.0,1.0,1,1,0.0,2.0,2.0,2,,,2.0,2.0,2.0,,,,2.0,,2.0,,,,,,,2.0,,,,,,,,,,,,,,,,,,,,2,,,2,2,2,,,,1,2,,2.0,2,2,2,,2,1.0,2.0,1.0,1.0,,,2.0,,,,1,2.0,2.0,,,1.0,2,,,,,,,2,2,,,,,1.0,1.0,2.0,2.0,1.0,,1,1,1,1,1.0,2.0,,1,0,4,4,4,2.0,2,1.0,1,2,1,0.0,2021
Nepal,NPL,South Asia,20742576.0,198508457,0.527522895561328,1,17.0,2,5,2.0,1.0,0,0,0.0,,,2,,,,,,,,,,,,,,,,,,,2.0,2.0,2.0,1.0,2.0,2.0,2.0,1.0,1.0,,,,,,,,,,,2,,,2,2,2,,,,2,2,,2.0,2,2,2,,2,2.0,1.0,2.0,,,,2.0,,,,2,,,,,,2,,,,,,,2,2,,,,,2.0,,,,,,3,3,3,2,,2.0,,0,0,4,4,4,4.0,4,5.0,1,1,0,0.0,2021
Nepal,NPL,South Asia,20742576.0,190963461,0.430552650861222,2,28.0,3,5,1.0,2.0,1,1,1.0,1.0,2.0,2,,,1.0,2.0,1.0,1.0,2.0,1.0,1.0,1.0,1.0,,,,,,1.0,1.0,,,,,,,,,,,,,,,,,,,,2,,,2,1,2,,,,2,2,,2.0,2,2,2,,3,2.0,2.0,2.0,,,,2.0,,,,2,,,,,,1,2.0,1.0,1.0,,,2.0,2,2,,,,,2.0,,,,,,2,2,2,2,2.0,2.0,,1,1,1,4,4,4.0,4,5.0,1,1,1,0.0,2021
Nepal,NPL,South Asia,20742576.0,125805700,0.957357195787224,2,20.0,2,5,2.0,2.0,0,0,0.0,,,2,,,,,,,,,,,,,,,,,,,1.0,2.0,2.0,2.0,2.0,2.0,1.0,1.0,1.0,,,,,,,,,,,2,,,2,2,2,,,,2,2,,2.0,2,2,1,,2,3.0,3.0,2.0,,,,1.0,2.0,1.0,2.0,2,,,,,,2,,,,,,,2,2,,,,,2.0,,,,,,3,3,3,3,,2.0,,0,1,4,4,4,4.0,4,3.0,1,1,0,0.0,2021
Nepal,NPL,South Asia,20742576.0,173402452,0.263544210014897,2,30.0,2,5,1.0,2.0,1,1,0.0,2.0,2.0,1,1.0,1.0,1.0,1.0,2.0,,,,1.0,2.0,1.0,,,,,,1.0,1.0,,,,,,,,,,,,,,,,,,,,2,1.0,,2,2,2,,,,2,2,,2.0,2,2,2,,1,2.0,2.0,1.0,1.0,,,1.0,1.0,,,1,2.0,2.0,,,1.0,2,,,,,,,2,2,,,,,2.0,,,,,,3,2,2,2,2.0,2.0,,0,0,4,4,4,4.0,2,1.0,1,1,1,1.0,2021
Nepal,NPL,South Asia,20742576.0,210274670,0.263544210014897,1,29.0,2,4,2.0,1.0,1,1,0.0,2.0,2.0,1,2.0,,2.0,1.0,2.0,,,,1.0,2.0,1.0,,,,,,1.0,1.0,,,,,,,,,,,,,,,,,,,,2,,,2,2,2,,,,2,1,,1.0,1,1,1,2.0,2,1.0,1.0,2.0,,,,1.0,2.0,1.0,2.0,1,2.0,2.0,,,1.0,2,,,,,,,2,2,,,,,2.0,,,,,,1,1,1,1,2.0,1.0,,1,1,4,4,4,4.0,2,3.0,1,1,0,0.0,2021
Nepal,NPL,South Asia,20742576.0,195126663,0.998345916793454,2,64.0,1,4,1.0,1.0,1,1,0.0,2.0,1.0,2,,,1.0,2.0,2.0,,,,1.0,2.0,2.0,,,,,,,1.0,,,,,,,,,,,,,,,,,,,,2,,,2,2,2,,,,1,2,,1.0,2,2,2,2.0,1,3.0,3.0,2.0,,,,2.0,,,,1,2.0,2.0,,,2.0,2,,,,,,,2,1,2.0,2.0,2.0,2.0,2.0,,,,,,3,3,3,3,,2.0,,1,0,4,4,3,4.0,3,5.0,1,1,1,0.0,2021
Nepal,NPL,South Asia,20742576.0,177799031,1.37749400876042,2,32.0,1,1,1.0,1.0,0,0,0.0,,,2,,,,,,,,,,,,,,,,,,,1.0,1.0,2.0,1.0,2.0,1.0,1.0,2.0,1.0,,,,,,,,,,,2,,,2,2,2,,,,2,2,,2.0,1,2,1,,2,2.0,2.0,2.0,,,,2.0,,,,2,,,,,,2,,,,,,,2,2,,,,,2.0,,,,,,1,2,2,2,4.0,2.0,,0,1,4,4,4,4.0,4,5.0,1,1,0,0.0,2021
Nepal,NPL,South Asia,20742576.0,151214056,0.905844960754559,2,71.0,1,1,1.0,1.0,1,1,0.0,2.0,1.0,2,,,2.0,2.0,2.0,,,,1.0,2.0,2.0,,,,,,,2.0,,,,,,,,,,,,,,,,,,,,2,,,2,2,2,,,,2,2,,2.0,2,2,2,,2,1.0,4.0,2.0,,,,2.0,,,,1,2.0,2.0,,,1.0,2,,,,,,,1,2,1.0,2.0,,,1.0,1.0,2.0,2.0,2.0,2.0,2,2,2,3,1.0,3.0,,0,0,4,1,4,3.0,2,5.0,1,2,1,0.0,2021
Nepal,NPL,South Asia,20742576.0,141287134,1.08552465061943,2,21.0,2,3,1.0,1.0,1,1,0.0,1.0,2.0,2,,,1.0,1.0,2.0,,,,1.0,2.0,1.0,,,,,,1.0,1.0,,,,,,,,,,,,,,,,,,,,2,,,2,2,2,,,,2,1,,2.0,2,2,2,,2,3.0,2.0,2.0,,,,2.0,,,,2,,,,,,2,,,,,,,2,2,,,,,2.0,,,,,,2,3,3,3,,2.0,,1,0,4,4,4,4.0,4,5.0,1,1,1,0.0,2021
Nepal,NPL,South Asia,20742576.0,153920563,0.95321893084255,1,19.0,2,1,1.0,2.0,1,1,0.0,1.0,2.0,1,2.0,,2.0,2.0,2.0,,,,2.0,,2.0,,,,,,,2.0,,,,,,,,,,,,,,,,,,,,2,,,2,2,1,2.0,1.0,,2,2,,2.0,2,2,1,,2,1.0,1.0,2.0,,,,2.0,,,,2,,,,,,2,,,,,,,2,2,,,,,2.0,,,,,,3,3,1,2,4.0,1.0,,1,1,4,4,4,4.0,4,5.0,1,1,0,0.0,2021
Nepal,NPL,South Asia,20742576.0,160169206,2.22336842267988,1,20.0,1,1,2.0,1.0,1,1,0.0,2.0,2.0,2,,,2.0,2.0,2.0,,,,2.0,,2.0,,,,,,,2.0,,,,,,,,,,,,,,,,,,,,2,,,2,2,2,,,,1,2,,2.0,1,1,2,,4,3.0,3.0,2.0,,,,2.0,,,,1,2.0,1.0,2.0,,,2,,,,,,,2,2,,,,,2.0,,,,,,3,3,3,3,,1.0,,1,1,4,4,4,4.0,1,5.0,1,2,0,0.0,2021
Nepal,NPL,South Asia,20742576.0,123485942,1.3873755000002,1,38.0,1,1,1.0,1.0,1,1,0.0,1.0,1.0,2,,,2.0,2.0,2.0,,,,1.0,1.0,2.0,,,,,,,2.0,,,,,,,,,,,,,,,,,,,,2,,,2,2,2,,,,1,1,,2.0,1,2,1,,5,2.0,2.0,2.0,,,,2.0,,,,2,,,,,,2,,,,,,,2,2,,,,,2.0,,,,,,1,1,2,2,1.0,1.0,,1,1,4,4,4,4.0,4,5.0,1,2,0,0.0,2021
Nepal,NPL,South Asia,20742576.0,170506846,0.708995254885363,1,65.0,1,4,1.0,1.0,1,1,0.0,2.0,2.0,2,,,2.0,2.0,2.0,,,,1.0,1.0,2.0,,,,,,,1.0,,,,,,,,,,,,,,,,,,,,2,,,2,2,2,,,,2,2,,2.0,2,2,2,,1,1.0,1.0,2.0,,,,2.0,,,,2,,,,,,2,,,,,,,2,2,,,,,2.0,,,,,,2,2,3,3,2.0,1.0,,0,0,4,4,4,4.0,4,5.0,1,2,0,0.0,2021
Nepal,NPL,South Asia,20742576.0,124772940,0.584387599734343,2,27.0,1,3,1.0,2.0,1,1,0.0,2.0,2.0,2,,,2.0,2.0,2.0,,,,2.0,,1.0,,,,,,2.0,1.0,,,,,,,,,,,,,,,,,,,,2,,,2,2,2,,,,1,1,,1.0,1,1,2,1.0,3,3.0,1.0,2.0,,,,1.0,2.0,2.0,1.0,2,,,,,,1,2.0,2.0,2.0,1.0,,,2,2,,,,,2.0,,,,,,2,2,2,3,1.0,2.0,,1,1,2,4,4,4.0,4,2.0,1,1,0,0.0,2021
Nepal,NPL,South Asia,20742576.0,161240453,0.35750610237159,1,33.0,2,3,1.0,2.0,1,1,0.0,2.0,2.0,2,,,2.0,2.0,2.0,,,,2.0,,2.0,,,,,,,1.0,,,,,,,,,,,,,,,,,,,,2,,,2,2,2,,,,2,2,,2.0,1,2,1,,3,1.0,1.0,2.0,,,,2.0,,,,1,2.0,2.0,,,1.0,2,,,,,,,2,2,,,,,2.0,,,,,,2,1,1,2,2.0,1.0,,0,1,4,4,4,4.0,2,5.0,1,1,0,0.0,2021
Nepal,NPL,South Asia,20742576.0,133013316,1.90146625924904,1,32.0,1,3,1.0,2.0,0,0,0.0,,,2,,,,,,,,,,,,,,,,,,,2.0,2.0,2.0,2.0,2.0,2.0,1.0,2.0,2.0,,,,,,,,,,,2,,,2,2,2,,,,2,2,,2.0,2,2,1,,3,3.0,1.0,2.0,,,,2.0,,,,2,,,,,,1,2.0,2.0,2.0,1.0,,,2,2,,,,,2.0,,,,,,1,1,2,3,3.0,1.0,,0,1,2,4,4,4.0,4,5.0,1,2,0,0.0,2021
Nepal,NPL,South Asia,20742576.0,162187904,1.07896109755326,2,20.0,2,3,1.0,2.0,0,0,0.0,,,2,,,,,,,,,,,,,,,,,,,2.0,2.0,2.0,2.0,2.0,2.0,1.0,2.0,2.0,,,,,,,,,,,2,,,2,2,2,,,,2,2,,2.0,1,2,2,,3,2.0,1.0,2.0,,,,2.0,,,,1,2.0,2.0,,,2.0,2,,,,,,,2,2,,,,,1.0,1.0,2.0,2.0,2.0,2.0,1,1,1,1,2.0,1.0,,0,1,4,4,4,3.0,3,5.0,1,1,0,0.0,2021
Nepal,NPL,South Asia,20742576.0,193425969,0.64626514519071,2,35.0,2,2,2.0,1.0,1,1,0.0,2.0,2.0,2,,,2.0,2.0,2.0,,,,2.0,,2.0,,,,,,,2.0,,,,,,,,,,,,,,,,,,,,2,,,2,2,2,,,,2,2,,2.0,1,2,1,,3,3.0,3.0,2.0,,,,1.0,2.0,2.0,2.0,1,2.0,2.0,,,1.0,2,,,,,,,2,2,,,,,2.0,,,,,,3,3,3,3,,3.0,,0,1,4,4,4,4.0,2,4.0,1,1,0,0.0,2021
Nepal,NPL,South Asia,20742576.0,193606254,0.580819466796479,2,18.0,2,5,2.0,2.0,1,1,1.0,2.0,2.0,1,1.0,1.0,1.0,1.0,2.0,,,,1.0,1.0,1.0,,,,,,1.0,1.0,,,,,,,,,,,,,,,,1.0,1.0,2.0,2.0,1,2.0,,1,1,1,1.0,2.0,,2,2,2.0,2.0,2,2,2,,2,1.0,1.0,1.0,2.0,2.0,2.0,1.0,1.0,,,1,1.0,1.0,2.0,,,1,1.0,1.0,1.0,,,2.0,2,2,,,,,2.0,,,,,,1,1,1,1,4.0,1.0,,0,0,1,4,4,4.0,1,1.0,1,1,1,1.0,2021
Nepal,NPL,South Asia,20742576.0,205177761,1.17516335636486,2,52.0,1,3,1.0,2.0,1,1,0.0,2.0,2.0,2,,,1.0,2.0,2.0,,,,2.0,,2.0,,,,,,,1.0,,,,,,,,,,,,,,,,,,,,2,,,2,2,2,,,,2,2,,2.0,1,1,2,,2,2.0,2.0,2.0,,,,2.0,,,,1,2.0,2.0,,,1.0,2,,,,,,,2,2,,,,,2.0,,,,,,2,2,2,2,1.0,2.0,,1,1,4,4,4,4.0,2,5.0,1,2,1,0.0,2021
Nepal,NPL,South Asia,20742576.0,149498264,0.70967435155146,2,32.0,2,5,1.0,2.0,1,1,0.0,2.0,2.0,1,2.0,,2.0,1.0,2.0,,,,1.0,1.0,1.0,,,,,,1.0,1.0,,,,,,,,,,,,,,,,,,,,2,,,1,1,1,3.0,2.0,,2,1,2.0,1.0,2,1,1,1.0,1,3.0,3.0,1.0,1.0,,,1.0,1.0,,,1,1.0,1.0,2.0,,,2,,,,,,,3,2,,,,,2.0,,,,,,3,3,3,3,,1.0,,1,1,4,5,4,4.0,1,1.0,1,1,1,1.0,2021
Nepal,NPL,South Asia,20742576.0,119035562,0.778209915318601,1,43.0,1,5,1.0,1.0,1,1,0.0,2.0,2.0,2,,,2.0,2.0,2.0,,,,1.0,2.0,1.0,,,,,,2.0,1.0,,,,,,,,,,,,,,,,,,,,2,,,2,2,2,,,,2,2,,2.0,2,2,2,,2,4.0,1.0,2.0,,,,2.0,,,,1,2.0,2.0,,,1.0,2,,,,,,,2,2,,,,,2.0,,,,,,2,1,3,3,2.0,3.0,,0,0,4,4,4,4.0,2,5.0,1,2,0,0.0,2021
Nepal,NPL,South Asia,20742576.0,179559125,1.03820977480994,1,50.0,1,4,1.0,2.0,0,0,0.0,,,2,,,,,,,,,,,,,,,,,,,1.0,1.0,1.0,1.0,2.0,1.0,1.0,1.0,1.0,,,,,,,,,,,2,,,2,2,2,,,,2,2,,2.0,2,2,2,,8,,,2.0,,,,2.0,,,,2,,,,,,2,,,,,,,2,2,,,,,2.0,,,,,,1,1,1,1,2.0,1.0,,0,0,4,4,4,4.0,4,5.0,2,2,0,0.0,2021
Nepal,NPL,South Asia,20742576.0,115123087,1.32642567656662,2,78.0,1,3,1.0,1.0,1,1,0.0,2.0,1.0,2,,,2.0,2.0,2.0,,,,1.0,2.0,1.0,,,,,,2.0,1.0,,,,,,,,,,,,,,,,,,,,2,,,2,2,2,,,,2,2,,2.0,2,2,2,,5,1.0,1.0,2.0,,,,2.0,,,,2,,,,,,2,,,,,,,1,2,1.0,2.0,,,2.0,,,,,,1,2,3,3,1.0,2.0,,0,0,4,1,4,4.0,4,5.0,1,2,1,0.0,2021
Nepal,NPL,South Asia,20742576.0,132907877,0.317739643614183,1,22.0,2,5,2.0,2.0,1,1,0.0,2.0,2.0,2,,,2.0,2.0,2.0,,,,1.0,1.0,2.0,,,,,,,1.0,,,,,,,,,,,,,,,,,,,,2,,,2,2,2,,,,2,2,,2.0,1,1,2,,3,2.0,1.0,2.0,,,,2.0,,,,2,,,,,,2,,,,,,,2,2,,,,,2.0,,,,,,2,2,3,3,1.0,2.0,,0,1,4,4,4,4.0,4,5.0,1,1,0,0.0,2021
Nepal,NPL,South Asia,20742576.0,169584253,0.263544210014897,2,35.0,2,5,1.0,2.0,1,1,0.0,1.0,1.0,1,2.0,,2.0,1.0,2.0,,,,1.0,2.0,1.0,,,,,,1.0,2.0,,,,,,,,,,,,,,,,,,,,2,,,2,1,2,,,,2,2,,2.0,2,2,1,,3,2.0,2.0,1.0,1.0,,,2.0,,,,1,2.0,2.0,,,1.0,1,2.0,1.0,2.0,,,2.0,2,2,,,,,2.0,,,,,,2,2,3,3,2.0,2.0,,0,1,1,4,4,4.0,2,1.0,1,1,1,0.0,2021
Nepal,NPL,South Asia,20742576.0,176295529,1.51686220603795,2,76.0,1,4,2.0,1.0,1,1,0.0,2.0,2.0,2,,,2.0,2.0,2.0,,,,1.0,2.0,2.0,,,,,,,1.0,,,,,,,,,,,,,,,,,,,,2,,,2,2,2,,,,1,1,,2.0,2,2,2,,2,3.0,3.0,2.0,,,,1.0,1.0,,,2,,,,,,2,,,,,,,1,2,1.0,2.0,,,2.0,,,,,,2,2,3,3,2.0,4.0,,1,0,4,1,4,4.0,4,1.0,1,2,1,0.0,2021
Nepal,NPL,South Asia,20742576.0,140018490,1.93794218029131,1,25.0,1,4,1.0,1.0,1,1,0.0,1.0,1.0,1,1.0,2.0,1.0,1.0,2.0,,,,2.0,,1.0,,,,,,1.0,1.0,,,,,,,,,,,,,,,,,,,,2,,,2,2,2,,,,1,1,,3.0,1,1,1,,5,2.0,1.0,1.0,2.0,2.0,2.0,2.0,,,,1,2.0,2.0,,,1.0,2,,,,,,,2,2,,,,,1.0,1.0,2.0,2.0,1.0,,5,2,2,5,2.0,2.0,,1,1,4,4,4,2.0,2,4.0,1,1,1,0.0,2021
Nepal,NPL,South Asia,20742576.0,194825821,0.598946227374183,2,66.0,1,2,1.0,1.0,0,0,0.0,,,2,,,,,,,,,,,,,,,,,,,2.0,2.0,3.0,2.0,2.0,2.0,1.0,2.0,2.0,,,,,,,,,,,2,,,2,2,2,,,,2,2,,2.0,2,2,1,,2,2.0,2.0,2.0,,,,2.0,,,,1,2.0,2.0,,,1.0,2,,,,,,,2,2,,,,,1.0,1.0,2.0,2.0,1.0,,2,2,3,3,2.0,2.0,,0,1,4,4,4,2.0,2,5.0,2,2,0,0.0,2021
Nepal,NPL,South Asia,20742576.0,164086086,1.40256386691203,2,30.0,1,3,1.0,1.0,1,1,0.0,1.0,2.0,2,,,2.0,1.0,2.0,,,,2.0,,2.0,,,,,,,2.0,,,,,,,,,,,,,,,,,,,,1,1.0,,1,1,2,,,,1,1,,1.0,2,2,2,2.0,8,,,2.0,,,,2.0,,,,1,1.0,1.0,2.0,,,2,,,,,,,2,2,,,,,2.0,,,,,,1,1,1,1,2.0,1.0,,1,0,4,4,4,4.0,1,5.0,1,2,1,1.0,2021
Nepal,NPL,South Asia,20742576.0,121641468,0.94623246873528,2,25.0,3,5,1.0,2.0,1,1,0.0,2.0,2.0,1,2.0,,2.0,2.0,2.0,,,,1.0,2.0,1.0,,,,,,1.0,1.0,,,,,,,,,,,,,,,,,,,,2,,,2,2,2,,,,2,1,,2.0,2,2,2,,1,3.0,2.0,2.0,,,,2.0,,,,2,,,,,,2,,,,,,,3,2,,,,,2.0,,,,,,2,2,2,2,2.0,2.0,,1,0,4,5,4,4.0,4,5.0,1,1,0,0.0,2021
Nepal,NPL,South Asia,20742576.0,201666312,1.37889252507444,2,50.0,1,1,1.0,2.0,1,1,0.0,1.0,2.0,2,,,2.0,2.0,2.0,,,,2.0,,2.0,,,,,,,2.0,,,,,,,,,,,,,,,,,,,,2,,,2,2,2,,,,2,2,,2.0,1,2,2,,5,2.0,2.0,2.0,,,,2.0,,,,2,,,,,,2,,,,,,,2,2,,,,,2.0,,,,,,1,1,1,1,4.0,1.0,,0,1,4,4,4,4.0,4,5.0,2,2,0,0.0,2021
Nepal,NPL,South Asia,20742576.0,127091556,0.819503638728643,2,47.0,1,2,1.0,1.0,1,1,0.0,2.0,2.0,2,,,2.0,2.0,2.0,,,,2.0,,2.0,,,,,,,2.0,,,,,,,,,,,,,,,,,,,,2,,,2,2,2,,,,2,2,,2.0,2,2,2,,5,1.0,1.0,2.0,,,,2.0,,,,2,,,,,,2,,,,,,,2,2,,,,,1.0,1.0,1.0,2.0,,,1,1,1,3,2.0,1.0,,0,0,4,4,4,1.0,4,5.0,1,2,1,0.0,2021
Nepal,NPL,South Asia,20742576.0,158706331,0.296367773193992,2,35.0,3,5,1.0,2.0,1,1,1.0,1.0,2.0,2,,,1.0,1.0,1.0,1.0,2.0,1.0,1.0,2.0,1.0,,,,,,1.0,1.0,,,,,,,,,,,,,,,,1.0,1.0,1.0,1.0,1,2.0,,1,1,2,,,,2,1,1.0,2.0,1,1,1,,3,3.0,3.0,2.0,,,,2.0,,,,1,2.0,1.0,2.0,,,2,,,,,,,2,2,,,,,1.0,1.0,2.0,2.0,1.0,,2,1,3,3,2.0,1.0,,1,1,4,4,4,2.0,1,5.0,1,1,1,1.0,2021
Nepal,NPL,South Asia,20742576.0,142196594,0.851016118090103,1,27.0,2,4,1.0,2.0,1,1,0.0,2.0,2.0,1,1.0,2.0,2.0,1.0,2.0,,,,1.0,2.0,1.0,,,,,,1.0,1.0,,,,,,,,,,,,,,,,,,,,2,,,2,2,2,,,,2,2,,2.0,2,2,2,,3,3.0,2.0,1.0,1.0,,,1.0,1.0,,,2,,,,,,1,2.0,1.0,2.0,,,1.0,2,2,,,,,2.0,,,,,,3,2,2,3,2.0,2.0,,0,0,1,4,4,4.0,4,1.0,1,1,1,0.0,2021
Nepal,NPL,South Asia,20742576.0,145964002,0.711931646318034,2,70.0,1,2,1.0,1.0,0,0,0.0,,,2,,,,,,,,,,,,,,,,,,,1.0,2.0,2.0,2.0,1.0,2.0,1.0,2.0,2.0,,,,,,,,,,,2,,,2,2,2,,,,2,2,,2.0,2,2,2,,2,2.0,1.0,2.0,,,,2.0,,,,1,2.0,2.0,,,1.0,2,,,,,,,1,2,2.0,2.0,2.0,2.0,1.0,1.0,2.0,2.0,1.0,,2,2,2,2,4.0,2.0,,0,0,4,3,4,2.0,2,5.0,2,2,0,0.0,2021
Nepal,NPL,South Asia,20742576.0,204134970,0.493310898731868,1,57.0,1,3,1.0,1.0,1,1,0.0,2.0,1.0,2,,,2.0,2.0,2.0,,,,1.0,2.0,1.0,,,,,,2.0,2.0,,,,,,,,,,,,,,,,,,,,2,,,2,2,2,,,,2,2,,2.0,2,2,2,,2,1.0,1.0,2.0,,,,2.0,,,,2,,,,,,2,,,,,,,1,2,1.0,2.0,,,2.0,,,,,,1,1,3,3,2.0,3.0,,0,0,4,1,4,4.0,4,5.0,1,2,1,0.0,2021
Nepal,NPL,South Asia,20742576.0,199402812,1.05775960973109,1,43.0,1,4,1.0,1.0,0,0,0.0,,,2,,,,,,,,,,,,,,,,,,,1.0,2.0,2.0,2.0,2.0,2.0,1.0,1.0,2.0,,,,,,,,,,,2,,,2,2,2,,,,2,2,,2.0,2,2,2,,2,1.0,1.0,2.0,,,,2.0,,,,2,,,,,,2,,,,,,,2,2,,,,,2.0,,,,,,1,1,2,1,2.0,1.0,,0,0,4,4,4,4.0,4,5.0,2,2,0,0.0,2021
Nepal,NPL,South Asia,20742576.0,160229041,1.57668844170967,2,15.0,1,1,1.0,1.0,0,0,0.0,,,2,,,,,,,,,,,,,,,,,,,2.0,2.0,2.0,2.0,2.0,2.0,1.0,2.0,2.0,,,,,,,,,,,2,,,2,2,2,,,,2,2,,2.0,2,2,2,,3,1.0,1.0,2.0,,,,2.0,,,,1,2.0,2.0,,,1.0,1,2.0,2.0,2.0,1.0,,,2,2,,,,,2.0,,,,,,3,1,1,3,2.0,2.0,,0,0,2,4,4,4.0,2,5.0,1,2,0,0.0,2021
Nepal,NPL,South Asia,20742576.0,173382209,0.901929362205871,1,70.0,1,3,1.0,1.0,1,1,0.0,1.0,2.0,2,,,2.0,2.0,2.0,,,,2.0,,2.0,,,,,,,2.0,,,,,,,,,,,,,,,,,,,,2,,,2,2,2,,,,2,2,,2.0,2,2,2,,2,2.0,1.0,2.0,,,,2.0,,,,2,,,,,,2,,,,,,,2,2,,,,,2.0,,,,,,1,3,3,1,1.0,3.0,,0,0,4,4,4,4.0,4,5.0,2,2,0,0.0,2021
Nepal,NPL,South Asia,20742576.0,192635040,1.16163893359296,2,21.0,2,5,2.0,2.0,1,1,1.0,2.0,2.0,1,1.0,2.0,1.0,1.0,2.0,,,,1.0,1.0,1.0,,,,,,1.0,1.0,,,,,,,,,,,,,,,,1.0,1.0,1.0,1.0,1,2.0,,2,1,1,3.0,1.0,,2,2,2.0,2.0,2,2,1,,2,2.0,1.0,1.0,1.0,,,1.0,1.0,,,2,,,,,,2,,,,,,,2,2,,,,,2.0,,,,,,2,1,2,3,2.0,2.0,,0,1,4,4,4,4.0,4,1.0,1,1,1,1.0,2021
Nepal,NPL,South Asia,20742576.0,119961953,0.635479287228367,1,16.0,2,2,2.0,1.0,0,0,0.0,,,2,,,,,,,,,,,,,,,,,,,2.0,2.0,1.0,1.0,2.0,2.0,1.0,1.0,2.0,,,,,,,,,,,2,,,2,2,2,,,,2,2,,2.0,2,2,2,,3,1.0,1.0,2.0,,,,2.0,,,,2,,,,,,2,,,,,,,2,2,,,,,2.0,,,,,,5,1,1,1,4.0,1.0,,0,0,4,4,4,4.0,4,5.0,1,1,0,0.0,2021
Nepal,NPL,South Asia,20742576.0,125797459,0.94591438823303,1,43.0,1,5,1.0,2.0,1,1,0.0,2.0,2.0,2,,,2.0,2.0,2.0,,,,1.0,1.0,1.0,,,,,,1.0,1.0,,,,,,,,,,,,,,,,,,,,2,,,2,2,2,,,,1,2,,1.0,1,1,1,2.0,1,2.0,2.0,1.0,2.0,2.0,1.0,1.0,1.0,,,2,,,,,,2,,,,,,,2,2,,,,,1.0,1.0,2.0,2.0,1.0,,1,1,3,3,1.0,1.0,,1,1,4,4,4,2.0,4,1.0,1,1,1,0.0,2021
Nepal,NPL,South Asia,20742576.0,128437247,0.784071704063264,2,38.0,1,4,1.0,1.0,1,1,0.0,,,2,,,,,,,,,,,,,,,,,,,,2.0,2.0,2.0,2.0,2.0,1.0,1.0,2.0,,,,,,,,,,,2,,,2,2,2,,,,2,2,,2.0,2,2,2,,2,3.0,3.0,2.0,,,,2.0,,,,1,2.0,2.0,,,1.0,2,,,,,,,1,2,1.0,2.0,,,1.0,1.0,2.0,2.0,1.0,,1,2,3,2,1.0,2.0,,0,0,4,1,4,2.0,2,5.0,1,2,1,0.0,2021
Nepal,NPL,South Asia,20742576.0,156762778,0.498378834524228,1,60.0,1,5,1.0,1.0,1,1,0.0,2.0,1.0,2,,,2.0,2.0,2.0,,,,1.0,1.0,1.0,,,,,,1.0,1.0,,,,,,,,,,,,,,,,,,,,2,,,2,2,2,,,,1,1,,2.0,2,2,1,,1,3.0,2.0,2.0,,,,2.0,,,,1,2.0,2.0,,,1.0,1,2.0,1.0,2.0,,,2.0,1,2,1.0,2.0,,,1.0,1.0,2.0,2.0,1.0,,2,3,3,3,,2.0,,1,1,1,1,4,2.0,2,5.0,1,1,1,0.0,2021
Nepal,NPL,South Asia,20742576.0,153435098,2.54154477031113,2,15.0,1,2,1.0,1.0,0,0,0.0,,,2,,,,,,,,,,,,,,,,,,,1.0,1.0,1.0,2.0,1.0,2.0,2.0,1.0,1.0,,,,,,,,,,,2,,,2,2,2,,,,2,2,,2.0,1,2,1,,6,1.0,1.0,2.0,,,,2.0,,,,2,,,,,,1,2.0,2.0,2.0,1.0,,,2,2,,,,,2.0,,,,,,3,2,1,2,4.0,2.0,,1,1,2,4,4,4.0,4,5.0,2,2,0,0.0,2021
Nepal,NPL,South Asia,20742576.0,153632205,0.422019977574394,1,31.0,2,2,1.0,1.0,1,1,0.0,1.0,1.0,2,,,2.0,2.0,2.0,,,,2.0,,2.0,,,,,,,2.0,,,,,,,,,,,,,,,,,,,,2,,,2,2,2,,,,2,1,,2.0,2,2,2,,2,3.0,2.0,2.0,,,,2.0,,,,1,2.0,2.0,,,1.0,2,,,,,,,2,2,,,,,2.0,,,,,,1,1,1,1,4.0,2.0,,1,0,4,4,4,4.0,2,5.0,1,2,0,0.0,2021
Nepal,NPL,South Asia,20742576.0,116598416,0.538692444991131,2,34.0,1,1,1.0,1.0,0,0,0.0,,,2,,,,,,,,,,,,,,,,,,,2.0,1.0,1.0,2.0,1.0,2.0,1.0,2.0,2.0,,,,,,,,,,,2,,,2,2,2,,,,2,2,,2.0,2,2,2,,3,1.0,1.0,2.0,,,,2.0,,,,2,,,,,,2,,,,,,,2,2,,,,,2.0,,,,,,3,1,1,1,4.0,1.0,,0,0,4,4,4,4.0,4,5.0,1,2,0,0.0,2021
Nepal,NPL,South Asia,20742576.0,129432025,1.74291095045372,1,23.0,1,2,2.0,1.0,1,1,0.0,2.0,1.0,2,,,2.0,2.0,2.0,,,,2.0,,2.0,,,,,,,2.0,,,,,,,,,,,,,,,,,,,,2,,,2,2,2,,,,2,2,,2.0,2,2,2,,3,1.0,1.0,2.0,,,,2.0,,,,2,,,,,,2,,,,,,,2,2,,,,,2.0,,,,,,1,2,2,5,5.0,1.0,,0,0,4,4,4,4.0,4,5.0,2,2,0,0.0,2021
Nepal,NPL,South Asia,20742576.0,198988208,0.482279004299718,1,17.0,2,3,1.0,1.0,0,0,0.0,,,2,,,,,,,,,,,,,,,,,,,2.0,3.0,3.0,2.0,2.0,2.0,3.0,3.0,3.0,,,,,,,,,,,2,,,2,2,2,,,,2,2,,2.0,2,2,2,,1,2.0,2.0,2.0,,,,2.0,,,,2,,,,,,2,,,,,,,2,2,,,,,2.0,,,,,,2,1,2,2,2.0,3.0,,0,0,4,4,4,4.0,4,5.0,1,2,0,0.0,2021
Nepal,NPL,South Asia,20742576.0,180001536,0.634296685585055,2,40.0,2,5,1.0,2.0,1,1,0.0,2.0,2.0,1,2.0,,2.0,2.0,2.0,,,,1.0,2.0,1.0,,,,,,1.0,1.0,,,,,,,,,,,,,,,,,,,,2,,,2,2,2,,,,2,1,,2.0,2,2,2,,1,2.0,1.0,1.0,1.0,,,1.0,1.0,,,1,2.0,2.0,,,1.0,1,2.0,1.0,2.0,,,2.0,3,2,,,,,2.0,,,,,,2,1,1,1,2.0,1.0,,1,0,1,5,4,4.0,2,1.0,1,1,1,0.0,2021
Nepal,NPL,South Asia,20742576.0,150509501,1.12961785522689,1,28.0,1,1,2.0,1.0,0,0,0.0,,,2,,,,,,,,,,,,,,,,,,,2.0,2.0,1.0,1.0,2.0,1.0,1.0,1.0,1.0,,,,,,,,,,,2,,,2,2,2,,,,2,2,,2.0,2,2,2,,2,2.0,1.0,2.0,,,,2.0,,,,2,,,,,,2,,,,,,,2,2,,,,,2.0,,,,,,3,3,3,3,,3.0,,0,0,4,4,4,4.0,4,5.0,2,2,0,0.0,2021
Nepal,NPL,South Asia,20742576.0,185142508,1.05775960973109,1,43.0,1,4,1.0,1.0,1,1,0.0,2.0,2.0,2,,,2.0,1.0,2.0,,,,2.0,,2.0,,,,,,,2.0,,,,,,,,,,,,,,,,,,,,2,,,2,2,2,,,,2,2,,2.0,2,2,1,,2,2.0,1.0,2.0,,,,2.0,,,,1,2.0,2.0,,,1.0,2,,,,,,,2,2,,,,,1.0,1.0,2.0,2.0,1.0,,2,2,3,2,2.0,2.0,,0,1,4,4,4,2.0,2,5.0,1,1,0,0.0,2021
Nepal,NPL,South Asia,20742576.0,137682277,0.933211564040195,2,40.0,1,4,1.0,1.0,1,1,0.0,2.0,2.0,1,1.0,2.0,2.0,2.0,2.0,,,,2.0,,2.0,,,,,,,1.0,,,,,,,,,,,,,,,,,,,,2,,,2,2,2,,,,2,1,,2.0,1,1,1,,1,2.0,2.0,2.0,,,,2.0,,,,1,2.0,2.0,,,1.0,2,,,,,,,2,2,,,,,1.0,1.0,1.0,2.0,,,2,2,2,2,4.0,2.0,,1,1,4,4,4,1.0,2,5.0,1,1,1,0.0,2021
Nepal,NPL,South Asia,20742576.0,158623903,0.353290097568145,2,18.0,2,5,2.0,1.0,0,0,0.0,,,2,,,,,,,,,,,,,,,,,,,1.0,2.0,2.0,2.0,2.0,2.0,2.0,2.0,2.0,,,,,,,,,,,2,,,1,2,2,,,,2,2,,2.0,2,2,2,,4,3.0,3.0,2.0,,,,2.0,,,,1,2.0,2.0,,,1.0,2,,,,,,,2,2,,,,,2.0,,,,,,3,2,2,2,2.0,2.0,,0,0,4,4,4,4.0,2,5.0,1,1,0,0.0,2021
Nepal,NPL,South Asia,20742576.0,154270540,0.263544210014897,1,33.0,2,5,1.0,1.0,1,1,0.0,2.0,2.0,1,2.0,,1.0,1.0,2.0,,,,1.0,1.0,1.0,,,,,,2.0,1.0,,,,,,,,,,,,,,,,,,,,2,,,2,2,1,2.0,1.0,,1,1,,2.0,1,2,1,,3,3.0,2.0,2.0,,,,1.0,2.0,1.0,2.0,1,2.0,2.0,,,1.0,2,,,,,,,2,2,,,,,1.0,1.0,2.0,2.0,1.0,,1,1,2,3,3.0,1.0,,1,1,4,4,4,2.0,2,3.0,1,1,1,0.0,2021
Nepal,NPL,South Asia,20742576.0,146379138,1.41221097485879,1,38.0,1,5,1.0,2.0,1,1,0.0,1.0,2.0,2,,,1.0,2.0,2.0,,,,2.0,,2.0,,,,,,,2.0,,,,,,,,,,,,,,,,,,,,2,,,2,2,2,,,,2,2,,2.0,2,2,2,,3,3.0,2.0,2.0,,,,2.0,,,,1,2.0,2.0,,,2.0,1,2.0,2.0,2.0,1.0,,,2,2,,,,,2.0,,,,,,2,1,2,2,1.0,1.0,,0,0,2,4,4,4.0,3,5.0,1,1,1,0.0,2021
Nepal,NPL,South Asia,20742576.0,125174695,0.814692676021976,1,70.0,1,1,2.0,1.0,0,0,0.0,,,2,,,,,,,,,,,,,,,,,,,2.0,1.0,2.0,2.0,2.0,2.0,1.0,1.0,2.0,,,,,,,,,,,2,,,2,2,2,,,,2,2,,2.0,2,2,2,,7,,,2.0,,,,2.0,,,,2,,,,,,2,,,,,,,2,2,,,,,2.0,,,,,,1,1,3,3,1.0,1.0,,0,0,4,4,4,4.0,4,5.0,2,2,0,0.0,2021
Nepal,NPL,South Asia,20742576.0,139925422,1.26079068903906,1,20.0,2,3,1.0,1.0,0,0,0.0,,,2,,,,,,,,,,,,,,,,,,,1.0,2.0,2.0,2.0,2.0,2.0,1.0,2.0,2.0,,,,,,,,,,,2,,,2,2,2,,,,2,2,,2.0,2,1,1,,2,2.0,2.0,2.0,,,,1.0,1.0,,,1,2.0,2.0,,,1.0,1,2.0,2.0,2.0,1.0,,,2,2,,,,,1.0,2.0,2.0,2.0,1.0,,2,2,1,1,4.0,2.0,,0,1,2,4,4,2.0,2,1.0,1,1,0,0.0,2021
Nepal,NPL,South Asia,20742576.0,174169187,0.394534057303257,1,27.0,2,3,2.0,1.0,0,0,0.0,,,2,,,,,,,,,,,,,,,,,,,1.0,2.0,2.0,2.0,2.0,2.0,1.0,2.0,2.0,,,,,,,,,,,2,,,2,2,2,,,,2,2,,2.0,1,2,1,,3,1.0,1.0,2.0,,,,2.0,,,,2,,,,,,2,,,,,,,2,2,,,,,1.0,1.0,2.0,2.0,1.0,,1,1,2,3,2.0,2.0,,0,1,4,4,4,2.0,4,5.0,1,1,0,0.0,2021
Nepal,NPL,South Asia,20742576.0,125543707,2.83160028258982,1,17.0,1,4,1.0,2.0,0,0,0.0,,,2,,,,,,,,,,,,,,,,,,,2.0,2.0,2.0,1.0,2.0,2.0,1.0,2.0,2.0,,,,,,,,,,,2,,,2,2,2,,,,2,2,,2.0,2,2,1,,3,2.0,1.0,2.0,,,,2.0,,,,2,,,,,,2,,,,,,,2,2,,,,,2.0,,,,,,2,1,2,2,1.0,1.0,,0,1,4,4,4,4.0,4,5.0,1,2,0,0.0,2021
Nepal,NPL,South Asia,20742576.0,190916703,2.13168713368419,2,31.0,1,4,1.0,2.0,1,1,0.0,2.0,2.0,1,2.0,,2.0,2.0,2.0,,,,2.0,,1.0,,,,,,2.0,1.0,,,,,,,,,,,,,,,,,,,,2,,,2,2,2,,,,2,1,,2.0,1,2,2,,1,3.0,2.0,1.0,1.0,,,2.0,,,,1,2.0,2.0,,,1.0,2,,,,,,,2,2,,,,,2.0,,,,,,3,2,2,2,3.0,2.0,,1,1,4,4,4,4.0,2,1.0,1,1,1,0.0,2021
Nepal,NPL,South Asia,20742576.0,145132255,0.517923565435137,1,23.0,1,3,2.0,1.0,0,0,0.0,,,2,,,,,,,,,,,,,,,,,,,1.0,2.0,2.0,1.0,2.0,2.0,1.0,2.0,2.0,,,,,,,,,,,2,,,2,2,2,,,,2,2,,2.0,2,2,2,,2,1.0,1.0,2.0,,,,2.0,,,,2,,,,,,2,,,,,,,2,2,,,,,2.0,,,,,,3,1,1,1,2.0,1.0,,0,0,4,4,4,4.0,4,5.0,1,2,0,0.0,2021
Nepal,NPL,South Asia,20742576.0,199840251,1.27095857445673,1,21.0,2,3,2.0,1.0,0,0,0.0,,,2,,,,,,,,,,,,,,,,,,,1.0,2.0,2.0,2.0,2.0,2.0,1.0,2.0,2.0,,,,,,,,,,,2,,,2,2,2,,,,2,2,,2.0,2,2,2,,3,2.0,1.0,2.0,,,,2.0,,,,2,,,,,,2,,,,,,,2,2,,,,,2.0,,,,,,1,2,3,3,1.0,2.0,,0,0,4,4,4,4.0,4,5.0,1,1,0,0.0,2021
Nepal,NPL,South Asia,20742576.0,140486849,0.264776687967799,1,21.0,2,5,1.0,1.0,0,0,0.0,,,2,,,,,,,,,,,,,,,,,,,1.0,2.0,2.0,2.0,2.0,2.0,2.0,1.0,2.0,,,,,,,,,,,2,,,2,2,2,,,,2,2,,2.0,2,2,2,,4,1.0,1.0,2.0,,,,2.0,,,,1,2.0,2.0,,,1.0,2,,,,,,,2,2,,,,,2.0,,,,,,3,3,3,3,,3.0,,0,0,4,4,4,4.0,2,5.0,1,1,0,0.0,2021
Nepal,NPL,South Asia,20742576.0,177764801,1.31927493761038,2,36.0,1,3,1.0,2.0,1,1,0.0,1.0,2.0,2,,,2.0,2.0,2.0,,,,2.0,,1.0,,,,,,2.0,2.0,,,,,,,,,,,,,,,,,,,,2,,,2,2,2,,,,2,2,,2.0,1,2,1,,2,2.0,1.0,2.0,,,,1.0,2.0,1.0,2.0,2,,,,,,2,,,,,,,1,2,1.0,2.0,,,2.0,,,,,,2,1,2,4,1.0,2.0,,0,1,4,1,4,4.0,4,3.0,1,2,1,0.0,2021
Nepal,NPL,South Asia,20742576.0,138152966,2.37923034251982,1,40.0,1,2,1.0,1.0,1,1,0.0,2.0,1.0,2,,,2.0,2.0,2.0,,,,1.0,1.0,1.0,,,,,,1.0,1.0,,,,,,,,,,,,,,,,,,,,2,,,2,2,2,,,,2,2,,2.0,2,2,1,,3,1.0,1.0,2.0,,,,2.0,,,,1,2.0,2.0,,,2.0,2,,,,,,,2,2,,,,,2.0,,,,,,1,1,1,2,1.0,1.0,,0,1,4,4,4,4.0,3,5.0,1,2,0,0.0,2021
Nepal,NPL,South Asia,20742576.0,147085307,0.377912269019342,2,54.0,1,5,1.0,1.0,1,1,0.0,1.0,1.0,2,,,1.0,2.0,2.0,,,,1.0,2.0,1.0,,,,,,1.0,1.0,,,,,,,,,,,,,,,,,,,,2,,,2,1,2,,,,2,2,,2.0,2,2,1,,2,3.0,2.0,1.0,2.0,2.0,1.0,2.0,,,,2,,,,,,2,,,,,,,2,2,,,,,1.0,1.0,2.0,2.0,1.0,,2,2,3,3,1.0,2.0,,0,1,4,4,4,2.0,4,2.0,1,2,1,0.0,2021
Nepal,NPL,South Asia,20742576.0,168302234,0.263544210014897,1,52.0,2,5,2.0,2.0,0,0,0.0,,,2,,,,,,,,,,,,,,,,,,,2.0,2.0,2.0,2.0,2.0,2.0,1.0,1.0,2.0,,,,,,,,,,,1,1.0,,2,2,2,,,,2,2,,1.0,2,2,1,2.0,2,2.0,2.0,2.0,,,,2.0,,,,1,2.0,2.0,,,1.0,2,,,,,,,2,2,,,,,2.0,,,,,,3,1,2,3,2.0,3.0,,1,1,4,4,4,4.0,2,5.0,1,1,0,0.0,2021
Nepal,NPL,South Asia,20742576.0,180971702,0.34641027392619,1,58.0,1,5,1.0,2.0,1,1,0.0,2.0,1.0,1,3.0,,2.0,2.0,2.0,,,,1.0,1.0,1.0,,,,,,2.0,1.0,,,,,,,,,,,,,,,,,,,,2,,,2,2,2,,,,2,1,,2.0,1,1,1,,2,3.0,2.0,1.0,1.0,,,1.0,1.0,,,1,1.0,2.0,1.0,,,2,,,,,,,1,2,2.0,2.0,1.0,,2.0,,,,,,2,2,1,3,2.0,3.0,,1,1,4,2,4,4.0,1,1.0,1,2,1,0.0,2021
Nepal,NPL,South Asia,20742576.0,172915534,0.702415032361957,1,51.0,1,2,1.0,1.0,1,1,0.0,3.0,2.0,2,,,3.0,3.0,2.0,,,,2.0,,2.0,,,,,,,1.0,,,,,,,,,,,,,,,,,,,,2,,,2,2,2,,,,1,1,,2.0,2,2,2,,1,1.0,1.0,2.0,,,,2.0,,,,1,2.0,2.0,,,1.0,2,,,,,,,2,2,,,,,2.0,,,,,,1,1,1,1,2.0,1.0,,1,0,4,4,4,4.0,2,5.0,1,2,0,0.0,2021
Nepal,NPL,South Asia,20742576.0,156024893,1.32642567656662,2,74.0,1,5,2.0,1.0,1,1,0.0,2.0,1.0,2,,,2.0,2.0,2.0,,,,2.0,,2.0,,,,,,,2.0,,,,,,,,,,,,,,,,,,,,2,,,2,2,2,,,,2,2,,2.0,2,2,2,,8,,,1.0,1.0,,,2.0,,,,1,1.0,2.0,1.0,,,2,,,,,,,1,2,2.0,2.0,1.0,,2.0,,,,,,1,1,1,1,1.0,2.0,,0,0,4,2,4,4.0,1,1.0,1,2,1,0.0,2021
Nepal,NPL,South Asia,20742576.0,132822247,0.691005813730608,2,36.0,3,2,1.0,1.0,1,1,1.0,1.0,2.0,2,,,1.0,1.0,2.0,,,,1.0,2.0,1.0,,,,,,1.0,1.0,,,,,,,,,,,,,,,,1.0,1.0,2.0,1.0,2,,,1,1,2,,,,1,1,2.0,1.0,1,1,1,2.0,1,3.0,3.0,1.0,1.0,,,1.0,1.0,,,1,2.0,1.0,2.0,,,1,2.0,2.0,2.0,1.0,,,1,2,1.0,2.0,,,1.0,1.0,2.0,2.0,1.0,,2,2,3,3,2.0,2.0,,1,1,2,1,4,2.0,1,1.0,1,1,1,0.0,2021
Nepal,NPL,South Asia,20742576.0,144210920,0.393611510751525,2,45.0,3,4,1.0,1.0,1,1,0.0,1.0,2.0,2,,,2.0,2.0,2.0,,,,2.0,,1.0,,,,,,1.0,1.0,,,,,,,,,,,,,,,,,,,,2,,,2,2,2,,,,1,1,,2.0,1,1,1,,2,3.0,3.0,1.0,1.0,,,2.0,,,,1,1.0,2.0,1.0,,,1,1.0,1.0,2.0,,,2.0,2,2,,,,,2.0,,,,,,2,1,2,1,4.0,2.0,,1,1,1,4,4,4.0,1,1.0,1,1,1,0.0,2021
Nepal,NPL,South Asia,20742576.0,121431210,0.263544210014897,1,45.0,2,5,2.0,2.0,1,1,0.0,2.0,2.0,2,,,2.0,2.0,2.0,,,,1.0,2.0,1.0,,,,,,2.0,1.0,,,,,,,,,,,,,,,,,,,,2,,,2,2,2,,,,1,1,,2.0,2,2,2,,1,3.0,3.0,2.0,,,,2.0,,,,2,,,,,,2,,,,,,,2,2,,,,,2.0,,,,,,3,3,3,3,,3.0,,1,0,4,4,4,4.0,4,5.0,1,1,0,0.0,2021
Nepal,NPL,South Asia,20742576.0,128005526,0.386464534469009,2,20.0,2,5,1.0,1.0,1,1,0.0,2.0,2.0,2,,,2.0,2.0,2.0,,,,1.0,2.0,2.0,,,,,,,1.0,,,,,,,,,,,,,,,,,,,,2,,,2,2,2,,,,2,1,,2.0,2,2,2,,2,2.0,2.0,2.0,,,,2.0,,,,2,,,,,,1,2.0,2.0,2.0,1.0,,,2,2,,,,,2.0,,,,,,1,2,2,2,2.0,2.0,,1,0,2,4,4,4.0,4,5.0,1,1,0,0.0,2021
Nepal,NPL,South Asia,20742576.0,193512498,0.379539208289501,1,18.0,2,5,1.0,2.0,1,1,0.0,1.0,3.0,2,,,2.0,2.0,2.0,,,,2.0,,2.0,,,,,,,2.0,,,,,,,,,,,,,,,,,,,,2,,,2,2,2,,,,2,2,,2.0,2,2,2,,1,1.0,1.0,2.0,,,,2.0,,,,2,,,,,,2,,,,,,,2,2,,,,,2.0,,,,,,3,2,1,1,2.0,2.0,,0,1,4,4,4,4.0,4,5.0,1,1,0,0.0,2021
Nepal,NPL,South Asia,20742576.0,118515032,0.263544210014897,2,42.0,2,2,1.0,2.0,0,0,0.0,,,2,,,,,,,,,,,,,,,,,,,1.0,1.0,2.0,2.0,2.0,2.0,1.0,1.0,2.0,,,,,,,,,,,2,,,2,2,2,,,,2,2,,2.0,1,1,2,,5,1.0,1.0,2.0,,,,2.0,,,,2,,,,,,2,,,,,,,2,2,,,,,1.0,1.0,2.0,2.0,1.0,,1,1,1,1,4.0,1.0,,0,1,4,4,4,2.0,4,5.0,1,2,0,0.0,2021
Nepal,NPL,South Asia,20742576.0,139764038,0.933211564040195,2,36.0,1,1,1.0,1.0,0,0,0.0,,,2,,,,,,,,,,,,,,,,,,,1.0,1.0,2.0,2.0,2.0,2.0,1.0,2.0,2.0,,,,,,,,,,,2,,,2,2,2,,,,2,2,,2.0,1,2,2,,5,2.0,1.0,2.0,,,,1.0,2.0,2.0,1.0,1,2.0,2.0,,,1.0,2,,,,,,,2,2,,,,,1.0,1.0,2.0,2.0,1.0,,2,1,3,3,2.0,2.0,,0,1,4,4,4,2.0,2,2.0,1,2,0,0.0,2021
Nepal,NPL,South Asia,20742576.0,116559853,2.12887223484914,2,28.0,1,2,1.0,1.0,1,1,0.0,2.0,2.0,2,,,2.0,2.0,2.0,,,,2.0,,2.0,,,,,,,2.0,,,,,,,,,,,,,,,,,,,,2,,,2,2,2,,,,2,2,,2.0,2,2,2,,2,1.0,1.0,2.0,,,,2.0,,,,1,2.0,2.0,,,1.0,2,,,,,,,2,2,,,,,1.0,1.0,2.0,2.0,1.0,,1,1,2,2,2.0,2.0,,0,0,4,4,4,2.0,2,5.0,1,2,0,0.0,2021
Nepal,NPL,South Asia,20742576.0,111867258,0.394534057303257,1,25.0,3,5,2.0,1.0,1,1,0.0,2.0,1.0,2,,,2.0,1.0,2.0,,,,2.0,,2.0,,,,,,,2.0,,,,,,,,,,,,,,,,,,,,2,,,2,2,2,,,,2,2,,2.0,2,2,2,,3,3.0,3.0,2.0,,,,2.0,,,,2,,,,,,2,,,,,,,2,2,,,,,2.0,,,,,,3,3,3,3,,3.0,,0,0,4,4,4,4.0,4,5.0,1,1,0,0.0,2021
Nepal,NPL,South Asia,20742576.0,206938201,1.03823007195571,2,42.0,1,2,2.0,2.0,0,0,0.0,,,2,,,,,,,,,,,,,,,,,,,1.0,1.0,1.0,2.0,1.0,2.0,1.0,2.0,1.0,,,,,,,,,,,2,,,2,2,2,,,,2,2,,2.0,2,2,2,,5,1.0,1.0,2.0,,,,2.0,,,,2,,,,,,2,,,,,,,2,2,,,,,2.0,,,,,,2,1,1,2,2.0,3.0,,0,0,4,4,4,4.0,4,5.0,2,2,0,0.0,2021
Nepal,NPL,South Asia,20742576.0,149773751,0.432577034554369,1,51.0,1,5,1.0,1.0,0,0,0.0,,,2,,,,,,,,,,,,,,,,,,,2.0,2.0,2.0,2.0,2.0,2.0,1.0,1.0,2.0,,,,,,,,,,,2,,,2,2,2,,,,1,2,,1.0,2,2,2,2.0,1,2.0,1.0,2.0,,,,2.0,,,,1,2.0,2.0,,,1.0,2,,,,,,,2,2,,,,,1.0,1.0,2.0,2.0,1.0,,3,3,3,2,,1.0,,1,0,4,4,4,2.0,2,5.0,1,2,0,0.0,2021
Nepal,NPL,South Asia,20742576.0,153320855,0.452922480377279,2,55.0,1,4,1.0,2.0,0,0,0.0,,,2,,,,,,,,,,,,,,,,,,,2.0,2.0,2.0,2.0,2.0,2.0,1.0,2.0,2.0,,,,,,,,,,,2,,,2,2,2,,,,2,2,,2.0,2,2,2,,7,,,2.0,,,,2.0,,,,2,,,,,,2,,,,,,,2,2,,,,,2.0,,,,,,3,3,3,3,,3.0,,0,0,4,4,4,4.0,4,5.0,2,2,0,0.0,2021
Nepal,NPL,South Asia,20742576.0,173582882,0.460858907753488,2,40.0,2,4,1.0,1.0,1,1,0.0,2.0,2.0,1,2.0,,2.0,2.0,2.0,,,,1.0,1.0,1.0,,,,,,1.0,1.0,,,,,,,,,,,,,,,,,,,,2,,,2,2,2,,,,2,2,,1.0,2,1,1,2.0,2,2.0,1.0,1.0,1.0,,,1.0,2.0,1.0,1.0,1,2.0,2.0,,,1.0,1,2.0,1.0,2.0,,,1.0,3,2,,,,,1.0,1.0,1.0,2.0,,,2,1,1,1,2.0,1.0,,1,1,1,5,4,1.0,2,1.0,1,1,1,0.0,2021
Nepal,NPL,South Asia,20742576.0,145738511,0.263544210014897,1,28.0,2,3,1.0,1.0,0,0,0.0,,,2,,,,,,,,,,,,,,,,,,,1.0,1.0,1.0,1.0,2.0,2.0,1.0,2.0,2.0,,,,,,,,,,,2,,,2,1,2,,,,2,2,,2.0,1,2,1,,2,1.0,1.0,2.0,,,,2.0,,,,2,,,,,,2,,,,,,,2,2,,,,,2.0,,,,,,2,1,1,2,2.0,2.0,,0,1,4,4,4,4.0,4,5.0,1,2,0,0.0,2021
Nepal,NPL,South Asia,20742576.0,139502883,1.40947515521718,2,27.0,1,2,1.0,1.0,1,1,0.0,1.0,2.0,2,,,2.0,2.0,2.0,,,,2.0,,2.0,,,,,,,2.0,,,,,,,,,,,,,,,,,,,,2,,,2,2,2,,,,2,2,,2.0,2,2,2,,2,2.0,2.0,2.0,,,,2.0,,,,2,,,,,,1,2.0,2.0,2.0,1.0,,,2,2,,,,,2.0,,,,,,2,1,2,3,2.0,2.0,,0,0,2,4,4,4.0,4,5.0,1,2,0,0.0,2021
Nepal,NPL,South Asia,20742576.0,196400039,0.441589324729716,2,79.0,2,4,2.0,1.0,1,1,0.0,1.0,2.0,2,,,2.0,2.0,2.0,,,,2.0,,2.0,,,,,,,1.0,,,,,,,,,,,,,,,,,,,,2,,,2,2,2,,,,2,2,,2.0,2,2,2,,1,2.0,2.0,2.0,,,,2.0,,,,2,,,,,,2,,,,,,,2,1,1.0,2.0,,,2.0,,,,,,3,3,3,3,,3.0,,0,0,4,4,1,4.0,4,5.0,1,2,1,0.0,2021
Nepal,NPL,South Asia,20742576.0,171405404,1.73155556763408,2,46.0,1,2,1.0,1.0,1,1,0.0,2.0,2.0,2,,,2.0,2.0,2.0,,,,2.0,,2.0,,,,,,,2.0,,,,,,,,,,,,,,,,,,,,2,,,2,2,2,,,,2,2,,2.0,2,2,2,,4,1.0,1.0,2.0,,,,2.0,,,,1,2.0,2.0,,,1.0,1,2.0,2.0,2.0,1.0,,,2,2,,,,,2.0,,,,,,1,3,1,1,4.0,1.0,,0,0,2,4,4,4.0,2,5.0,1,2,0,0.0,2021
Nepal,NPL,South Asia,20742576.0,117729818,0.512412312177345,2,52.0,2,1,1.0,2.0,0,0,0.0,,,2,,,,,,,,,,,,,,,,,,,1.0,1.0,1.0,1.0,1.0,2.0,1.0,1.0,1.0,,,,,,,,,,,2,,,2,2,2,,,,2,2,,2.0,2,2,2,,8,,,2.0,,,,2.0,,,,1,2.0,2.0,,,1.0,2,,,,,,,2,2,,,,,2.0,,,,,,3,2,2,3,2.0,3.0,,0,0,4,4,4,4.0,2,5.0,1,1,0,0.0,2021
Nepal,NPL,South Asia,20742576.0,141779221,1.93716091061139,1,24.0,1,1,1.0,1.0,0,0,0.0,,,2,,,,,,,,,,,,,,,,,,,1.0,1.0,1.0,1.0,1.0,1.0,2.0,1.0,1.0,,,,,,,,,,,2,,,2,2,2,,,,2,2,,1.0,2,2,1,1.0,3,1.0,1.0,2.0,,,,2.0,,,,2,,,,,,2,,,,,,,2,2,,,,,2.0,,,,,,1,1,1,1,3.0,1.0,,1,1,4,4,4,4.0,4,5.0,1,2,0,0.0,2021
Nepal,NPL,South Asia,20742576.0,124025627,1.05647829976555,1,33.0,1,2,1.0,1.0,1,1,0.0,2.0,1.0,2,,,2.0,2.0,2.0,,,,2.0,,2.0,,,,,,,1.0,,,,,,,,,,,,,,,,,,,,2,,,2,2,2,,,,1,1,,1.0,2,2,1,1.0,3,2.0,2.0,2.0,,,,2.0,,,,2,,,,,,1,2.0,2.0,2.0,1.0,,,2,2,,,,,2.0,,,,,,1,1,1,1,1.0,2.0,,1,1,2,4,4,4.0,4,5.0,1,2,0,0.0,2021
Nepal,NPL,South Asia,20742576.0,115781606,0.522751501045695,2,36.0,2,5,1.0,2.0,1,1,0.0,2.0,2.0,1,2.0,,2.0,2.0,2.0,,,,1.0,2.0,1.0,,,,,,1.0,1.0,,,,,,,,,,,,,,,,,,,,2,,,2,2,2,,,,2,1,,2.0,2,2,2,,1,3.0,3.0,2.0,,,,2.0,,,,1,2.0,2.0,,,1.0,1,2.0,1.0,2.0,,,2.0,3,2,,,,,2.0,,,,,,3,3,3,3,,1.0,,1,0,1,5,4,4.0,2,5.0,1,1,1,0.0,2021
Nepal,NPL,South Asia,20742576.0,192308257,0.499172958396727,2,56.0,1,4,1.0,1.0,0,0,0.0,,,2,,,,,,,,,,,,,,,,,,,2.0,1.0,1.0,2.0,2.0,1.0,2.0,1.0,2.0,,,,,,,,,,,1,1.0,,2,2,2,,,,2,2,,2.0,2,2,2,,1,1.0,1.0,2.0,,,,2.0,,,,1,2.0,2.0,,,2.0,2,,,,,,,2,2,,,,,2.0,,,,,,1,1,2,3,1.0,3.0,,0,0,4,4,4,4.0,3,5.0,1,2,0,0.0,2021
Nepal,NPL,South Asia,20742576.0,172947443,0.814692676021976,1,60.0,1,1,1.0,1.0,0,0,0.0,,,2,,,,,,,,,,,,,,,,,,,2.0,2.0,3.0,2.0,3.0,2.0,1.0,2.0,2.0,,,,,,,,,,,2,,,2,2,2,,,,2,2,,2.0,2,2,1,,2,1.0,1.0,2.0,,,,2.0,,,,2,,,,,,2,,,,,,,2,2,,,,,2.0,,,,,,1,1,2,2,2.0,2.0,,0,1,4,4,4,4.0,4,5.0,2,2,0,0.0,2021
Nepal,NPL,South Asia,20742576.0,151196251,2.47305368612076,2,85.0,1,1,2.0,2.0,0,0,0.0,,,2,,,,,,,,,,,,,,,,,,,2.0,2.0,2.0,2.0,2.0,2.0,1.0,3.0,1.0,,,,,,,,,,,2,,,2,2,2,,,,2,2,,2.0,2,2,1,,2,2.0,1.0,2.0,,,,2.0,,,,2,,,,,,2,,,,,,,1,2,2.0,2.0,1.0,,2.0,,,,,,1,1,1,2,2.0,2.0,,0,1,4,2,4,4.0,4,5.0,2,2,0,0.0,2021
Nepal,NPL,South Asia,20742576.0,144377626,1.74245840038944,2,22.0,2,3,2.0,2.0,1,1,1.0,2.0,2.0,1,2.0,,1.0,1.0,2.0,,,,1.0,1.0,1.0,,,,,,1.0,1.0,,,,,,,,,,,,,,,,1.0,2.0,2.0,2.0,2,,,2,1,2,,,,2,2,2.0,2.0,2,2,2,,4,2.0,2.0,2.0,,,,1.0,1.0,,,2,,,,,,2,,,,,,,2,2,,,,,2.0,,,,,,2,2,2,2,2.0,2.0,,0,1,4,4,4,4.0,4,1.0,1,1,1,0.0,2021
Nepal,NPL,South Asia,20742576.0,184001494,0.263544210014897,1,31.0,1,3,1.0,1.0,0,0,0.0,,,2,,,,,,,,,,,,,,,,,,,1.0,2.0,1.0,2.0,2.0,1.0,1.0,2.0,1.0,,,,,,,,,,,2,,,2,2,2,,,,1,2,,2.0,1,2,1,,2,1.0,1.0,2.0,,,,1.0,2.0,1.0,2.0,2,,,,,,2,,,,,,,2,2,,,,,2.0,,,,,,1,1,1,1,3.0,3.0,,1,1,4,4,4,4.0,4,3.0,1,2,0,0.0,2021
Nepal,NPL,South Asia,20742576.0,207582314,0.263544210014897,2,55.0,2,2,1.0,1.0,0,0,0.0,,,2,,,,,,,,,,,,,,,,,,,2.0,1.0,1.0,1.0,2.0,2.0,1.0,2.0,1.0,,,,,,,,,,,2,,,2,2,2,,,,2,2,,2.0,1,2,1,,4,1.0,1.0,2.0,,,,2.0,,,,1,2.0,2.0,,,1.0,2,,,,,,,2,2,,,,,1.0,1.0,2.0,2.0,1.0,,1,1,1,1,1.0,1.0,,0,1,4,4,4,2.0,2,5.0,2,2,0,0.0,2021
Nepal,NPL,South Asia,20742576.0,153381694,0.642074846987185,1,33.0,1,5,1.0,2.0,1,1,0.0,2.0,2.0,2,,,2.0,2.0,2.0,,,,2.0,,2.0,,,,,,,1.0,,,,,,,,,,,,,,,,,,,,2,,,2,2,2,,,,1,2,,2.0,2,2,2,,2,2.0,1.0,2.0,,,,2.0,,,,1,2.0,2.0,,,2.0,2,,,,,,,2,2,,,,,2.0,,,,,,2,2,2,3,2.0,1.0,,1,0,4,4,4,4.0,3,5.0,1,1,0,0.0,2021
Nepal,NPL,South Asia,20742576.0,130788137,0.355965823159017,2,60.0,1,1,1.0,1.0,0,0,0.0,,,2,,,,,,,,,,,,,,,,,,,1.0,2.0,1.0,1.0,2.0,2.0,2.0,2.0,1.0,,,,,,,,,,,2,,,2,2,2,,,,2,2,,2.0,2,2,2,,3,1.0,1.0,2.0,,,,2.0,,,,2,,,,,,2,,,,,,,2,2,,,,,2.0,,,,,,1,1,1,1,2.0,3.0,,0,0,4,4,4,4.0,4,5.0,2,2,0,0.0,2021
Nepal,NPL,South Asia,20742576.0,114525740,2.79220256466735,1,16.0,1,1,1.0,1.0,0,0,0.0,,,2,,,,,,,,,,,,,,,,,,,2.0,2.0,2.0,1.0,2.0,2.0,2.0,2.0,2.0,,,,,,,,,,,2,,,2,2,2,,,,2,2,,2.0,2,2,1,,2,2.0,1.0,2.0,,,,2.0,,,,1,2.0,2.0,,,1.0,2,,,,,,,2,2,,,,,2.0,,,,,,1,1,1,1,4.0,1.0,,0,1,4,4,4,4.0,2,5.0,2,2,0,0.0,2021
Nepal,NPL,South Asia,20742576.0,158127692,0.761078655006205,2,55.0,1,5,1.0,1.0,1,1,0.0,2.0,2.0,2,,,2.0,2.0,2.0,,,,2.0,,2.0,,,,,,,2.0,,,,,,,,,,,,,,,,,,,,2,,,2,2,2,,,,2,2,,2.0,2,2,1,,2,2.0,1.0,2.0,,,,2.0,,,,1,2.0,2.0,,,1.0,2,,,,,,,2,2,,,,,2.0,,,,,,3,2,3,4,,2.0,,0,1,4,4,4,4.0,2,5.0,1,2,0,0.0,2021
Nepal,NPL,South Asia,20742576.0,185922046,0.732218829503915,1,22.0,2,3,1.0,1.0,1,1,0.0,2.0,2.0,2,,,2.0,2.0,2.0,,,,2.0,,2.0,,,,,,,2.0,,,,,,,,,,,,,,,,,,,,2,,,2,2,2,,,,2,2,,2.0,2,2,2,,2,2.0,2.0,2.0,,,,2.0,,,,2,,,,,,2,,,,,,,2,2,,,,,2.0,,,,,,3,3,3,3,,2.0,,0,0,4,4,4,4.0,4,5.0,1,1,0,0.0,2021
Nepal,NPL,South Asia,20742576.0,147694228,0.311534997464268,1,31.0,2,5,1.0,1.0,1,1,0.0,1.0,1.0,2,,,2.0,2.0,2.0,,,,2.0,,2.0,,,,,,,1.0,,,,,,,,,,,,,,,,,,,,2,,,2,2,2,,,,2,2,,2.0,2,2,2,,3,2.0,1.0,2.0,,,,1.0,2.0,2.0,1.0,1,2.0,2.0,,,1.0,2,,,,,,,2,2,,,,,2.0,,,,,,1,1,2,1,3.0,3.0,,0,0,4,4,4,4.0,2,2.0,1,2,0,0.0,2021
Nepal,NPL,South Asia,20742576.0,112710325,0.319119065262408,2,20.0,2,5,2.0,2.0,1,1,0.0,2.0,2.0,1,2.0,,2.0,1.0,2.0,,,,1.0,1.0,1.0,,,,,,1.0,1.0,,,,,,,,,,,,,,,,,,,,2,,,2,2,2,,,,2,2,,2.0,2,2,2,,2,3.0,3.0,2.0,,,,1.0,1.0,,,1,2.0,2.0,,,1.0,2,,,,,,,2,2,,,,,2.0,,,,,,3,3,3,3,,2.0,,0,0,4,4,4,4.0,2,1.0,1,1,1,0.0,2021
Nepal,NPL,South Asia,20742576.0,161113896,0.645996710537123,1,30.0,1,1,1.0,1.0,0,0,0.0,,,2,,,,,,,,,,,,,,,,,,,1.0,2.0,2.0,2.0,2.0,3.0,1.0,1.0,1.0,,,,,,,,,,,2,,,2,2,2,,,,2,2,,2.0,2,2,2,,2,1.0,1.0,2.0,,,,2.0,,,,1,2.0,2.0,,,1.0,2,,,,,,,2,2,,,,,2.0,,,,,,1,1,1,1,4.0,2.0,,0,0,4,4,4,4.0,2,5.0,2,2,0,0.0,2021
Nepal,NPL,South Asia,20742576.0,142678668,0.313432458262812,1,36.0,2,5,1.0,2.0,1,1,0.0,2.0,2.0,2,,,2.0,2.0,2.0,,,,1.0,1.0,2.0,,,,,,,1.0,,,,,,,,,,,,,,,,,,,,2,,,2,2,2,,,,2,1,,2.0,2,2,2,,3,3.0,3.0,2.0,,,,2.0,,,,1,2.0,2.0,,,1.0,2,,,,,,,2,2,,,,,1.0,1.0,2.0,2.0,2.0,2.0,3,3,2,3,,3.0,,1,0,4,4,4,3.0,2,5.0,1,2,0,0.0,2021
Nepal,NPL,South Asia,20742576.0,179674776,0.70658019513629,2,20.0,2,3,2.0,2.0,0,0,0.0,,,2,,,,,,,,,,,,,,,,,,,1.0,2.0,2.0,2.0,2.0,2.0,1.0,1.0,1.0,,,,,,,,,,,2,,,2,2,1,2.0,1.0,,2,2,,2.0,2,2,2,,6,3.0,2.0,2.0,,,,2.0,,,,2,,,,,,2,,,,,,,2,2,,,,,2.0,,,,,,3,3,3,3,,2.0,,0,0,4,4,4,4.0,4,5.0,1,1,0,0.0,2021
Nepal,NPL,South Asia,20742576.0,186738723,0.263544210014897,1,19.0,2,4,1.0,1.0,1,1,0.0,,,1,2.0,,2.0,2.0,2.0,,,,2.0,,2.0,,,,,,,1.0,,,,,,,,,,,,,,,,,,,,2,,,2,2,2,,,,2,2,,2.0,2,2,2,,2,2.0,1.0,2.0,,,,2.0,,,,2,,,,,,2,,,,,,,2,2,,,,,2.0,,,,,,2,2,3,3,2.0,2.0,,0,0,4,4,4,4.0,4,5.0,1,1,0,0.0,2021
Nepal,NPL,South Asia,20742576.0,167997763,0.771947005222555,1,50.0,2,4,1.0,1.0,1,1,0.0,2.0,2.0,2,,,2.0,2.0,2.0,,,,1.0,2.0,2.0,,,,,,,1.0,,,,,,,,,,,,,,,,,,,,2,,,2,2,2,,,,2,1,,2.0,2,2,1,,2,1.0,1.0,2.0,,,,2.0,,,,2,,,,,,2,,,,,,,2,2,,,,,2.0,,,,,,1,1,1,2,1.0,1.0,,1,1,4,4,4,4.0,4,5.0,1,1,0,0.0,2021
Nepal,NPL,South Asia,20742576.0,132457284,2.54081320766592,1,15.0,1,3,1.0,2.0,0,0,0.0,,,2,,,,,,,,,,,,,,,,,,,2.0,2.0,2.0,1.0,2.0,2.0,1.0,1.0,2.0,,,,,,,,,,,2,,,2,2,2,,,,1,2,,1.0,1,2,1,2.0,4,2.0,1.0,2.0,,,,1.0,2.0,1.0,1.0,2,,,,,,1,2.0,2.0,2.0,1.0,,,2,2,,,,,1.0,1.0,2.0,2.0,1.0,,1,1,1,1,2.0,1.0,,1,1,2,4,4,2.0,4,2.0,2,2,0,0.0,2021
Nepal,NPL,South Asia,20742576.0,171508772,1.51077752862099,1,56.0,1,1,2.0,1.0,1,1,0.0,2.0,1.0,2,,,2.0,2.0,2.0,,,,1.0,2.0,1.0,,,,,,2.0,2.0,,,,,,,,,,,,,,,,,,,,2,,,2,2,2,,,,2,2,,2.0,2,2,2,,7,,,2.0,,,,2.0,,,,1,2.0,2.0,,,2.0,2,,,,,,,1,2,1.0,2.0,,,2.0,,,,,,1,1,1,3,2.0,1.0,,0,0,4,1,4,4.0,3,5.0,1,2,1,0.0,2021
Nepal,NPL,South Asia,20742576.0,175078934,1.01642876056883,1,38.0,1,2,2.0,1.0,1,1,0.0,2.0,2.0,2,,,2.0,2.0,3.0,,,,2.0,,2.0,,,,,,,2.0,,,,,,,,,,,,,,,,,,,,2,,,2,2,2,,,,2,2,,1.0,1,2,2,1.0,2,2.0,1.0,1.0,1.0,,,2.0,,,,1,2.0,2.0,,,1.0,2,,,,,,,2,2,,,,,1.0,1.0,2.0,2.0,1.0,,1,1,1,1,2.0,2.0,,1,1,4,4,4,2.0,2,1.0,1,1,1,0.0,2021
Nepal,NPL,South Asia,20742576.0,205681592,2.54081320766592,1,21.0,1,2,1.0,1.0,0,0,0.0,,,2,,,,,,,,,,,,,,,,,,,3.0,2.0,2.0,2.0,2.0,2.0,1.0,1.0,2.0,,,,,,,,,,,2,,,2,2,2,,,,2,2,,2.0,2,2,1,,2,1.0,4.0,2.0,,,,2.0,,,,2,,,,,,2,,,,,,,3,2,,,,,1.0,1.0,2.0,2.0,1.0,,5,2,2,1,2.0,1.0,,0,1,4,5,4,2.0,4,5.0,1,2,0,0.0,2021
Nepal,NPL,South Asia,20742576.0,181099158,0.359653699184419,2,18.0,2,5,2.0,2.0,0,0,0.0,,,2,,,,,,,,,,,,,,,,,,,1.0,2.0,2.0,2.0,1.0,2.0,2.0,1.0,2.0,,,,,,,,,,,2,,,2,2,2,,,,2,2,,2.0,2,2,2,,1,1.0,1.0,2.0,,,,2.0,,,,2,,,,,,2,,,,,,,2,2,,,,,1.0,1.0,2.0,2.0,1.0,,2,2,3,3,2.0,1.0,,0,0,4,4,4,2.0,4,5.0,1,1,0,0.0,2021
Nepal,NPL,South Asia,20742576.0,203665243,1.26764417283269,1,33.0,1,1,2.0,2.0,1,1,0.0,1.0,2.0,2,,,2.0,2.0,2.0,,,,2.0,,2.0,,,,,,,2.0,,,,,,,,,,,,,,,,,,,,2,,,2,2,2,,,,2,2,,2.0,2,2,2,,4,1.0,1.0,2.0,,,,2.0,,,,2,,,,,,2,,,,,,,2,2,,,,,2.0,,,,,,1,1,2,1,2.0,1.0,,0,0,4,4,4,4.0,4,5.0,2,2,0,0.0,2021
Nepal,NPL,South Asia,20742576.0,136909998,1.42750288420645,1,35.0,1,2,1.0,1.0,0,0,0.0,,,2,,,,,,,,,,,,,,,,,,,1.0,2.0,2.0,2.0,2.0,2.0,1.0,2.0,2.0,,,,,,,,,,,2,,,2,2,2,,,,2,2,,1.0,2,2,2,2.0,3,1.0,1.0,2.0,,,,2.0,,,,1,2.0,2.0,,,1.0,2,,,,,,,2,2,,,,,2.0,,,,,,2,1,2,1,4.0,2.0,,1,0,4,4,4,4.0,2,5.0,1,1,0,0.0,2021
Nepal,NPL,South Asia,20742576.0,152375248,0.290616774042975,1,36.0,3,4,1.0,1.0,1,1,0.0,1.0,1.0,1,1.0,1.0,2.0,1.0,1.0,1.0,2.0,2.0,1.0,2.0,1.0,,,,,,1.0,1.0,,,,,,,,,,,,,,,,,,,,2,1.0,,2,2,2,,,,1,2,,2.0,2,1,1,,3,1.0,1.0,2.0,,,,2.0,,,,1,2.0,2.0,,,1.0,1,2.0,2.0,2.0,2.0,2.0,,2,2,,,,,1.0,1.0,2.0,2.0,1.0,,2,1,2,2,2.0,2.0,,1,1,3,4,4,2.0,2,5.0,1,1,1,1.0,2021
Nepal,NPL,South Asia,20742576.0,154619333,0.574014266264062,1,17.0,2,5,1.0,2.0,1,1,0.0,2.0,2.0,1,2.0,,2.0,1.0,2.0,,,,1.0,2.0,1.0,,,,,,1.0,1.0,,,,,,,,,,,,,,,,,,,,2,,,2,2,2,,,,2,1,,2.0,2,2,2,,2,1.0,1.0,2.0,,,,2.0,,,,2,,,,,,1,2.0,1.0,2.0,,,2.0,2,2,,,,,2.0,,,,,,3,2,3,2,4.0,1.0,,1,0,1,4,4,4.0,4,5.0,1,1,1,0.0,2021
Nepal,NPL,South Asia,20742576.0,155759532,1.70167838360074,1,16.0,1,2,1.0,1.0,1,1,0.0,2.0,2.0,2,,,2.0,2.0,2.0,,,,1.0,2.0,2.0,,,,,,,2.0,,,,,,,,,,,,,,,,,,,,2,,,2,1,2,,,,2,2,,2.0,1,1,1,,2,3.0,3.0,1.0,1.0,,,1.0,2.0,2.0,2.0,2,,,,,,2,,,,,,,1,2,2.0,2.0,2.0,2.0,2.0,,,,,,3,3,2,3,,3.0,,1,1,4,3,4,4.0,4,1.0,2,2,1,0.0,2021
Nepal,NPL,South Asia,20742576.0,208855350,1.4799326961956,1,75.0,1,1,1.0,1.0,0,0,0.0,,,2,,,,,,,,,,,,,,,,,,,2.0,2.0,2.0,2.0,2.0,3.0,1.0,2.0,2.0,,,,,,,,,,,2,,,2,2,2,,,,2,2,,2.0,2,2,2,,5,1.0,1.0,2.0,,,,2.0,,,,1,2.0,2.0,,,1.0,2,,,,,,,1,2,2.0,2.0,1.0,,2.0,,,,,,3,3,3,3,,3.0,,0,0,4,2,4,4.0,2,5.0,2,2,0,0.0,2021
Nepal,NPL,South Asia,20742576.0,197290915,0.936553376482609,1,50.0,1,3,1.0,1.0,0,0,0.0,,,2,,,,,,,,,,,,,,,,,,,1.0,2.0,2.0,2.0,2.0,2.0,1.0,2.0,2.0,,,,,,,,,,,2,,,2,2,2,,,,2,2,,2.0,2,2,2,,2,1.0,1.0,2.0,,,,2.0,,,,2,,,,,,2,,,,,,,2,2,,,,,2.0,,,,,,1,1,2,2,2.0,1.0,,0,0,4,4,4,4.0,4,5.0,2,2,0,0.0,2021
Nepal,NPL,South Asia,20742576.0,193585567,1.31927493761038,2,35.0,1,2,1.0,2.0,0,0,0.0,,,2,,,,,,,,,,,,,,,,,,,1.0,2.0,2.0,2.0,2.0,2.0,1.0,2.0,2.0,,,,,,,,,,,2,,,2,2,2,,,,2,2,,2.0,2,2,2,,3,1.0,1.0,2.0,,,,2.0,,,,1,2.0,2.0,,,1.0,1,2.0,2.0,2.0,1.0,,,2,2,,,,,2.0,,,,,,1,1,2,1,2.0,1.0,,0,0,2,4,4,4.0,2,5.0,2,2,0,0.0,2021
Nepal,NPL,South Asia,20742576.0,190203526,0.316373739139191,2,18.0,2,3,1.0,1.0,0,0,0.0,,,2,,,,,,,,,,,,,,,,,,,1.0,2.0,2.0,1.0,2.0,2.0,2.0,1.0,1.0,,,,,,,,,,,2,,,1,2,2,,,,2,2,,2.0,1,2,1,,3,1.0,1.0,2.0,,,,2.0,,,,2,,,,,,1,2.0,2.0,2.0,1.0,,,1,2,2.0,2.0,1.0,,2.0,,,,,,1,1,2,1,2.0,2.0,,0,1,2,2,4,4.0,4,5.0,1,1,0,0.0,2021
Nepal,NPL,South Asia,20742576.0,120264213,0.319119065262408,2,21.0,2,5,2.0,2.0,1,1,0.0,2.0,2.0,2,,,2.0,2.0,2.0,,,,2.0,,2.0,,,,,,,2.0,,,,,,,,,,,,,,,,,,,,2,,,2,2,2,,,,2,2,,2.0,2,2,2,,2,2.0,1.0,2.0,,,,2.0,,,,2,,,,,,2,,,,,,,2,2,,,,,2.0,,,,,,2,2,3,2,1.0,2.0,,0,0,4,4,4,4.0,4,5.0,1,1,0,0.0,2021
Nepal,NPL,South Asia,20742576.0,129278821,0.276276884164546,1,48.0,1,5,2.0,1.0,1,1,0.0,1.0,2.0,2,,,2.0,2.0,2.0,,,,2.0,,2.0,,,,,,,2.0,,,,,,,,,,,,,,,,,,,,2,,,2,2,2,,,,2,2,,2.0,1,1,1,,2,3.0,1.0,2.0,,,,2.0,,,,2,,,,,,1,2.0,2.0,2.0,1.0,,,2,2,,,,,1.0,1.0,1.0,2.0,,,3,1,3,3,,2.0,,1,1,2,4,4,1.0,4,5.0,1,2,1,0.0,2021
Nepal,NPL,South Asia,20742576.0,163522919,2.82509332429633,2,16.0,1,1,1.0,1.0,1,1,1.0,2.0,2.0,2,,,2.0,2.0,2.0,,,,2.0,,2.0,,,,,,,1.0,,,,,,,,,,,,,,,,2.0,2.0,2.0,2.0,2,,,2,2,2,,,,2,1,2.0,2.0,1,2,1,,3,2.0,1.0,2.0,,,,2.0,,,,1,2.0,2.0,,,1.0,2,,,,,,,1,1,1.0,2.0,,,1.0,1.0,2.0,2.0,1.0,,2,2,1,3,2.0,2.0,,1,1,4,1,1,2.0,2,5.0,1,2,1,0.0,2021
Nepal,NPL,South Asia,20742576.0,136672056,1.40063444456905,1,37.0,1,2,1.0,1.0,1,1,0.0,2.0,2.0,2,,,2.0,2.0,2.0,,,,2.0,,1.0,,,,,,2.0,1.0,,,,,,,,,,,,,,,,,,,,2,,,2,2,2,,,,1,2,,1.0,1,1,2,1.0,3,1.0,1.0,2.0,,,,2.0,,,,2,,,,,,2,,,,,,,2,2,,,,,2.0,,,,,,1,1,1,1,2.0,3.0,,1,1,4,4,4,4.0,4,5.0,1,2,0,0.0,2021
Nepal,NPL,South Asia,20742576.0,194877562,0.750488122893268,2,51.0,1,1,1.0,1.0,1,1,0.0,2.0,2.0,1,2.0,,2.0,2.0,2.0,,,,2.0,,2.0,,,,,,,2.0,,,,,,,,,,,,,,,,,,,,2,,,2,2,2,,,,2,2,,2.0,1,2,2,,2,1.0,1.0,2.0,,,,1.0,2.0,1.0,2.0,2,,,,,,2,,,,,,,2,2,,,,,2.0,,,,,,1,1,2,1,2.0,1.0,,0,1,4,4,4,4.0,4,3.0,1,2,0,0.0,2021
Nepal,NPL,South Asia,20742576.0,189750266,0.808014272717724,1,66.0,1,2,1.0,1.0,0,0,0.0,,,2,,,,,,,,,,,,,,,,,,,1.0,2.0,2.0,2.0,2.0,2.0,2.0,2.0,2.0,,,,,,,,,,,2,,,2,2,2,,,,2,2,,2.0,2,2,2,,2,2.0,1.0,2.0,,,,2.0,,,,2,,,,,,2,,,,,,,2,2,,,,,2.0,,,,,,1,2,3,3,2.0,1.0,,0,0,4,4,4,4.0,4,5.0,1,2,0,0.0,2021
Nepal,NPL,South Asia,20742576.0,203192499,0.957325311206354,1,32.0,1,5,1.0,2.0,0,0,0.0,,,2,,,,,,,,,,,,,,,,,,,2.0,2.0,2.0,2.0,2.0,2.0,2.0,2.0,2.0,,,,,,,,,,,2,,,2,2,1,2.0,1.0,,2,2,,1.0,2,2,1,2.0,2,3.0,3.0,2.0,,,,2.0,,,,1,2.0,2.0,,,1.0,2,,,,,,,2,2,,,,,2.0,,,,,,2,2,2,3,2.0,3.0,,1,1,4,4,4,4.0,2,5.0,1,1,0,0.0,2021
Nepal,NPL,South Asia,20742576.0,125161648,0.488145886335943,1,20.0,2,2,1.0,1.0,0,0,0.0,,,2,,,,,,,,,,,,,,,,,,,1.0,2.0,1.0,1.0,2.0,2.0,2.0,1.0,2.0,,,,,,,,,,,2,,,2,2,1,2.0,1.0,,2,2,,2.0,1,2,2,,4,3.0,2.0,2.0,,,,1.0,2.0,1.0,1.0,2,,,,,,2,,,,,,,2,2,,,,,2.0,,,,,,3,3,3,3,,2.0,,0,1,4,4,4,4.0,4,2.0,1,1,0,0.0,2021
Nepal,NPL,South Asia,20742576.0,179982088,0.901929362205871,1,65.0,1,1,2.0,1.0,1,1,0.0,,,2,,,,,,,,,,,,,,,,,,,,2.0,3.0,2.0,2.0,2.0,1.0,1.0,1.0,,,,,,,,,,,2,,,2,2,2,,,,1,1,,2.0,2,2,2,,7,,,2.0,,,,2.0,,,,2,,,,,,2,,,,,,,1,2,1.0,2.0,,,2.0,,,,,,3,3,3,3,,1.0,,1,0,4,1,4,4.0,4,5.0,2,2,1,0.0,2021
Nepal,NPL,South Asia,20742576.0,114689820,1.85944814603315,1,50.0,1,4,1.0,1.0,1,1,0.0,2.0,2.0,2,,,2.0,2.0,2.0,,,,1.0,2.0,2.0,,,,,,,1.0,,,,,,,,,,,,,,,,,,,,2,,,2,2,2,,,,2,2,,2.0,2,2,2,,1,1.0,1.0,1.0,1.0,,,1.0,2.0,1.0,2.0,1,2.0,2.0,,,1.0,2,,,,,,,2,2,,,,,1.0,1.0,2.0,2.0,1.0,,2,2,2,2,2.0,1.0,,1,0,4,4,4,2.0,2,1.0,1,2,1,0.0,2021
Nepal,NPL,South Asia,20742576.0,192325489,2.77316728416596,1,32.0,1,3,1.0,1.0,0,0,0.0,,,2,,,,,,,,,,,,,,,,,,,2.0,1.0,2.0,1.0,2.0,1.0,1.0,2.0,2.0,,,,,,,,,,,2,,,2,2,2,,,,2,2,,2.0,2,2,2,,6,1.0,1.0,2.0,,,,2.0,,,,1,2.0,2.0,,,1.0,1,2.0,2.0,2.0,1.0,,,2,2,,,,,2.0,,,,,,1,1,1,1,2.0,1.0,,0,1,2,4,4,4.0,2,5.0,1,2,0,0.0,2021
Nepal,NPL,South Asia,20742576.0,201488681,0.808014272717724,1,56.0,1,4,1.0,1.0,1,1,0.0,2.0,2.0,2,,,2.0,2.0,2.0,,,,2.0,,2.0,,,,,,,2.0,,,,,,,,,,,,,,,,,,,,2,,,2,2,2,,,,2,2,,2.0,2,1,2,,2,1.0,1.0,2.0,,,,2.0,,,,1,2.0,2.0,,,1.0,2,,,,,,,2,2,,,,,2.0,,,,,,1,1,1,1,4.0,2.0,,0,1,4,4,4,4.0,2,5.0,1,2,0,0.0,2021
Nepal,NPL,South Asia,20742576.0,151336307,0.437978809815462,1,26.0,2,1,2.0,1.0,0,0,0.0,,,2,,,,,,,,,,,,,,,,,,,1.0,2.0,2.0,2.0,2.0,2.0,1.0,2.0,2.0,,,,,,,,,,,2,,,2,2,2,,,,2,2,,2.0,2,2,2,,2,1.0,1.0,2.0,,,,1.0,2.0,1.0,2.0,1,2.0,2.0,,,1.0,2,,,,,,,2,2,,,,,2.0,,,,,,3,2,2,3,2.0,2.0,,0,0,4,4,4,4.0,2,3.0,1,2,0,0.0,2021
Nepal,NPL,South Asia,20742576.0,191618496,0.943340042819096,2,44.0,1,3,1.0,1.0,1,1,0.0,2.0,1.0,2,,,2.0,2.0,2.0,,,,1.0,2.0,1.0,,,,,,2.0,2.0,,,,,,,,,,,,,,,,,,,,2,,,2,1,2,,,,2,2,,2.0,2,2,1,,2,1.0,1.0,2.0,,,,1.0,2.0,1.0,2.0,2,,,,,,1,2.0,2.0,2.0,2.0,2.0,,1,2,1.0,2.0,,,1.0,1.0,2.0,2.0,1.0,,1,1,1,3,1.0,2.0,,0,1,3,1,4,2.0,4,3.0,2,2,1,0.0,2021
Nepal,NPL,South Asia,20742576.0,176966902,0.638238130524816,2,21.0,2,5,1.0,2.0,1,0,1.0,,,2,,,,,,,,,,,,,,,,,,,,2.0,2.0,2.0,1.0,2.0,2.0,1.0,2.0,,,,,,,,,,,2,,,2,2,2,,,,2,2,,2.0,2,2,1,,2,2.0,2.0,2.0,,,,1.0,1.0,,,1,2.0,2.0,,,1.0,2,,,,,,,2,2,,,,,1.0,1.0,2.0,1.0,,,2,1,2,1,2.0,2.0,,1,1,4,4,4,1.0,2,1.0,1,1,1,0.0,2021
Nepal,NPL,South Asia,20742576.0,180041983,0.748707941084541,1,60.0,1,5,2.0,1.0,0,0,0.0,,,2,,,,,,,,,,,,,,,,,,,2.0,2.0,2.0,2.0,2.0,2.0,1.0,2.0,2.0,,,,,,,,,,,2,,,2,2,2,,,,2,2,,2.0,2,2,2,,4,2.0,1.0,2.0,,,,2.0,,,,2,,,,,,2,,,,,,,2,2,,,,,2.0,,,,,,2,1,2,3,2.0,2.0,,0,0,4,4,4,4.0,4,5.0,1,2,0,0.0,2021
Nepal,NPL,South Asia,20742576.0,165288088,0.884342429645114,1,25.0,1,3,2.0,2.0,0,0,0.0,,,2,,,,,,,,,,,,,,,,,,,1.0,2.0,2.0,2.0,2.0,2.0,1.0,2.0,2.0,,,,,,,,,,,2,,,2,2,2,,,,2,2,,2.0,1,2,1,,2,1.0,1.0,2.0,,,,2.0,,,,1,2.0,2.0,,,1.0,2,,,,,,,2,2,,,,,2.0,,,,,,2,2,1,2,4.0,1.0,,0,1,4,4,4,4.0,2,5.0,1,2,0,0.0,2021
Nepal,NPL,South Asia,20742576.0,117775962,2.04731234238447,1,38.0,1,3,1.0,1.0,1,1,0.0,1.0,2.0,2,,,2.0,2.0,1.0,1.0,1.0,1.0,1.0,2.0,1.0,,,,,,1.0,1.0,,,,,,,,,,,,,,,,,,,,2,2.0,,1,1,1,2.0,2.0,,2,2,,2.0,1,1,1,,3,1.0,1.0,2.0,,,,2.0,,,,3,,,,,,2,,,,,,,2,2,,,,,1.0,1.0,2.0,2.0,2.0,2.0,1,1,1,1,2.0,1.0,,0,1,4,4,4,3.0,5,5.0,2,2,1,1.0,2021
Nepal,NPL,South Asia,20742576.0,136293645,2.03673169005494,1,80.0,1,4,2.0,2.0,1,1,0.0,2.0,1.0,2,,,2.0,2.0,2.0,,,,1.0,2.0,1.0,,,,,,2.0,1.0,,,,,,,,,,,,,,,,,,,,2,,,2,2,2,,,,2,2,,2.0,2,2,2,,1,3.0,3.0,2.0,,,,2.0,,,,2,,,,,,2,,,,,,,1,2,1.0,2.0,,,2.0,,,,,,3,2,3,3,,2.0,,0,0,4,1,4,4.0,4,5.0,2,2,1,0.0,2021
Nepal,NPL,South Asia,20742576.0,135041227,0.432577034554369,1,50.0,1,3,1.0,1.0,1,1,0.0,2.0,2.0,2,,,2.0,2.0,2.0,,,,2.0,,2.0,,,,,,,2.0,,,,,,,,,,,,,,,,,,,,2,,,2,2,2,,,,2,2,,2.0,2,2,1,,2,1.0,1.0,2.0,,,,2.0,,,,1,2.0,2.0,,,1.0,1,2.0,2.0,2.0,1.0,,,2,2,,,,,2.0,,,,,,1,1,1,1,2.0,1.0,,0,1,2,4,4,4.0,2,5.0,2,2,0,0.0,2021
Nepal,NPL,South Asia,20742576.0,152194487,0.865154069108737,1,46.0,1,4,1.0,1.0,1,1,0.0,2.0,2.0,2,,,2.0,2.0,2.0,,,,2.0,,2.0,,,,,,,2.0,,,,,,,,,,,,,,,,,,,,2,,,2,2,2,,,,2,2,,1.0,2,1,2,1.0,1,1.0,1.0,1.0,1.0,,,1.0,1.0,,,1,2.0,2.0,,,2.0,1,2.0,2.0,2.0,1.0,,,2,2,,,,,2.0,,,,,,1,1,1,2,1.0,1.0,,1,1,2,4,4,4.0,3,1.0,2,2,1,0.0,2021
Nepal,NPL,South Asia,20742576.0,149178785,1.30944292268603,2,31.0,2,2,1.0,1.0,0,0,0.0,,,2,,,,,,,,,,,,,,,,,,,2.0,2.0,2.0,2.0,2.0,2.0,1.0,3.0,3.0,,,,,,,,,,,2,,,2,2,2,,,,2,2,,2.0,2,2,2,,8,,,2.0,,,,2.0,,,,2,,,,,,2,,,,,,,2,2,,,,,2.0,,,,,,1,1,1,1,2.0,1.0,,0,0,4,4,4,4.0,4,5.0,2,2,0,0.0,2021
Nepal,NPL,South Asia,20742576.0,134163907,0.937791733094748,1,48.0,1,5,1.0,1.0,1,1,0.0,2.0,2.0,2,,,2.0,2.0,2.0,,,,2.0,,1.0,,,,,,2.0,1.0,,,,,,,,,,,,,,,,,,,,2,,,2,2,2,,,,1,1,,2.0,2,2,2,,2,2.0,1.0,2.0,,,,1.0,2.0,2.0,1.0,2,,,,,,2,,,,,,,2,2,,,,,2.0,,,,,,3,3,3,3,,3.0,,1,0,4,4,4,4.0,4,2.0,1,2,0,0.0,2021
Nepal,NPL,South Asia,20742576.0,115120512,0.271381162654857,2,22.0,2,5,2.0,1.0,1,1,0.0,,,2,,,,,,,,,,,,,,,,,,,,2.0,2.0,1.0,2.0,2.0,2.0,1.0,1.0,,,,,,,,,,,2,,,2,2,2,,,,2,2,,2.0,2,2,2,,5,1.0,1.0,2.0,,,,2.0,,,,2,,,,,,2,,,,,,,1,2,1.0,2.0,,,2.0,,,,,,3,3,2,1,4.0,1.0,,0,0,4,1,4,4.0,4,5.0,1,1,1,0.0,2021
Nepal,NPL,South Asia,20742576.0,131885462,0.508162641533183,1,21.0,1,5,2.0,2.0,0,0,0.0,,,2,,,,,,,,,,,,,,,,,,,1.0,2.0,2.0,2.0,2.0,2.0,1.0,2.0,1.0,,,,,,,,,,,2,,,2,2,2,,,,2,2,,2.0,2,2,2,,2,1.0,1.0,2.0,,,,2.0,,,,2,,,,,,2,,,,,,,2,2,,,,,2.0,,,,,,1,1,1,1,3.0,1.0,,0,0,4,4,4,4.0,4,5.0,1,2,0,0.0,2021
Nepal,NPL,South Asia,20742576.0,177698299,0.80768401584043,1,76.0,1,2,2.0,1.0,1,1,0.0,2.0,1.0,1,2.0,,2.0,2.0,2.0,,,,2.0,,2.0,,,,,,,2.0,,,,,,,,,,,,,,,,,,,,2,,,2,2,2,,,,2,2,,2.0,2,2,2,,2,1.0,1.0,2.0,,,,3.0,,,,2,,,,,,2,,,,,,,2,2,,,,,2.0,,,,,,2,1,2,3,1.0,3.0,,0,0,4,4,4,4.0,4,6.0,2,2,0,0.0,2021
Nepal,NPL,South Asia,20742576.0,189997143,0.35750610237159,1,25.0,2,4,2.0,1.0,0,0,0.0,,,2,,,,,,,,,,,,,,,,,,,2.0,2.0,2.0,1.0,2.0,2.0,1.0,2.0,2.0,,,,,,,,,,,2,,,2,2,2,,,,2,2,,2.0,2,2,1,,2,2.0,1.0,2.0,,,,2.0,,,,1,2.0,2.0,,,1.0,2,,,,,,,2,2,,,,,1.0,1.0,2.0,2.0,1.0,,2,2,3,4,2.0,2.0,,0,1,4,4,4,2.0,2,5.0,2,2,0,0.0,2021
Nepal,NPL,South Asia,20742576.0,148175246,0.263544210014897,1,43.0,2,4,1.0,1.0,1,1,0.0,1.0,1.0,1,2.0,,2.0,1.0,2.0,,,,1.0,2.0,1.0,,,,,,1.0,1.0,,,,,,,,,,,,,,,,,,,,2,,,1,2,2,,,,2,2,,2.0,2,2,1,,3,2.0,2.0,2.0,,,,2.0,,,,1,2.0,1.0,2.0,,,1,1.0,1.0,2.0,,,2.0,2,2,,,,,2.0,,,,,,3,1,2,1,4.0,2.0,,1,1,1,4,4,4.0,1,5.0,1,1,1,0.0,2021
Nepal,NPL,South Asia,20742576.0,127376339,1.40947515521718,2,30.0,1,1,1.0,1.0,0,0,0.0,,,2,,,,,,,,,,,,,,,,,,,1.0,2.0,2.0,1.0,2.0,1.0,1.0,2.0,2.0,,,,,,,,,,,2,,,2,2,2,,,,2,2,,2.0,1,2,1,,3,1.0,1.0,2.0,,,,2.0,,,,2,,,,,,1,2.0,2.0,2.0,1.0,,,2,2,,,,,2.0,,,,,,1,1,1,1,1.0,1.0,,0,1,2,4,4,4.0,4,5.0,2,2,0,0.0,2021
Nepal,NPL,South Asia,20742576.0,157776038,0.580819466796479,2,22.0,2,5,2.0,2.0,1,1,0.0,2.0,1.0,2,,,2.0,2.0,2.0,,,,2.0,,2.0,,,,,,,2.0,,,,,,,,,,,,,,,,,,,,2,,,2,2,2,,,,2,2,,2.0,2,2,1,,2,1.0,1.0,2.0,,,,2.0,,,,2,,,,,,2,,,,,,,2,2,,,,,2.0,,,,,,3,2,2,2,2.0,2.0,,0,1,4,4,4,4.0,4,5.0,1,1,0,0.0,2021
Nepal,NPL,South Asia,20742576.0,176495157,0.508214380284417,1,37.0,1,4,1.0,2.0,0,0,0.0,,,2,,,,,,,,,,,,,,,,,,,2.0,2.0,2.0,2.0,2.0,2.0,1.0,1.0,1.0,,,,,,,,,,,2,,,2,2,2,,,,1,2,,1.0,2,2,1,2.0,2,1.0,1.0,1.0,1.0,,,1.0,2.0,2.0,1.0,2,,,,,,2,,,,,,,2,2,,,,,1.0,1.0,2.0,2.0,1.0,,1,1,1,1,4.0,1.0,,1,1,4,4,4,2.0,4,1.0,1,2,0,0.0,2021
Nepal,NPL,South Asia,20742576.0,146472429,1.54585813787604,2,22.0,2,1,1.0,1.0,0,0,0.0,,,2,,,,,,,,,,,,,,,,,,,1.0,2.0,2.0,2.0,2.0,2.0,1.0,2.0,2.0,,,,,,,,,,,2,,,2,2,2,,,,2,2,,2.0,2,2,2,,2,1.0,1.0,1.0,1.0,,,2.0,,,,1,2.0,2.0,,,1.0,2,,,,,,,2,2,,,,,2.0,,,,,,3,2,2,2,3.0,2.0,,0,0,4,4,4,4.0,2,1.0,1,1,0,0.0,2021
Nepal,NPL,South Asia,20742576.0,209346769,0.298004662809706,2,60.0,1,5,1.0,2.0,0,0,0.0,,,2,,,,,,,,,,,,,,,,,,,1.0,2.0,2.0,1.0,2.0,2.0,1.0,1.0,2.0,,,,,,,,,,,2,,,2,2,2,,,,2,2,,2.0,2,2,2,,7,,,2.0,,,,2.0,,,,2,,,,,,2,,,,,,,2,2,,,,,2.0,,,,,,1,1,1,1,2.0,2.0,,0,0,4,4,4,4.0,4,5.0,2,2,0,0.0,2021
Nepal,NPL,South Asia,20742576.0,139870604,1.14802853252812,1,21.0,2,3,1.0,2.0,1,1,0.0,2.0,2.0,2,,,2.0,2.0,2.0,,,,1.0,1.0,1.0,,,,,,2.0,1.0,,,,,,,,,,,,,,,,,,,,2,,,2,2,2,,,,2,1,,2.0,2,2,2,,1,2.0,1.0,2.0,,,,2.0,,,,2,,,,,,2,,,,,,,3,2,,,,,2.0,,,,,,3,2,2,2,2.0,2.0,,1,0,4,5,4,4.0,4,5.0,1,1,0,0.0,2021
Nepal,NPL,South Asia,20742576.0,120211614,0.807542895435915,2,63.0,1,4,1.0,1.0,1,1,0.0,1.0,1.0,1,2.0,,2.0,2.0,2.0,,,,1.0,2.0,2.0,,,,,,,2.0,,,,,,,,,,,,,,,,,,,,2,,,2,2,2,,,,2,2,,2.0,2,2,2,,2,1.0,1.0,2.0,,,,2.0,,,,1,2.0,2.0,,,2.0,2,,,,,,,2,1,1.0,2.0,,,2.0,,,,,,2,3,2,3,3.0,2.0,,0,0,4,4,1,4.0,3,5.0,1,1,1,0.0,2021
Nepal,NPL,South Asia,20742576.0,144700595,1.18355774377914,2,24.0,3,5,1.0,1.0,1,1,1.0,2.0,2.0,1,1.0,2.0,2.0,1.0,2.0,,,,1.0,2.0,1.0,,,,,,1.0,1.0,,,,,,,,,,,,,,,,2.0,1.0,2.0,1.0,1,1.0,,1,1,1,2.0,1.0,,2,1,2.0,1.0,2,2,1,1.0,3,2.0,2.0,1.0,1.0,,,1.0,1.0,,,1,2.0,2.0,,,1.0,2,,,,,,,2,2,,,,,1.0,1.0,2.0,2.0,1.0,,2,3,3,3,,2.0,,1,1,4,4,4,2.0,2,1.0,1,1,1,1.0,2021
Nepal,NPL,South Asia,20742576.0,138548678,0.761078655006205,2,85.0,1,1,2.0,1.0,1,1,0.0,1.0,1.0,2,,,2.0,2.0,2.0,,,,1.0,2.0,1.0,,,,,,2.0,1.0,,,,,,,,,,,,,,,,,,,,2,,,2,2,2,,,,2,2,,2.0,2,2,1,,7,,,2.0,,,,2.0,,,,1,2.0,2.0,,,1.0,2,,,,,,,1,2,1.0,2.0,,,1.0,2.0,2.0,2.0,1.0,,2,2,2,3,2.0,3.0,,0,1,4,1,4,2.0,2,5.0,1,2,1,0.0,2021
Nepal,NPL,South Asia,20742576.0,141201901,0.684493741173678,1,60.0,1,3,1.0,1.0,0,0,0.0,,,2,,,,,,,,,,,,,,,,,,,2.0,2.0,2.0,2.0,2.0,2.0,1.0,2.0,2.0,,,,,,,,,,,2,,,2,2,2,,,,2,2,,2.0,2,2,2,,2,2.0,2.0,2.0,,,,2.0,,,,2,,,,,,2,,,,,,,2,2,,,,,2.0,,,,,,2,3,3,3,,3.0,,0,0,4,4,4,4.0,4,5.0,2,2,0,0.0,2021
Nepal,NPL,South Asia,20742576.0,188899017,1.38968999237555,1,32.0,1,1,1.0,1.0,0,0,0.0,,,2,,,,,,,,,,,,,,,,,,,2.0,2.0,2.0,2.0,2.0,2.0,1.0,2.0,1.0,,,,,,,,,,,2,,,2,2,2,,,,2,2,,2.0,2,2,2,,2,1.0,1.0,2.0,,,,2.0,,,,1,2.0,2.0,,,2.0,2,,,,,,,2,2,,,,,2.0,,,,,,1,1,2,1,4.0,1.0,,0,0,4,4,4,4.0,3,5.0,1,2,0,0.0,2021
Nepal,NPL,South Asia,20742576.0,158852068,0.633006204713712,2,17.0,2,3,1.0,1.0,0,0,0.0,,,2,,,,,,,,,,,,,,,,,,,1.0,2.0,2.0,2.0,2.0,2.0,1.0,1.0,2.0,,,,,,,,,,,2,,,2,2,2,,,,2,2,,2.0,2,2,2,,2,1.0,4.0,2.0,,,,2.0,,,,2,,,,,,2,,,,,,,2,2,,,,,1.0,1.0,2.0,2.0,1.0,,3,2,5,2,2.0,1.0,,0,0,4,4,4,2.0,4,5.0,1,1,0,0.0,2021
Nepal,NPL,South Asia,20742576.0,135139176,0.263544210014897,1,30.0,2,4,1.0,1.0,1,1,0.0,2.0,1.0,2,,,2.0,2.0,2.0,,,,2.0,,2.0,,,,,,,2.0,,,,,,,,,,,,,,,,,,,,2,,,2,2,2,,,,2,2,,2.0,2,2,2,,3,1.0,1.0,2.0,,,,2.0,,,,1,2.0,2.0,,,1.0,2,,,,,,,2,2,,,,,2.0,,,,,,1,1,1,2,3.0,1.0,,0,0,4,4,4,4.0,2,5.0,2,2,0,0.0,2021
Nepal,NPL,South Asia,20742576.0,208418186,1.06446010882785,1,15.0,2,4,2.0,1.0,1,1,0.0,1.0,1.0,1,1.0,2.0,2.0,1.0,2.0,,,,2.0,,2.0,,,,,,,1.0,,,,,,,,,,,,,,,,,,,,2,,,2,2,2,,,,1,2,,2.0,2,2,2,,1,3.0,3.0,2.0,,,,2.0,,,,2,,,,,,2,,,,,,,1,2,2.0,2.0,2.0,2.0,1.0,1.0,2.0,2.0,2.0,2.0,2,2,1,2,1.0,2.0,,1,0,4,3,4,3.0,4,5.0,1,1,1,0.0,2021
Nepal,NPL,South Asia,20742576.0,209963667,0.499172958396727,2,73.0,1,5,1.0,1.0,1,1,0.0,2.0,2.0,2,,,2.0,2.0,2.0,,,,2.0,,2.0,,,,,,,1.0,,,,,,,,,,,,,,,,,,,,2,,,2,2,2,,,,1,1,,2.0,2,2,2,,1,2.0,2.0,2.0,,,,2.0,,,,1,2.0,2.0,,,1.0,2,,,,,,,1,2,2.0,2.0,1.0,,2.0,,,,,,2,2,2,3,2.0,2.0,,1,0,4,2,4,4.0,2,5.0,1,2,0,0.0,2021
Nepal,NPL,South Asia,20742576.0,116491521,1.15174338892129,2,21.0,1,5,2.0,1.0,1,1,0.0,1.0,2.0,2,,,2.0,2.0,2.0,,,,2.0,,2.0,,,,,,,1.0,,,,,,,,,,,,,,,,,,,,1,2.0,,1,2,2,,,,1,2,,1.0,2,2,2,2.0,3,2.0,2.0,2.0,,,,2.0,,,,2,,,,,,2,,,,,,,2,2,,,,,2.0,,,,,,2,2,2,1,1.0,2.0,,1,0,4,4,4,4.0,4,5.0,1,1,1,1.0,2021
Nepal,NPL,South Asia,20742576.0,131335719,0.814692676021976,1,60.0,1,1,1.0,1.0,0,0,0.0,,,2,,,,,,,,,,,,,,,,,,,2.0,2.0,2.0,2.0,2.0,2.0,1.0,2.0,1.0,,,,,,,,,,,2,,,2,2,2,,,,2,2,,2.0,2,2,2,,5,1.0,4.0,2.0,,,,1.0,2.0,1.0,2.0,1,2.0,2.0,,,1.0,2,,,,,,,2,2,,,,,1.0,1.0,2.0,2.0,1.0,,2,1,2,2,2.0,3.0,,0,0,4,4,4,2.0,2,3.0,1,2,0,0.0,2021
Nepal,NPL,South Asia,20742576.0,202903895,0.861105301722445,2,28.0,2,5,1.0,1.0,1,1,0.0,1.0,2.0,1,2.0,,2.0,2.0,2.0,,,,1.0,2.0,1.0,,,,,,1.0,1.0,,,,,,,,,,,,,,,,,,,,2,,,2,2,2,,,,2,1,,2.0,2,2,2,,3,2.0,1.0,1.0,1.0,,,2.0,,,,2,,,,,,1,2.0,1.0,2.0,,,2.0,3,2,,,,,2.0,,,,,,3,2,2,2,3.0,1.0,,1,0,1,5,4,4.0,4,1.0,1,1,1,0.0,2021
Nepal,NPL,South Asia,20742576.0,206970762,0.692820547852379,1,83.0,1,4,2.0,2.0,0,0,0.0,,,2,,,,,,,,,,,,,,,,,,,2.0,1.0,1.0,2.0,2.0,2.0,2.0,1.0,1.0,,,,,,,,,,,2,,,2,2,2,,,,2,2,,2.0,2,2,1,,2,1.0,1.0,2.0,,,,2.0,,,,2,,,,,,2,,,,,,,1,1,2.0,2.0,1.0,,2.0,,,,,,2,2,2,3,2.0,2.0,,0,1,4,2,2,4.0,4,5.0,2,3,0,0.0,2021
Nepal,NPL,South Asia,20742576.0,169428695,1.07738488998226,2,32.0,1,1,1.0,1.0,0,0,0.0,,,2,,,,,,,,,,,,,,,,,,,2.0,2.0,2.0,2.0,2.0,2.0,1.0,2.0,2.0,,,,,,,,,,,2,,,2,2,2,,,,2,2,,2.0,2,2,1,,3,2.0,1.0,2.0,,,,2.0,,,,1,2.0,2.0,,,1.0,2,,,,,,,1,2,2.0,2.0,2.0,2.0,1.0,1.0,2.0,2.0,2.0,2.0,3,2,2,3,2.0,3.0,,1,1,4,3,4,3.0,2,5.0,2,2,0,0.0,2021
Nepal,NPL,South Asia,20742576.0,160490556,1.5767476270941,1,31.0,1,1,1.0,1.0,1,1,0.0,2.0,2.0,2,,,2.0,2.0,2.0,,,,2.0,,2.0,,,,,,,2.0,,,,,,,,,,,,,,,,,,,,2,,,2,2,2,,,,2,2,,2.0,1,2,1,,3,1.0,1.0,2.0,,,,1.0,1.0,,,2,,,,,,2,,,,,,,2,2,,,,,2.0,,,,,,1,1,2,1,2.0,3.0,,0,1,4,4,4,4.0,4,1.0,1,2,1,0.0,2021
Nepal,NPL,South Asia,20742576.0,137717153,1.36898748234736,1,58.0,1,2,1.0,1.0,0,0,0.0,,,2,,,,,,,,,,,,,,,,,,,2.0,2.0,2.0,2.0,2.0,2.0,1.0,2.0,1.0,,,,,,,,,,,2,,,2,2,2,,,,2,2,,2.0,1,2,1,,2,2.0,2.0,1.0,1.0,,,2.0,,,,1,2.0,2.0,,,1.0,2,,,,,,,2,2,,,,,1.0,1.0,2.0,2.0,1.0,,2,2,3,2,2.0,1.0,,0,1,4,4,4,2.0,2,1.0,1,2,0,0.0,2021
Nepal,NPL,South Asia,20742576.0,134456666,0.695151685806979,1,16.0,2,5,2.0,1.0,0,0,0.0,,,2,,,,,,,,,,,,,,,,,,,2.0,2.0,2.0,1.0,2.0,2.0,1.0,2.0,2.0,,,,,,,,,,,2,,,2,2,2,,,,2,2,,2.0,2,2,2,,7,,,2.0,,,,2.0,,,,2,,,,,,2,,,,,,,2,2,,,,,2.0,,,,,,2,1,2,1,4.0,1.0,,0,0,4,4,4,4.0,4,5.0,2,2,0,0.0,2021
Nepal,NPL,South Asia,20742576.0,119318550,0.292805815973131,2,35.0,2,5,1.0,2.0,1,1,1.0,2.0,2.0,1,2.0,,1.0,1.0,2.0,,,,1.0,2.0,1.0,,,,,,2.0,1.0,,,,,,,,,,,,,,,,1.0,1.0,2.0,1.0,2,,,1,1,2,,,,1,1,2.0,1.0,2,1,1,2.0,3,3.0,2.0,1.0,1.0,,,2.0,,,,1,2.0,1.0,1.0,,,2,,,,,,,2,2,,,,,1.0,2.0,2.0,2.0,2.0,2.0,2,2,3,3,2.0,2.0,,1,1,4,4,4,3.0,1,1.0,1,1,1,0.0,2021
Nepal,NPL,South Asia,20742576.0,171445872,0.706297062919529,1,23.0,1,4,2.0,1.0,1,1,0.0,1.0,1.0,2,,,2.0,2.0,2.0,,,,2.0,,2.0,,,,,,,2.0,,,,,,,,,,,,,,,,,,,,2,,,2,2,2,,,,2,2,,2.0,2,1,1,,2,1.0,1.0,2.0,,,,1.0,2.0,2.0,1.0,2,,,,,,2,,,,,,,2,2,,,,,2.0,,,,,,2,1,2,2,2.0,4.0,,0,1,4,4,4,4.0,4,2.0,1,1,0,0.0,2021
Nepal,NPL,South Asia,20742576.0,169270674,2.83160028258982,1,20.0,1,3,1.0,1.0,1,1,0.0,2.0,2.0,2,,,2.0,2.0,2.0,,,,2.0,,2.0,,,,,,,1.0,,,,,,,,,,,,,,,,,,,,2,,,2,2,2,,,,2,2,,2.0,1,1,2,,4,1.0,1.0,2.0,,,,2.0,,,,2,,,,,,2,,,,,,,2,2,,,,,2.0,,,,,,1,1,1,1,3.0,1.0,,0,1,4,4,4,4.0,4,5.0,2,2,0,0.0,2021
Nepal,NPL,South Asia,20742576.0,127410974,0.638238130524816,2,22.0,2,5,1.0,2.0,1,1,0.0,1.0,2.0,1,1.0,2.0,2.0,1.0,2.0,,,,1.0,1.0,1.0,,,,,,1.0,1.0,,,,,,,,,,,,,,,,,,,,2,,,2,2,2,,,,2,2,,2.0,2,2,2,,3,3.0,2.0,1.0,1.0,,,2.0,,,,1,2.0,2.0,,,1.0,1,2.0,1.0,2.0,,,1.0,2,2,,,,,2.0,,,,,,3,2,3,3,,2.0,,0,0,1,4,4,4.0,2,1.0,1,1,1,0.0,2021
Nepal,NPL,South Asia,20742576.0,148665321,0.855118851206909,1,42.0,1,3,1.0,1.0,1,1,0.0,2.0,2.0,2,,,2.0,2.0,2.0,,,,1.0,2.0,1.0,,,,,,1.0,1.0,,,,,,,,,,,,,,,,,,,,2,,,2,2,2,,,,2,2,,1.0,1,2,2,2.0,4,2.0,2.0,2.0,,,,2.0,,,,1,2.0,2.0,,,1.0,1,2.0,2.0,2.0,1.0,,,2,2,,,,,2.0,,,,,,1,1,1,1,3.0,3.0,,1,1,2,4,4,4.0,2,5.0,1,2,0,0.0,2021
Nepal,NPL,South Asia,20742576.0,117495361,0.376693249603871,1,33.0,1,3,1.0,1.0,1,1,0.0,2.0,1.0,2,,,2.0,2.0,2.0,,,,2.0,,2.0,,,,,,,2.0,,,,,,,,,,,,,,,,,,,,2,,,2,2,2,,,,2,2,,2.0,1,2,2,,4,1.0,1.0,2.0,,,,2.0,,,,2,,,,,,2,,,,,,,2,2,,,,,2.0,,,,,,3,1,1,2,2.0,1.0,,0,1,4,4,4,4.0,4,5.0,1,2,0,0.0,2021
Nepal,NPL,South Asia,20742576.0,164591526,1.34459302275978,2,47.0,1,1,1.0,1.0,1,1,0.0,1.0,1.0,2,,,2.0,2.0,2.0,,,,2.0,,1.0,,,,,,1.0,1.0,,,,,,,,,,,,,,,,,,,,2,,,2,2,2,,,,1,2,,1.0,2,2,2,2.0,6,1.0,1.0,1.0,1.0,,,1.0,2.0,2.0,2.0,2,,,,,,1,1.0,2.0,2.0,1.0,,,2,1,1.0,2.0,,,1.0,1.0,2.0,2.0,1.0,,1,1,1,1,1.0,1.0,,1,0,2,4,1,2.0,4,1.0,1,2,1,0.0,2021
Nepal,NPL,South Asia,20742576.0,177508087,1.77762484704773,1,34.0,1,2,1.0,1.0,0,0,0.0,,,2,,,,,,,,,,,,,,,,,,,1.0,2.0,2.0,2.0,2.0,2.0,1.0,2.0,1.0,,,,,,,,,,,2,,,2,2,2,,,,2,2,,2.0,1,1,1,,2,1.0,1.0,1.0,1.0,,,2.0,,,,2,,,,,,2,,,,,,,2,2,,,,,1.0,1.0,2.0,2.0,1.0,,1,1,1,1,4.0,1.0,,0,1,4,4,4,2.0,4,1.0,1,2,0,0.0,2021
Nepal,NPL,South Asia,20742576.0,179554173,2.56535655362073,1,41.0,1,3,1.0,1.0,1,1,0.0,2.0,2.0,2,,,2.0,2.0,3.0,,,,2.0,,1.0,,,,,,2.0,2.0,,,,,,,,,,,,,,,,,,,,2,,,2,2,2,,,,2,2,,1.0,2,2,1,2.0,1,3.0,2.0,2.0,,,,2.0,,,,1,2.0,2.0,,,1.0,2,,,,,,,2,2,,,,,1.0,1.0,2.0,2.0,1.0,,2,2,2,2,1.0,1.0,,1,1,4,4,4,2.0,2,5.0,1,2,0,0.0,2021
Nepal,NPL,South Asia,20742576.0,112842235,1.38479877493021,2,24.0,2,2,1.0,1.0,0,0,0.0,,,2,,,,,,,,,,,,,,,,,,,1.0,2.0,1.0,2.0,1.0,2.0,2.0,1.0,1.0,,,,,,,,,,,2,,,2,2,2,,,,2,2,,2.0,2,2,1,,2,1.0,1.0,2.0,,,,2.0,,,,1,2.0,2.0,,,1.0,2,,,,,,,2,2,,,,,1.0,1.0,2.0,2.0,1.0,,1,1,1,1,1.0,1.0,,0,1,4,4,4,2.0,2,5.0,1,2,0,0.0,2021
Nepal,NPL,South Asia,20742576.0,209940473,0.774296160891017,1,37.0,1,1,1.0,1.0,0,0,0.0,,,2,,,,,,,,,,,,,,,,,,,2.0,2.0,2.0,2.0,2.0,2.0,1.0,2.0,2.0,,,,,,,,,,,2,,,2,2,2,,,,2,2,,2.0,2,2,2,,3,2.0,1.0,2.0,,,,2.0,,,,2,,,,,,2,,,,,,,2,2,,,,,1.0,1.0,2.0,2.0,1.0,,2,2,2,1,4.0,3.0,,0,0,4,4,4,2.0,4,5.0,1,2,0,0.0,2021
Nepal,NPL,South Asia,20742576.0,153924004,1.23408214394269,2,38.0,1,3,1.0,1.0,1,1,0.0,2.0,2.0,2,,,2.0,2.0,2.0,,,,1.0,2.0,2.0,,,,,,,1.0,,,,,,,,,,,,,,,,,,,,2,,,2,2,2,,,,2,2,,2.0,2,2,1,,2,1.0,1.0,2.0,,,,1.0,2.0,2.0,1.0,2,,,,,,2,,,,,,,2,2,,,,,2.0,,,,,,1,1,1,1,2.0,1.0,,0,1,4,4,4,4.0,4,2.0,1,1,0,0.0,2021
Nepal,NPL,South Asia,20742576.0,134378105,0.51910488740497,1,45.0,1,5,2.0,1.0,0,0,0.0,,,2,,,,,,,,,,,,,,,,,,,2.0,1.0,2.0,2.0,2.0,2.0,2.0,1.0,1.0,,,,,,,,,,,2,,,2,2,2,,,,2,2,,2.0,2,2,2,,5,1.0,1.0,2.0,,,,2.0,,,,2,,,,,,2,,,,,,,2,2,,,,,2.0,,,,,,1,1,1,1,2.0,1.0,,0,0,4,4,4,4.0,4,5.0,2,2,0,0.0,2021
Nepal,NPL,South Asia,20742576.0,137902257,0.263544210014897,1,27.0,2,5,1.0,1.0,1,1,0.0,2.0,2.0,1,2.0,,2.0,2.0,2.0,,,,2.0,,1.0,,,,,,1.0,1.0,,,,,,,,,,,,,,,,,,,,2,,,2,2,2,,,,2,1,,2.0,1,1,1,,3,2.0,2.0,2.0,,,,1.0,1.0,,,1,2.0,2.0,,,1.0,2,,,,,,,2,2,,,,,2.0,,,,,,2,2,2,3,2.0,2.0,,1,1,4,4,4,4.0,2,1.0,1,2,1,0.0,2021
Nepal,NPL,South Asia,20742576.0,125554773,0.685535101905075,1,30.0,3,1,1.0,1.0,0,0,0.0,,,2,,,,,,,,,,,,,,,,,,,2.0,2.0,2.0,2.0,2.0,2.0,1.0,2.0,1.0,,,,,,,,,,,2,,,2,2,2,,,,2,1,,2.0,1,2,2,,2,1.0,1.0,2.0,,,,2.0,,,,2,,,,,,2,,,,,,,2,2,,,,,1.0,1.0,2.0,2.0,1.0,,2,2,2,2,2.0,2.0,,1,1,4,4,4,2.0,4,5.0,1,2,0,0.0,2021
Nepal,NPL,South Asia,20742576.0,195502615,0.353290097568145,2,24.0,3,5,1.0,1.0,1,1,1.0,,,2,,,,,,,,,,,,,,,,,,,,2.0,2.0,2.0,2.0,2.0,1.0,2.0,1.0,,,,,,,2.0,2.0,2.0,1.0,2,,,2,1,2,,,,2,2,2.0,2.0,2,2,2,,3,3.0,3.0,2.0,,,,1.0,1.0,,,2,,,,,,1,1.0,1.0,2.0,,,2.0,2,2,,,,,2.0,,,,,,3,3,3,3,,2.0,,0,0,1,4,4,4.0,4,1.0,1,1,1,0.0,2021
Nepal,NPL,South Asia,20742576.0,206546595,0.814692676021976,1,56.0,1,1,1.0,1.0,0,0,0.0,,,2,,,,,,,,,,,,,,,,,,,2.0,2.0,2.0,2.0,2.0,2.0,1.0,2.0,1.0,,,,,,,,,,,2,,,2,2,2,,,,2,2,,1.0,2,2,1,2.0,1,2.0,4.0,2.0,,,,2.0,,,,1,2.0,2.0,,,1.0,2,,,,,,,2,2,,,,,2.0,,,,,,1,1,1,2,1.0,1.0,,1,1,4,4,4,4.0,2,5.0,1,2,0,0.0,2021
Nepal,NPL,South Asia,20742576.0,123411158,1.14802853252812,1,17.0,2,3,1.0,1.0,0,0,0.0,,,2,,,,,,,,,,,,,,,,,,,1.0,1.0,1.0,1.0,1.0,2.0,1.0,1.0,1.0,,,,,,,,,,,2,,,2,2,2,,,,2,2,,2.0,2,2,2,,2,1.0,1.0,2.0,,,,1.0,2.0,1.0,2.0,2,,,,,,2,,,,,,,1,2,2.0,2.0,1.0,,2.0,,,,,,2,1,2,2,1.0,1.0,,0,0,4,2,4,4.0,4,3.0,1,1,0,0.0,2021
Nepal,NPL,South Asia,20742576.0,142942550,2.10384580036804,2,25.0,1,3,1.0,2.0,0,0,0.0,,,2,,,,,,,,,,,,,,,,,,,1.0,2.0,1.0,2.0,2.0,2.0,1.0,1.0,1.0,,,,,,,,,,,2,,,2,2,2,,,,2,2,,2.0,2,2,1,,2,2.0,3.0,2.0,,,,1.0,2.0,1.0,2.0,1,2.0,2.0,,,1.0,1,2.0,2.0,2.0,1.0,,,2,2,,,,,2.0,,,,,,3,1,3,3,,3.0,,0,1,2,4,4,4.0,2,3.0,1,1,0,0.0,2021
Nepal,NPL,South Asia,20742576.0,119525119,0.34757584290349,1,20.0,2,5,2.0,1.0,1,1,1.0,,,2,,,,,,,,,,,,,,,,,,,,1.0,2.0,1.0,2.0,2.0,2.0,2.0,1.0,,,,,,,,,,,2,,,2,2,2,,,,2,2,,1.0,1,2,1,2.0,2,1.0,1.0,1.0,2.0,1.0,2.0,1.0,1.0,,,1,2.0,2.0,,,1.0,1,2.0,1.0,1.0,,,2.0,2,2,,,,,2.0,,,,,,2,1,2,2,4.0,2.0,,1,1,1,4,4,4.0,2,1.0,1,1,1,0.0,2021
Nepal,NPL,South Asia,20742576.0,142727766,0.638262088567577,1,30.0,2,4,1.0,1.0,1,1,0.0,2.0,2.0,1,1.0,2.0,2.0,2.0,2.0,,,,1.0,2.0,1.0,,,,,,2.0,1.0,,,,,,,,,,,,,,,,,,,,2,,,2,2,1,2.0,1.0,,2,1,,1.0,2,2,2,2.0,2,3.0,2.0,1.0,1.0,,,2.0,,,,2,,,,,,2,,,,,,,2,2,,,,,2.0,,,,,,3,2,2,2,2.0,2.0,,1,0,4,4,4,4.0,4,1.0,1,1,1,0.0,2021
Nepal,NPL,South Asia,20742576.0,171941526,1.25651926897176,2,27.0,1,3,1.0,1.0,1,1,0.0,1.0,2.0,2,,,2.0,1.0,2.0,,,,1.0,2.0,1.0,,,,,,2.0,1.0,,,,,,,,,,,,,,,,,,,,2,,,2,2,2,,,,2,2,,2.0,1,1,1,,4,1.0,1.0,2.0,,,,2.0,,,,2,,,,,,2,,,,,,,2,2,,,,,2.0,,,,,,1,1,2,3,2.0,1.0,,0,1,4,4,4,4.0,4,5.0,1,1,0,0.0,2021
Nepal,NPL,South Asia,20742576.0,142892351,0.34757584290349,1,16.0,2,4,2.0,2.0,0,0,0.0,,,2,,,,,,,,,,,,,,,,,,,2.0,2.0,2.0,2.0,2.0,2.0,2.0,1.0,1.0,,,,,,,,,,,2,,,2,2,2,,,,2,2,,2.0,2,2,2,,2,2.0,1.0,2.0,,,,2.0,,,,2,,,,,,2,,,,,,,2,2,,,,,2.0,,,,,,1,1,1,2,2.0,1.0,,0,0,4,4,4,4.0,4,5.0,2,2,0,0.0,2021
Nepal,NPL,South Asia,20742576.0,150573299,0.287007133132031,1,21.0,2,4,1.0,1.0,0,0,0.0,,,2,,,,,,,,,,,,,,,,,,,1.0,2.0,2.0,2.0,2.0,2.0,1.0,2.0,1.0,,,,,,,,,,,2,,,2,2,2,,,,2,2,,2.0,2,2,2,,3,2.0,1.0,2.0,,,,2.0,,,,1,2.0,2.0,,,1.0,1,2.0,2.0,2.0,1.0,,,2,2,,,,,2.0,,,,,,1,1,2,2,2.0,2.0,,0,0,2,4,4,4.0,2,5.0,1,1,0,0.0,2021
Nepal,NPL,South Asia,20742576.0,148620940,2.83160028258982,1,35.0,1,1,1.0,1.0,0,0,0.0,,,2,,,,,,,,,,,,,,,,,,,2.0,1.0,2.0,2.0,2.0,2.0,1.0,1.0,2.0,,,,,,,,,,,2,,,2,2,2,,,,2,2,,2.0,2,2,2,,2,1.0,1.0,2.0,,,,2.0,,,,2,,,,,,2,,,,,,,3,2,,,,,1.0,1.0,2.0,2.0,1.0,,1,1,1,1,2.0,1.0,,0,0,4,5,4,2.0,4,5.0,2,2,0,0.0,2021
Nepal,NPL,South Asia,20742576.0,115993175,0.90464878994484,2,56.0,1,2,1.0,1.0,1,1,0.0,2.0,2.0,2,,,2.0,2.0,2.0,,,,2.0,,2.0,,,,,,,2.0,,,,,,,,,,,,,,,,,,,,2,,,2,2,2,,,,2,2,,2.0,1,2,1,,5,3.0,3.0,2.0,,,,2.0,,,,1,2.0,2.0,,,1.0,2,,,,,,,1,2,1.0,2.0,,,1.0,1.0,2.0,2.0,1.0,,3,2,3,3,,2.0,,0,1,4,1,4,2.0,2,5.0,1,2,1,0.0,2021
Nepal,NPL,South Asia,20742576.0,157146359,2.50710541458434,2,69.0,1,1,1.0,1.0,1,1,0.0,2.0,2.0,1,2.0,,2.0,2.0,2.0,,,,2.0,,2.0,,,,,,,1.0,,,,,,,,,,,,,,,,,,,,2,,,2,2,2,,,,2,2,,2.0,2,2,2,,5,1.0,1.0,2.0,,,,2.0,,,,2,,,,,,2,,,,,,,2,2,,,,,2.0,,,,,,1,1,1,1,2.0,1.0,,0,0,4,4,4,4.0,4,5.0,1,2,0,0.0,2021
Nepal,NPL,South Asia,20742576.0,209662941,1.85835534163991,1,35.0,1,4,1.0,1.0,1,1,1.0,1.0,1.0,1,1.0,1.0,1.0,1.0,2.0,,,,1.0,1.0,1.0,,,,,,1.0,1.0,,,,,,,,,,,,,,,,1.0,1.0,2.0,1.0,1,1.0,,1,1,2,,,,1,1,1.0,1.0,2,2,1,1.0,3,3.0,1.0,2.0,,,,2.0,,,,1,1.0,1.0,1.0,,,1,1.0,1.0,2.0,,,1.0,1,2,1.0,2.0,,,1.0,2.0,2.0,2.0,2.0,2.0,3,3,3,3,,3.0,,1,1,1,1,4,3.0,1,5.0,1,1,1,1.0,2021
Nepal,NPL,South Asia,20742576.0,169570949,0.797085223373771,2,27.0,2,1,1.0,1.0,1,1,1.0,2.0,2.0,1,2.0,,1.0,1.0,2.0,,,,1.0,1.0,1.0,,,,,,1.0,1.0,,,,,,,,,,,,,,,,,,,,1,2.0,,2,1,2,,,,2,2,,2.0,2,2,2,,3,2.0,1.0,1.0,1.0,,,2.0,,,,2,,,,,,2,,,,,,,2,2,,,,,1.0,1.0,1.0,1.0,,,1,1,1,1,2.0,1.0,,0,0,4,4,4,1.0,4,1.0,1,1,1,1.0,2021
Nepal,NPL,South Asia,20742576.0,157340251,1.03394784921115,1,38.0,1,4,2.0,1.0,1,1,0.0,2.0,2.0,1,2.0,,2.0,2.0,2.0,,,,2.0,,2.0,,,,,,,2.0,,,,,,,,,,,,,,,,,,,,2,,,2,2,2,,,,2,2,,2.0,2,2,2,,3,1.0,1.0,2.0,,,,2.0,,,,2,,,,,,2,,,,,,,2,2,,,,,2.0,,,,,,1,1,1,2,2.0,3.0,,0,0,4,4,4,4.0,4,5.0,1,2,0,0.0,2021
Nepal,NPL,South Asia,20742576.0,125584314,0.263544210014897,2,58.0,2,3,1.0,1.0,0,0,0.0,,,2,,,,,,,,,,,,,,,,,,,2.0,1.0,1.0,1.0,2.0,3.0,1.0,2.0,2.0,,,,,,,,,,,2,,,2,2,2,,,,2,2,,2.0,2,2,1,,2,1.0,1.0,1.0,1.0,,,1.0,2.0,1.0,2.0,1,2.0,2.0,,,1.0,1,2.0,2.0,2.0,1.0,,,2,2,,,,,2.0,,,,,,2,1,3,3,2.0,3.0,,1,1,2,4,4,4.0,2,1.0,1,2,0,0.0,2021
Nepal,NPL,South Asia,20742576.0,181707298,1.05174847780638,2,35.0,1,2,2.0,2.0,1,1,0.0,2.0,2.0,2,,,2.0,2.0,2.0,,,,2.0,,1.0,,,,,,2.0,2.0,,,,,,,,,,,,,,,,,,,,2,,,2,2,2,,,,2,2,,2.0,2,1,1,,4,2.0,1.0,2.0,,,,1.0,2.0,1.0,1.0,1,2.0,2.0,,,1.0,2,,,,,,,2,2,,,,,2.0,,,,,,2,1,1,2,5.0,1.0,,0,1,4,4,4,4.0,2,2.0,1,1,0,0.0,2021
Nepal,NPL,South Asia,20742576.0,112926641,0.376693249603871,1,32.0,1,3,1.0,1.0,0,0,0.0,,,2,,,,,,,,,,,,,,,,,,,2.0,2.0,2.0,2.0,2.0,2.0,1.0,2.0,2.0,,,,,,,,,,,2,,,2,2,2,,,,2,2,,2.0,2,2,1,,3,2.0,1.0,1.0,1.0,,,2.0,,,,1,2.0,2.0,,,1.0,2,,,,,,,2,2,,,,,2.0,,,,,,1,1,1,3,2.0,1.0,,0,1,4,4,4,4.0,2,1.0,1,2,0,0.0,2021
Nepal,NPL,South Asia,20742576.0,176656627,0.263544210014897,2,30.0,2,5,2.0,2.0,1,1,0.0,2.0,2.0,1,1.0,2.0,2.0,2.0,2.0,,,,1.0,2.0,1.0,,,,,,2.0,1.0,,,,,,,,,,,,,,,,,,,,2,,,2,2,2,,,,2,2,,2.0,2,2,2,,4,2.0,1.0,2.0,,,,2.0,,,,1,2.0,2.0,,,1.0,2,,,,,,,2,2,,,,,2.0,,,,,,2,1,1,2,2.0,1.0,,0,0,4,4,4,4.0,2,5.0,1,1,1,0.0,2021
Nepal,NPL,South Asia,20742576.0,124128507,0.755388764310493,1,63.0,1,4,1.0,1.0,0,0,0.0,,,2,,,,,,,,,,,,,,,,,,,1.0,1.0,2.0,2.0,2.0,2.0,1.0,1.0,1.0,,,,,,,,,,,2,,,2,2,2,,,,2,2,,2.0,2,2,2,,2,3.0,3.0,2.0,,,,2.0,,,,2,,,,,,2,,,,,,,2,2,,,,,2.0,,,,,,3,3,3,3,,3.0,,0,0,4,4,4,4.0,4,5.0,1,2,0,0.0,2021
Nepal,NPL,South Asia,20742576.0,199262213,0.499172958396727,2,57.0,1,5,1.0,1.0,0,0,0.0,,,2,,,,,,,,,,,,,,,,,,,1.0,1.0,2.0,2.0,2.0,2.0,1.0,1.0,1.0,,,,,,,,,,,2,,,2,2,2,,,,2,2,,2.0,2,2,2,,3,3.0,2.0,2.0,,,,2.0,,,,1,2.0,2.0,,,1.0,1,2.0,2.0,2.0,1.0,,,2,2,,,,,2.0,,,,,,2,2,2,3,2.0,3.0,,0,0,2,4,4,4.0,2,5.0,1,2,0,0.0,2021
Nepal,NPL,South Asia,20742576.0,166364414,0.47311623436764,2,29.0,2,5,1.0,2.0,1,1,0.0,1.0,2.0,1,2.0,,2.0,1.0,2.0,,,,1.0,2.0,1.0,,,,,,1.0,1.0,,,,,,,,,,,,,,,,,,,,2,,,1,2,2,,,,2,1,2.0,2.0,2,2,2,,1,3.0,3.0,2.0,,,,2.0,,,,2,,,,,,1,2.0,1.0,2.0,,,2.0,1,2,1.0,2.0,,,2.0,,,,,,3,2,3,3,,2.0,,1,0,1,1,4,4.0,4,5.0,1,1,1,0.0,2021
Nepal,NPL,South Asia,20742576.0,144295795,0.425508059045052,1,32.0,2,5,1.0,2.0,1,1,0.0,2.0,2.0,1,1.0,2.0,2.0,2.0,2.0,,,,1.0,2.0,1.0,,,,,,1.0,1.0,,,,,,,,,,,,,,,,,,,,2,,,2,2,2,,,,2,1,,1.0,1,1,1,2.0,1,2.0,2.0,2.0,,,,2.0,,,,1,2.0,2.0,,,1.0,1,2.0,1.0,2.0,,,2.0,3,2,,,,,2.0,,,,,,2,1,2,1,2.0,1.0,,1,1,1,5,4,4.0,2,5.0,1,1,1,0.0,2021
Nepal,NPL,South Asia,20742576.0,202412385,0.263544210014897,1,21.0,2,3,2.0,1.0,0,0,0.0,,,2,,,,,,,,,,,,,,,,,,,1.0,2.0,2.0,2.0,2.0,2.0,1.0,2.0,2.0,,,,,,,,,,,2,,,2,2,2,,,,2,2,,1.0,1,1,2,2.0,2,1.0,1.0,2.0,,,,2.0,,,,2,,,,,,2,,,,,,,2,2,,,,,2.0,,,,,,1,1,1,1,1.0,1.0,,1,1,4,4,4,4.0,4,5.0,1,1,0,0.0,2021
Nepal,NPL,South Asia,20742576.0,112914016,0.684493741173678,1,55.0,1,2,1.0,1.0,1,1,0.0,2.0,2.0,1,2.0,,2.0,1.0,2.0,,,,2.0,,1.0,,,,,,2.0,2.0,,,,,,,,,,,,,,,,,,,,2,,,2,2,2,,,,2,2,,2.0,2,2,1,,1,2.0,2.0,2.0,,,,2.0,,,,1,2.0,2.0,,,1.0,2,,,,,,,2,2,,,,,1.0,1.0,2.0,2.0,1.0,,2,3,3,3,,3.0,,0,1,4,4,4,2.0,2,5.0,1,2,0,0.0,2021
Nepal,NPL,South Asia,20742576.0,197333783,0.538676181811816,1,65.0,1,3,1.0,1.0,1,1,0.0,2.0,2.0,2,,,2.0,2.0,2.0,,,,2.0,,2.0,,,,,,,1.0,,,,,,,,,,,,,,,,,,,,2,,,2,2,2,,,,2,2,,2.0,2,2,2,,2,2.0,1.0,2.0,,,,2.0,,,,1,2.0,2.0,,,1.0,2,,,,,,,1,2,1.0,2.0,,,1.0,1.0,2.0,2.0,1.0,,2,2,2,3,1.0,2.0,,0,0,4,1,4,2.0,2,5.0,1,2,1,0.0,2021
Nepal,NPL,South Asia,20742576.0,153358267,0.62800284809977,2,32.0,1,2,1.0,1.0,1,0,1.0,,,2,,,,,,,,,,,,,,,,,,,,1.0,2.0,1.0,2.0,2.0,1.0,2.0,2.0,,,,,,,1.0,2.0,2.0,2.0,2,,,2,2,2,,,,2,2,2.0,2.0,2,2,1,,2,2.0,1.0,2.0,,,,1.0,1.0,,,1,2.0,2.0,,,1.0,1,1.0,2.0,2.0,1.0,,,2,2,,,,,2.0,,,,,,3,3,2,3,,3.0,,0,1,2,4,4,4.0,2,1.0,1,2,1,0.0,2021
Nepal,NPL,South Asia,20742576.0,166746416,0.414484148052777,1,35.0,2,5,1.0,2.0,1,1,0.0,1.0,1.0,1,2.0,,2.0,2.0,2.0,,,,1.0,2.0,2.0,,,,,,,1.0,,,,,,,,,,,,,,,,,,,,2,,,2,2,2,,,,2,2,,2.0,2,2,2,,1,3.0,3.0,2.0,,,,2.0,,,,2,,,,,,2,,,,,,,2,2,,,,,2.0,,,,,,1,1,2,3,2.0,1.0,,0,0,4,4,4,4.0,4,5.0,1,1,0,0.0,2021
Nepal,NPL,South Asia,20742576.0,128104746,0.263544210014897,2,43.0,2,2,1.0,2.0,1,1,0.0,2.0,1.0,2,,,2.0,2.0,1.0,2.0,,2.0,2.0,,2.0,,,,,,,1.0,,,,,,,,,,,,,,,,,,,,2,,,2,2,2,,,,2,2,,2.0,2,2,2,,3,2.0,2.0,2.0,,,,2.0,,,,1,2.0,2.0,,,1.0,2,,,,,,,2,2,,,,,1.0,1.0,2.0,2.0,1.0,,1,1,2,1,3.0,2.0,,0,0,4,4,4,2.0,2,5.0,1,1,0,0.0,2021
Nepal,NPL,South Asia,20742576.0,206282667,1.00994069394491,1,42.0,2,3,1.0,1.0,1,1,1.0,2.0,2.0,2,,,1.0,1.0,2.0,,,,2.0,,1.0,,,,,,2.0,1.0,,,,,,,,,,,,,,,,,,,,2,,,1,1,2,,,,2,1,,1.0,2,2,2,2.0,6,2.0,3.0,1.0,1.0,,,1.0,2.0,1.0,2.0,1,2.0,1.0,1.0,,,2,,,,,,,2,2,,,,,1.0,1.0,1.0,1.0,,,3,3,3,3,,2.0,,1,0,4,4,4,1.0,1,1.0,1,2,1,0.0,2021
Nepal,NPL,South Asia,20742576.0,145425798,0.342246870586839,1,67.0,1,2,1.0,1.0,1,1,0.0,2.0,1.0,2,,,2.0,2.0,2.0,,,,1.0,2.0,1.0,,,,,,2.0,2.0,,,,,,,,,,,,,,,,,,,,2,,,2,2,2,,,,2,2,,1.0,2,2,2,2.0,8,,,2.0,,,,2.0,,,,1,2.0,2.0,,,1.0,2,,,,,,,1,2,2.0,2.0,1.0,,2.0,,,,,,3,3,3,3,,3.0,,1,0,4,2,4,4.0,2,5.0,1,2,0,0.0,2021
Nepal,NPL,South Asia,20742576.0,194800894,0.929724073016573,1,52.0,1,5,1.0,1.0,0,0,0.0,,,2,,,,,,,,,,,,,,,,,,,2.0,1.0,1.0,1.0,2.0,2.0,1.0,1.0,2.0,,,,,,,,,,,2,,,2,2,2,,,,2,2,,2.0,2,2,2,,2,1.0,1.0,2.0,,,,2.0,,,,2,,,,,,2,,,,,,,2,2,,,,,1.0,1.0,2.0,2.0,2.0,2.0,3,3,3,3,,1.0,,0,0,4,4,4,3.0,4,5.0,2,2,0,0.0,2021
Nepal,NPL,South Asia,20742576.0,162186615,0.511828085596118,1,40.0,1,2,2.0,1.0,0,0,0.0,,,2,,,,,,,,,,,,,,,,,,,2.0,2.0,2.0,2.0,2.0,2.0,1.0,2.0,2.0,,,,,,,,,,,2,,,2,2,2,,,,2,2,,2.0,2,2,2,,2,1.0,1.0,2.0,,,,2.0,,,,2,,,,,,2,,,,,,,1,1,2.0,2.0,1.0,,2.0,,,,,,1,1,1,1,1.0,1.0,,0,0,4,2,2,4.0,4,5.0,1,2,0,0.0,2021
Nepal,NPL,South Asia,20742576.0,119583099,0.263544210014897,2,50.0,2,4,1.0,1.0,0,0,0.0,,,2,,,,,,,,,,,,,,,,,,,1.0,1.0,2.0,2.0,2.0,2.0,2.0,1.0,2.0,,,,,,,,,,,2,,,2,2,2,,,,2,2,2.0,2.0,2,2,2,,3,2.0,2.0,2.0,,,,2.0,,,,1,2.0,2.0,,,1.0,2,,,,,,,2,2,,,,,1.0,1.0,2.0,2.0,1.0,,2,1,1,2,1.0,2.0,,1,0,4,4,4,2.0,2,5.0,1,2,0,0.0,2021
Nepal,NPL,South Asia,20742576.0,195978885,1.19789245474837,2,60.0,1,1,1.0,1.0,0,0,0.0,,,2,,,,,,,,,,,,,,,,,,,1.0,2.0,2.0,2.0,2.0,1.0,2.0,2.0,2.0,,,,,,,,,,,2,,,2,2,2,,,,2,2,,1.0,1,1,2,2.0,3,2.0,1.0,2.0,,,,2.0,,,,2,,,,,,2,,,,,,,2,2,,,,,2.0,,,,,,1,1,1,3,2.0,1.0,,1,1,4,4,4,4.0,4,5.0,1,1,0,0.0,2021
Nepal,NPL,South Asia,20742576.0,133543607,0.464588835409978,1,35.0,1,5,1.0,2.0,1,1,0.0,2.0,2.0,2,,,2.0,2.0,2.0,,,,1.0,2.0,1.0,,,,,,2.0,1.0,,,,,,,,,,,,,,,,,,,,2,,,2,2,2,,,,2,1,,2.0,2,1,2,,3,3.0,1.0,2.0,,,,1.0,2.0,1.0,1.0,2,,,,,,2,,,,,,,2,2,,,,,2.0,,,,,,1,1,3,2,1.0,1.0,,1,1,4,4,4,4.0,4,2.0,1,2,0,0.0,2021
Nepal,NPL,South Asia,20742576.0,163328860,0.948848020723753,1,23.0,2,2,1.0,1.0,1,1,0.0,1.0,2.0,2,,,2.0,2.0,2.0,,,,2.0,,2.0,,,,,,,2.0,,,,,,,,,,,,,,,,,,,,2,,,2,2,1,1.0,2.0,,2,2,,2.0,2,2,2,,3,2.0,2.0,2.0,,,,2.0,,,,2,,,,,,2,,,,,,,2,2,,,,,2.0,,,,,,2,2,3,3,2.0,3.0,,0,0,4,4,4,4.0,4,5.0,1,2,1,1.0,2021
Nepal,NPL,South Asia,20742576.0,194693040,1.74245840038944,2,16.0,2,4,1.0,2.0,1,0,1.0,,,2,,,,,,,,,,,,,,,,,,,,2.0,2.0,1.0,2.0,2.0,2.0,2.0,2.0,,,,,,,1.0,1.0,2.0,1.0,1,2.0,,1,1,2,,,,2,2,1.0,2.0,2,2,2,,3,2.0,1.0,2.0,,,,2.0,,,,2,,,,,,2,,,,,,,2,2,,,,,2.0,,,,,,3,2,2,2,4.0,2.0,,1,0,4,4,4,4.0,4,5.0,1,1,1,1.0,2021
Nepal,NPL,South Asia,20742576.0,145424844,0.569308812434252,1,21.0,2,5,1.0,2.0,1,1,0.0,1.0,2.0,2,,,2.0,2.0,2.0,,,,2.0,,2.0,,,,,,,2.0,,,,,,,,,,,,,,,,,,,,2,,,2,2,2,,,,2,2,,2.0,2,2,2,,3,2.0,3.0,2.0,,,,2.0,,,,2,,,,,,2,,,,,,,2,2,,,,,2.0,,,,,,2,1,1,2,2.0,1.0,,0,0,4,4,4,4.0,4,5.0,1,1,0,0.0,2021
Nepal,NPL,South Asia,20742576.0,202379164,1.80385872441174,1,68.0,1,4,2.0,2.0,1,1,0.0,,,2,,,,,,,,,,,,,,,,,,,,2.0,3.0,1.0,2.0,2.0,1.0,2.0,2.0,,,,,,,,,,,2,,,2,3,2,,,,2,2,,2.0,2,2,2,,2,1.0,1.0,2.0,,,,2.0,,,,1,2.0,2.0,,,1.0,2,,,,,,,1,2,1.0,2.0,,,2.0,,,,,,1,2,3,3,5.0,1.0,,0,0,4,1,4,4.0,2,5.0,1,2,1,0.0,2021
Nepal,NPL,South Asia,20742576.0,138241214,0.385818228809499,2,44.0,2,1,1.0,2.0,1,1,0.0,2.0,2.0,2,,,2.0,2.0,2.0,,,,1.0,1.0,1.0,,,,,,1.0,1.0,,,,,,,,,,,,,,,,,,,,2,,,2,2,2,,,,2,1,,2.0,2,2,2,,3,2.0,2.0,2.0,,,,2.0,,,,1,2.0,2.0,,,1.0,2,,,,,,,2,2,,,,,2.0,,,,,,3,2,2,1,2.0,2.0,,1,0,4,4,4,4.0,2,5.0,1,1,0,0.0,2021
Nepal,NPL,South Asia,20742576.0,120924082,0.638262088567577,1,32.0,2,4,1.0,1.0,1,1,0.0,2.0,2.0,1,2.0,,2.0,2.0,2.0,,,,1.0,2.0,1.0,,,,,,2.0,2.0,,,,,,,,,,,,,,,,,,,,2,,,2,2,2,,,,2,1,,1.0,2,2,1,2.0,2,2.0,1.0,2.0,,,,1.0,2.0,1.0,2.0,2,,,,,,2,,,,,,,2,2,,,,,2.0,,,,,,2,1,2,1,2.0,1.0,,1,1,4,4,4,4.0,4,3.0,1,1,0,0.0,2021
Nepal,NPL,South Asia,20742576.0,164751867,0.7090156602292,1,22.0,1,3,2.0,2.0,1,1,0.0,2.0,2.0,2,,,2.0,2.0,2.0,,,,1.0,1.0,2.0,,,,,,,1.0,,,,,,,,,,,,,,,,,,,,2,,,2,2,2,,,,1,1,,1.0,2,1,2,2.0,1,3.0,3.0,1.0,1.0,,,1.0,2.0,2.0,1.0,1,2.0,2.0,,,1.0,2,,,,,,,2,2,,,,,2.0,,,,,,3,1,2,3,2.0,3.0,,1,1,4,4,4,4.0,2,1.0,1,1,1,0.0,2021
Nepal,NPL,South Asia,20742576.0,193131325,2.47766936775547,2,16.0,1,1,1.0,1.0,0,0,0.0,,,2,,,,,,,,,,,,,,,,,,,1.0,1.0,1.0,2.0,1.0,2.0,1.0,2.0,1.0,,,,,,,,,,,2,,,2,2,2,,,,2,2,,2.0,2,2,2,,5,1.0,1.0,2.0,,,,2.0,,,,1,2.0,2.0,,,1.0,2,,,,,,,2,2,,,,,2.0,,,,,,1,1,1,1,3.0,1.0,,0,0,4,4,4,4.0,2,5.0,1,2,0,0.0,2021
Nepal,NPL,South Asia,20742576.0,191561706,1.31411504958792,2,52.0,1,3,1.0,1.0,1,1,0.0,1.0,2.0,2,,,2.0,2.0,2.0,,,,2.0,,2.0,,,,,,,2.0,,,,,,,,,,,,,,,,,,,,2,,,2,2,2,,,,2,2,,2.0,2,2,2,,2,1.0,1.0,2.0,,,,2.0,,,,1,2.0,2.0,,,1.0,2,,,,,,,2,2,,,,,2.0,,,,,,2,1,2,2,1.0,2.0,,0,0,4,4,4,4.0,2,5.0,1,2,0,0.0,2021
Nepal,NPL,South Asia,20742576.0,178325551,1.52464314085325,1,43.0,1,1,1.0,1.0,1,1,0.0,2.0,2.0,2,,,2.0,2.0,2.0,,,,2.0,,2.0,,,,,,,2.0,,,,,,,,,,,,,,,,,,,,2,,,2,2,2,,,,2,2,,2.0,2,2,2,,8,,,2.0,,,,2.0,,,,1,2.0,2.0,,,1.0,2,,,,,,,2,2,,,,,2.0,,,,,,1,1,1,2,2.0,3.0,,0,0,4,4,4,4.0,2,5.0,1,2,0,0.0,2021
Nepal,NPL,South Asia,20742576.0,200585437,0.598946227374183,2,76.0,1,4,1.0,1.0,1,1,0.0,1.0,1.0,2,,,1.0,2.0,2.0,,,,2.0,,1.0,,,,,,2.0,2.0,,,,,,,,,,,,,,,,,,,,2,,,2,2,2,,,,1,2,,2.0,1,2,2,,4,1.0,1.0,2.0,,,,2.0,,,,1,2.0,2.0,,,1.0,2,,,,,,,1,2,1.0,2.0,,,2.0,,,,,,1,1,1,1,4.0,1.0,,1,1,4,1,4,4.0,2,5.0,2,2,1,0.0,2021
Nepal,NPL,South Asia,20742576.0,147156448,0.957357195787224,2,17.0,2,3,2.0,1.0,0,0,0.0,,,2,,,,,,,,,,,,,,,,,,,1.0,2.0,2.0,1.0,2.0,2.0,2.0,1.0,1.0,,,,,,,,,,,2,,,2,2,2,,,,2,2,,2.0,2,2,2,,2,2.0,2.0,1.0,1.0,,,1.0,2.0,1.0,2.0,2,,,,,,2,,,,,,,2,2,,,,,2.0,,,,,,3,3,3,3,,2.0,,0,0,4,4,4,4.0,4,1.0,1,1,0,0.0,2021
Nepal,NPL,South Asia,20742576.0,139860746,0.376693249603871,1,32.0,1,3,1.0,2.0,1,1,0.0,2.0,2.0,2,,,2.0,2.0,2.0,,,,2.0,,2.0,,,,,,,2.0,,,,,,,,,,,,,,,,,,,,2,,,2,2,2,,,,1,1,,2.0,2,2,2,,1,3.0,3.0,2.0,,,,2.0,,,,1,2.0,2.0,,,1.0,2,,,,,,,2,2,,,,,2.0,,,,,,3,3,3,3,,3.0,,1,0,4,4,4,4.0,2,5.0,1,1,0,0.0,2021
Nepal,NPL,South Asia,20742576.0,153891100,1.05501034118952,2,17.0,2,2,1.0,1.0,1,1,0.0,2.0,1.0,2,,,2.0,2.0,2.0,,,,2.0,,1.0,,,,,,2.0,2.0,,,,,,,,,,,,,,,,,,,,2,,,2,2,2,,,,2,2,,2.0,2,2,2,,2,2.0,4.0,2.0,,,,2.0,,,,2,,,,,,2,,,,,,,1,2,1.0,2.0,,,2.0,,,,,,5,1,2,2,2.0,2.0,,0,0,4,1,4,4.0,4,5.0,1,1,1,0.0,2021
Nepal,NPL,South Asia,20742576.0,121540718,0.877353382871371,2,34.0,2,5,1.0,1.0,1,1,1.0,2.0,2.0,1,1.0,2.0,1.0,1.0,1.0,1.0,2.0,1.0,1.0,1.0,1.0,,,,,,1.0,1.0,,,,,,,,,,,,,,,,1.0,1.0,2.0,1.0,2,,,1,2,2,,,,1,1,2.0,2.0,2,1,2,,1,3.0,2.0,1.0,1.0,,,1.0,1.0,,,1,2.0,2.0,,,1.0,2,,,,,,,2,2,,,,,2.0,,,,,,2,2,2,2,1.0,1.0,,1,1,4,4,4,4.0,2,1.0,1,1,1,0.0,2021
Nepal,NPL,South Asia,20742576.0,160420740,0.35750610237159,1,27.0,3,2,1.0,1.0,1,1,0.0,2.0,2.0,2,,,2.0,2.0,2.0,,,,2.0,,2.0,,,,,,,1.0,,,,,,,,,,,,,,,,,,,,2,,,2,2,2,,,,1,2,,2.0,2,2,1,,1,1.0,1.0,2.0,,,,2.0,,,,1,1.0,1.0,1.0,,,2,,,,,,,2,2,,,,,1.0,1.0,2.0,2.0,1.0,,2,1,2,1,2.0,2.0,,1,1,4,4,4,2.0,1,5.0,2,1,1,0.0,2021
Nepal,NPL,South Asia,20742576.0,115644435,2.33642477678191,2,19.0,2,3,1.0,1.0,0,0,0.0,,,2,,,,,,,,,,,,,,,,,,,1.0,1.0,2.0,1.0,2.0,2.0,1.0,1.0,2.0,,,,,,,,,,,2,,,2,2,2,,,,2,2,,2.0,2,2,2,,3,2.0,1.0,2.0,,,,2.0,,,,2,,,,,,2,,,,,,,2,2,,,,,2.0,,,,,,2,2,2,2,2.0,2.0,,0,0,4,4,4,4.0,4,5.0,1,1,0,0.0,2021
Nepal,NPL,South Asia,20742576.0,187913512,0.620069487533404,1,50.0,1,5,1.0,1.0,0,0,0.0,,,2,,,,,,,,,,,,,,,,,,,2.0,2.0,2.0,2.0,2.0,2.0,1.0,2.0,2.0,,,,,,,,,,,2,,,2,2,2,,,,2,2,,2.0,2,2,1,,2,2.0,1.0,1.0,1.0,,,2.0,,,,1,2.0,2.0,,,1.0,2,,,,,,,2,2,,,,,1.0,1.0,2.0,2.0,2.0,2.0,3,2,2,3,2.0,2.0,,0,1,4,4,4,3.0,2,1.0,1,2,0,0.0,2021
Nepal,NPL,South Asia,20742576.0,180211081,1.43503566566015,1,19.0,2,1,1.0,1.0,0,0,0.0,,,2,,,,,,,,,,,,,,,,,,,2.0,1.0,1.0,2.0,2.0,2.0,1.0,1.0,2.0,,,,,,,,,,,2,,,2,2,2,,,,2,2,,2.0,2,2,2,,3,2.0,1.0,2.0,,,,2.0,,,,2,,,,,,2,,,,,,,3,2,,,,,2.0,,,,,,1,1,1,1,2.0,1.0,,0,0,4,5,4,4.0,4,5.0,1,2,0,0.0,2021
Nepal,NPL,South Asia,20742576.0,210179692,0.263544210014897,2,67.0,2,4,1.0,1.0,0,0,0.0,,,2,,,,,,,,,,,,,,,,,,,1.0,1.0,1.0,2.0,2.0,2.0,1.0,2.0,2.0,,,,,,,,,,,2,,,2,2,2,,,,2,2,,2.0,2,2,2,,1,2.0,1.0,2.0,,,,2.0,,,,1,2.0,2.0,,,1.0,2,,,,,,,1,2,2.0,2.0,1.0,,2.0,,,,,,1,1,2,2,2.0,3.0,,0,0,4,2,4,4.0,2,5.0,1,1,0,0.0,2021
Nepal,NPL,South Asia,20742576.0,202862638,1.35690581327429,2,18.0,2,5,2.0,1.0,1,0,1.0,,,2,,,,,,,,,,,,,,,,,,,,2.0,2.0,2.0,2.0,2.0,2.0,1.0,1.0,,,,,,,1.0,1.0,2.0,1.0,1,1.0,,2,1,1,2.0,1.0,,2,2,2.0,2.0,2,2,2,,2,3.0,3.0,2.0,,,,2.0,,,,1,2.0,1.0,1.0,,,3,,,,,,,2,2,,,,,2.0,,,,,,2,3,3,3,,2.0,,0,0,5,4,4,4.0,1,5.0,1,1,1,1.0,2021
Nepal,NPL,South Asia,20742576.0,137886355,0.633006204713712,2,18.0,2,4,2.0,2.0,1,1,0.0,2.0,2.0,2,,,2.0,2.0,2.0,,,,2.0,,2.0,,,,,,,2.0,,,,,,,,,,,,,,,,,,,,2,,,2,2,2,,,,2,2,,2.0,2,2,1,,2,2.0,3.0,2.0,,,,2.0,,,,1,2.0,2.0,,,1.0,2,,,,,,,2,2,,,,,2.0,,,,,,3,1,2,1,4.0,3.0,,0,1,4,4,4,4.0,2,5.0,1,1,0,0.0,2021
Nepal,NPL,South Asia,20742576.0,201263167,0.263544210014897,1,39.0,2,5,1.0,2.0,1,1,0.0,2.0,2.0,1,2.0,,2.0,1.0,2.0,,,,1.0,1.0,1.0,,,,,,1.0,1.0,,,,,,,,,,,,,,,,,,,,2,,,1,1,1,2.0,1.0,,2,2,,2.0,1,2,1,,2,1.0,1.0,1.0,1.0,,,2.0,,,,2,,,,,,1,2.0,1.0,2.0,,,2.0,2,2,,,,,2.0,,,,,,1,1,2,3,3.0,2.0,,0,1,1,4,4,4.0,4,1.0,1,2,1,0.0,2021
Nepal,NPL,South Asia,20742576.0,182198470,2.54154477031113,2,15.0,1,2,2.0,1.0,0,0,0.0,,,2,,,,,,,,,,,,,,,,,,,2.0,1.0,1.0,1.0,1.0,1.0,1.0,1.0,1.0,,,,,,,,,,,2,,,2,2,2,,,,2,2,,2.0,2,1,2,,2,1.0,2.0,2.0,,,,2.0,,,,2,,,,,,2,,,,,,,2,2,,,,,2.0,,,,,,3,3,3,3,,1.0,,0,1,4,4,4,4.0,4,5.0,2,2,0,0.0,2021
Nepal,NPL,South Asia,20742576.0,148063103,1.61536803168086,1,62.0,1,5,2.0,1.0,0,0,0.0,,,2,,,,,,,,,,,,,,,,,,,2.0,2.0,2.0,2.0,2.0,2.0,2.0,1.0,2.0,,,,,,,,,,,2,,,2,2,2,,,,2,2,,2.0,2,2,2,,2,2.0,2.0,2.0,,,,2.0,,,,2,,,,,,2,,,,,,,2,2,,,,,1.0,1.0,2.0,2.0,1.0,,1,1,1,1,1.0,1.0,,0,0,4,4,4,2.0,4,5.0,2,2,0,0.0,2021
Nepal,NPL,South Asia,20742576.0,190243013,0.569076120813622,1,24.0,2,4,1.0,1.0,0,0,0.0,,,2,,,,,,,,,,,,,,,,,,,2.0,1.0,2.0,2.0,2.0,2.0,1.0,1.0,2.0,,,,,,,,,,,2,,,2,2,2,,,,2,2,,2.0,1,2,1,,3,2.0,1.0,2.0,,,,2.0,,,,2,,,,,,2,,,,,,,2,2,,,,,2.0,,,,,,3,1,2,2,2.0,1.0,,0,1,4,4,4,4.0,4,5.0,1,1,0,0.0,2021
Nepal,NPL,South Asia,20742576.0,133724147,0.689939120320085,1,28.0,1,3,2.0,2.0,0,0,0.0,,,2,,,,,,,,,,,,,,,,,,,3.0,1.0,2.0,2.0,2.0,2.0,1.0,2.0,2.0,,,,,,,,,,,2,,,2,2,2,,,,2,2,,2.0,2,2,2,,2,1.0,1.0,2.0,,,,2.0,,,,2,,,,,,2,,,,,,,1,2,2.0,2.0,1.0,,2.0,,,,,,2,1,5,3,2.0,3.0,,0,0,4,2,4,4.0,4,5.0,1,2,0,0.0,2021
Nepal,NPL,South Asia,20742576.0,146216025,0.666363077267008,1,38.0,2,5,1.0,1.0,0,0,0.0,,,2,,,,,,,,,,,,,,,,,,,1.0,1.0,2.0,2.0,2.0,2.0,2.0,2.0,2.0,,,,,,,,,,,2,,,2,2,2,,,,2,2,2.0,2.0,2,2,1,,3,2.0,1.0,2.0,,,,2.0,,,,2,,,,,,2,,,,,,,2,2,,,,,1.0,1.0,2.0,2.0,1.0,,2,2,2,2,2.0,2.0,,0,1,4,4,4,2.0,4,5.0,1,2,0,0.0,2021
Nepal,NPL,South Asia,20742576.0,193367098,1.07247804866934,2,19.0,3,5,1.0,2.0,1,1,1.0,2.0,2.0,1,1.0,2.0,1.0,1.0,1.0,1.0,2.0,1.0,1.0,1.0,1.0,,,,,,1.0,1.0,,,,,,,,,,,,,,,,1.0,1.0,2.0,1.0,1,2.0,,1,1,1,3.0,1.0,,2,2,2.0,2.0,2,2,1,,3,3.0,3.0,1.0,1.0,,,1.0,1.0,,,2,,,,,,2,,,,,,,1,2,2.0,1.0,,,2.0,,,,,,3,3,3,3,,3.0,,1,1,4,1,4,4.0,4,1.0,1,1,1,1.0,2021
Nepal,NPL,South Asia,20742576.0,159934441,1.96072630418319,1,16.0,1,5,2.0,1.0,0,0,0.0,,,2,,,,,,,,,,,,,,,,,,,2.0,2.0,2.0,2.0,2.0,2.0,2.0,1.0,1.0,,,,,,,,,,,2,,,2,2,2,,,,2,2,,2.0,2,2,2,,2,2.0,2.0,2.0,,,,2.0,,,,2,,,,,,2,,,,,,,2,2,,,,,2.0,,,,,,2,2,2,2,2.0,2.0,,0,0,4,4,4,4.0,4,5.0,1,1,0,0.0,2021
Nepal,NPL,South Asia,20742576.0,134959675,1.37987824064017,1,32.0,1,3,1.0,1.0,1,1,0.0,2.0,2.0,2,,,2.0,2.0,2.0,,,,2.0,,2.0,,,,,,,2.0,,,,,,,,,,,,,,,,,,,,2,,,2,2,2,,,,2,2,,2.0,1,1,2,,4,1.0,1.0,2.0,,,,2.0,,,,2,,,,,,2,,,,,,,2,2,,,,,2.0,,,,,,1,1,1,1,2.0,1.0,,0,1,4,4,4,4.0,4,5.0,1,2,0,0.0,2021
Nepal,NPL,South Asia,20742576.0,158228984,0.407346338010988,1,69.0,1,5,1.0,1.0,0,0,0.0,,,2,,,,,,,,,,,,,,,,,,,2.0,1.0,2.0,2.0,2.0,2.0,1.0,1.0,1.0,,,,,,,,,,,2,,,2,2,2,,,,2,2,,2.0,2,2,2,,2,3.0,3.0,2.0,,,,1.0,2.0,2.0,2.0,1,2.0,2.0,,,1.0,2,,,,,,,2,2,,,,,1.0,1.0,2.0,2.0,1.0,,3,3,3,3,,3.0,,0,0,4,4,4,2.0,2,4.0,1,2,0,0.0,2021
Nepal,NPL,South Asia,20742576.0,162081899,0.930104231300106,1,45.0,1,2,2.0,1.0,0,0,0.0,,,2,,,,,,,,,,,,,,,,,,,1.0,2.0,2.0,2.0,2.0,2.0,1.0,2.0,2.0,,,,,,,,,,,2,,,2,2,2,,,,2,2,,2.0,2,2,1,,2,1.0,1.0,2.0,,,,2.0,,,,2,,,,,,2,,,,,,,2,2,,,,,2.0,,,,,,1,1,1,1,4.0,1.0,,0,1,4,4,4,4.0,4,5.0,1,1,0,0.0,2021
Nepal,NPL,South Asia,20742576.0,160320529,1.52448792459955,1,16.0,1,4,2.0,1.0,0,0,0.0,,,2,,,,,,,,,,,,,,,,,,,1.0,2.0,2.0,2.0,2.0,2.0,1.0,2.0,2.0,,,,,,,,,,,2,,,2,2,2,,,,2,2,,2.0,2,2,2,,2,2.0,1.0,2.0,,,,2.0,,,,2,,,,,,2,,,,,,,2,2,,,,,2.0,,,,,,1,1,1,1,4.0,1.0,,0,0,4,4,4,4.0,4,5.0,2,2,0,0.0,2021
Nepal,NPL,South Asia,20742576.0,197810382,1.11469708286264,1,48.0,1,4,1.0,2.0,0,0,0.0,,,2,,,,,,,,,,,,,,,,,,,2.0,2.0,2.0,2.0,2.0,2.0,2.0,1.0,2.0,,,,,,,,,,,2,,,2,2,2,,,,2,2,,2.0,1,2,1,,2,2.0,2.0,2.0,,,,2.0,,,,2,,,,,,2,,,,,,,2,2,,,,,2.0,,,,,,1,1,1,1,2.0,1.0,,0,1,4,4,4,4.0,4,5.0,2,2,0,0.0,2021
Nepal,NPL,South Asia,20742576.0,175618829,0.596258768742582,2,26.0,2,2,1.0,1.0,1,1,0.0,1.0,2.0,1,2.0,,2.0,2.0,1.0,2.0,,1.0,2.0,,2.0,,,,,,,1.0,,,,,,,,,,,,,,,,,,,,2,,,2,2,2,,,,2,2,,2.0,2,2,1,,2,1.0,1.0,2.0,,,,2.0,,,,2,,,,,,2,,,,,,,2,2,,,,,2.0,,,,,,1,1,1,1,1.0,1.0,,0,1,4,4,4,4.0,4,5.0,1,2,0,0.0,2021
Nepal,NPL,South Asia,20742576.0,139858468,1.95423998989708,1,38.0,1,1,1.0,1.0,1,1,0.0,2.0,2.0,2,,,2.0,2.0,2.0,,,,2.0,,2.0,,,,,,,2.0,,,,,,,,,,,,,,,,,,,,2,,,2,2,2,,,,2,1,,2.0,1,2,1,,2,1.0,1.0,2.0,,,,2.0,,,,2,,,,,,2,,,,,,,2,2,,,,,2.0,,,,,,1,1,2,1,4.0,1.0,,1,1,4,4,4,4.0,4,5.0,2,2,0,0.0,2021
Nepal,NPL,South Asia,20742576.0,181271740,2.54081320766592,1,17.0,1,2,1.0,1.0,0,0,0.0,,,2,,,,,,,,,,,,,,,,,,,2.0,2.0,2.0,2.0,2.0,2.0,1.0,2.0,2.0,,,,,,,,,,,2,,,2,2,2,,,,2,2,,2.0,2,2,2,,2,1.0,4.0,2.0,,,,2.0,,,,2,,,,,,2,,,,,,,1,2,2.0,2.0,2.0,2.0,2.0,,,,,,5,5,5,5,,4.0,,0,0,4,3,4,4.0,4,5.0,1,1,0,0.0,2021
Nepal,NPL,South Asia,20742576.0,148151338,0.634296685585055,2,35.0,2,4,1.0,1.0,1,1,0.0,1.0,2.0,1,2.0,,2.0,2.0,2.0,,,,1.0,2.0,1.0,,,,,,1.0,1.0,,,,,,,,,,,,,,,,,,,,2,,,2,2,2,,,,2,1,,2.0,2,2,1,,1,2.0,2.0,2.0,,,,2.0,,,,2,,,,,,1,2.0,1.0,2.0,,,2.0,2,2,,,,,2.0,,,,,,3,2,2,1,3.0,1.0,,1,1,1,4,4,4.0,4,5.0,1,1,1,0.0,2021
Nepal,NPL,South Asia,20742576.0,205888618,0.667458345273165,1,58.0,1,5,2.0,1.0,0,0,0.0,,,2,,,,,,,,,,,,,,,,,,,2.0,1.0,2.0,2.0,2.0,2.0,1.0,1.0,2.0,,,,,,,,,,,2,,,2,2,2,,,,2,2,,2.0,2,2,2,,1,2.0,1.0,2.0,,,,1.0,1.0,,,1,2.0,2.0,,,1.0,2,,,,,,,2,2,,,,,1.0,1.0,2.0,2.0,1.0,,2,2,3,3,2.0,3.0,,0,0,4,4,4,2.0,2,1.0,1,2,0,0.0,2021
Nepal,NPL,South Asia,20742576.0,143465304,1.52464314085325,1,42.0,1,5,1.0,1.0,1,1,0.0,2.0,2.0,2,,,2.0,2.0,2.0,,,,2.0,,2.0,,,,,,,1.0,,,,,,,,,,,,,,,,,,,,2,,,2,2,2,,,,2,2,,2.0,2,2,2,,2,1.0,1.0,2.0,,,,2.0,,,,1,2.0,2.0,,,1.0,2,,,,,,,2,2,,,,,1.0,1.0,2.0,2.0,1.0,,1,1,1,3,2.0,2.0,,0,0,4,4,4,2.0,2,5.0,1,2,0,0.0,2021
Nepal,NPL,South Asia,20742576.0,150338323,0.632747478278382,2,16.0,2,4,2.0,1.0,0,0,0.0,,,2,,,,,,,,,,,,,,,,,,,1.0,2.0,2.0,1.0,2.0,2.0,1.0,2.0,2.0,,,,,,,,,,,2,,,2,2,2,,,,2,2,,2.0,2,2,2,,2,2.0,1.0,2.0,,,,2.0,,,,2,,,,,,2,,,,,,,2,2,,,,,2.0,,,,,,2,2,1,1,2.0,2.0,,0,0,4,4,4,4.0,4,5.0,1,1,0,0.0,2021
Nepal,NPL,South Asia,20742576.0,210719804,2.53380931569112,2,26.0,1,3,1.0,1.0,0,0,0.0,,,2,,,,,,,,,,,,,,,,,,,1.0,2.0,2.0,2.0,2.0,2.0,1.0,1.0,2.0,,,,,,,,,,,2,,,2,2,2,,,,2,2,,2.0,1,2,1,,3,2.0,1.0,2.0,,,,2.0,,,,2,,,,,,2,,,,,,,2,2,,,,,2.0,,,,,,2,1,2,2,2.0,1.0,,0,1,4,4,4,4.0,4,5.0,1,2,0,0.0,2021
Nepal,NPL,South Asia,20742576.0,143649686,1.16144424133653,1,42.0,1,2,1.0,1.0,1,1,0.0,2.0,2.0,2,,,2.0,2.0,2.0,,,,1.0,2.0,2.0,,,,,,,1.0,,,,,,,,,,,,,,,,,,,,2,,,2,2,2,,,,2,1,,1.0,1,2,1,1.0,3,1.0,1.0,2.0,,,,2.0,,,,1,2.0,2.0,,,1.0,2,,,,,,,2,2,,,,,1.0,1.0,2.0,2.0,1.0,,1,1,1,2,2.0,1.0,,1,1,4,4,4,2.0,2,5.0,1,2,0,0.0,2021
Nepal,NPL,South Asia,20742576.0,157632018,1.38968999237555,1,32.0,1,2,1.0,1.0,0,0,0.0,,,2,,,,,,,,,,,,,,,,,,,2.0,2.0,1.0,2.0,2.0,2.0,1.0,2.0,2.0,,,,,,,,,,,2,,,2,2,2,,,,2,2,,2.0,2,2,2,,1,1.0,1.0,2.0,,,,2.0,,,,2,,,,,,2,,,,,,,2,2,,,,,2.0,,,,,,1,1,1,1,4.0,1.0,,0,0,4,4,4,4.0,4,5.0,1,2,0,0.0,2021
Nepal,NPL,South Asia,20742576.0,116751334,0.488145886335943,1,19.0,2,1,1.0,1.0,0,0,0.0,,,2,,,,,,,,,,,,,,,,,,,2.0,2.0,2.0,2.0,2.0,2.0,1.0,2.0,2.0,,,,,,,,,,,2,,,1,1,1,2.0,1.0,,2,2,,2.0,1,2,1,,3,1.0,1.0,2.0,,,,2.0,,,,1,2.0,2.0,,,1.0,2,,,,,,,2,2,,,,,2.0,,,,,,1,1,1,1,4.0,1.0,,0,1,4,4,4,4.0,2,5.0,1,2,0,0.0,2021
Nepal,NPL,South Asia,20742576.0,156610676,0.512412312177345,2,46.0,3,4,1.0,1.0,1,1,0.0,1.0,1.0,1,2.0,,2.0,2.0,2.0,,,,1.0,2.0,2.0,,,,,,,1.0,,,,,,,,,,,,,,,,,,,,2,,,2,2,2,,,,1,1,,2.0,2,2,1,,3,3.0,3.0,1.0,1.0,,,1.0,1.0,,,2,,,,,,2,,,,,,,2,2,,,,,1.0,1.0,2.0,2.0,1.0,,2,2,3,3,5.0,2.0,,1,1,4,4,4,2.0,4,1.0,1,2,1,0.0,2021
Nepal,NPL,South Asia,20742576.0,128249188,1.73835454070457,2,36.0,1,4,1.0,1.0,0,0,0.0,,,2,,,,,,,,,,,,,,,,,,,1.0,1.0,3.0,2.0,2.0,2.0,1.0,2.0,2.0,,,,,,,,,,,2,,,2,2,2,,,,2,2,,2.0,1,1,1,,3,2.0,1.0,2.0,,,,2.0,,,,2,,,,,,1,2.0,2.0,2.0,1.0,,,2,2,,,,,2.0,,,,,,1,1,1,3,1.0,2.0,,1,1,2,4,4,4.0,4,5.0,1,2,0,0.0,2021
Nepal,NPL,South Asia,20742576.0,153562222,0.526683404125232,1,38.0,2,3,1.0,1.0,0,0,0.0,,,2,,,,,,,,,,,,,,,,,,,1.0,2.0,2.0,2.0,2.0,2.0,1.0,2.0,2.0,,,,,,,,,,,2,,,2,2,2,,,,1,1,,2.0,1,1,2,,2,1.0,1.0,2.0,,,,2.0,,,,2,,,,,,2,,,,,,,2,2,,,,,2.0,,,,,,2,1,1,1,4.0,1.0,,1,1,4,4,4,4.0,4,5.0,1,1,0,0.0,2021
Nepal,NPL,South Asia,20742576.0,166208109,1.40063444456905,1,41.0,1,3,1.0,1.0,0,0,0.0,,,2,,,,,,,,,,,,,,,,,,,2.0,2.0,2.0,2.0,2.0,2.0,1.0,2.0,2.0,,,,,,,,,,,2,,,2,2,2,,,,2,2,,1.0,1,2,2,1.0,4,2.0,1.0,2.0,,,,2.0,,,,2,,,,,,1,2.0,2.0,2.0,1.0,,,2,2,,,,,1.0,1.0,2.0,2.0,1.0,,1,1,2,2,2.0,1.0,,1,1,2,4,4,2.0,4,5.0,1,1,0,0.0,2021
Nepal,NPL,South Asia,20742576.0,193651382,1.05647829976555,1,30.0,1,5,1.0,1.0,1,1,0.0,2.0,2.0,2,,,2.0,2.0,2.0,,,,1.0,2.0,2.0,,,,,,,1.0,,,,,,,,,,,,,,,,,,,,2,,,2,2,1,2.0,1.0,,1,2,,2.0,2,2,1,,3,2.0,2.0,2.0,,,,2.0,,,,1,2.0,2.0,,,1.0,2,,,,,,,2,2,,,,,2.0,,,,,,2,1,2,2,2.0,1.0,,1,1,4,4,4,4.0,2,5.0,1,1,0,0.0,2021
Nepal,NPL,South Asia,20742576.0,173813730,0.394534057303257,1,32.0,2,5,1.0,1.0,1,1,1.0,1.0,1.0,1,2.0,,3.0,1.0,2.0,,,,1.0,2.0,1.0,,,,,,2.0,1.0,,,,,,,,,,,,,,,,,,,,2,,,2,2,2,,,,1,1,,2.0,2,2,2,,3,2.0,2.0,2.0,,,,2.0,,,,1,2.0,2.0,,,1.0,1,1.0,1.0,2.0,,,2.0,2,2,,,,,1.0,1.0,2.0,1.0,,,1,1,1,1,3.0,1.0,,1,0,1,4,4,1.0,2,5.0,1,2,1,0.0,2021
Nepal,NPL,South Asia,20742576.0,185074126,1.03313916465748,2,42.0,1,4,1.0,1.0,1,1,0.0,2.0,2.0,2,,,2.0,1.0,2.0,,,,1.0,1.0,1.0,,,,,,1.0,1.0,,,,,,,,,,,,,,,,,,,,2,,,2,2,2,,,,2,2,,2.0,1,2,1,,3,2.0,2.0,2.0,,,,2.0,,,,1,2.0,2.0,,,1.0,2,,,,,,,2,2,,,,,2.0,,,,,,1,1,1,1,2.0,1.0,,1,1,4,4,4,4.0,2,5.0,1,1,0,0.0,2021
Nepal,NPL,South Asia,20742576.0,177838113,0.832477491782507,2,66.0,1,5,2.0,1.0,1,1,0.0,2.0,2.0,2,,,2.0,2.0,2.0,,,,2.0,,1.0,,,,,,2.0,2.0,,,,,,,,,,,,,,,,,,,,2,,,2,2,2,,,,2,2,,2.0,2,2,2,,1,3.0,2.0,2.0,,,,2.0,,,,1,2.0,2.0,,,1.0,2,,,,,,,2,2,,,,,2.0,,,,,,2,1,3,2,2.0,2.0,,0,0,4,4,4,4.0,2,5.0,1,2,0,0.0,2021
Nepal,NPL,South Asia,20742576.0,146321042,0.27867427071566,1,45.0,1,5,2.0,1.0,1,1,0.0,2.0,2.0,2,,,2.0,2.0,2.0,,,,2.0,,2.0,,,,,,,1.0,,,,,,,,,,,,,,,,,,,,2,,,2,2,2,,,,1,1,,2.0,1,1,2,,2,3.0,3.0,1.0,1.0,,,1.0,2.0,2.0,1.0,1,2.0,2.0,,,1.0,2,,,,,,,2,2,,,,,2.0,,,,,,1,1,3,4,2.0,2.0,,1,1,4,4,4,4.0,2,1.0,1,1,1,0.0,2021
Nepal,NPL,South Asia,20742576.0,204171360,0.964558008599436,1,21.0,2,5,2.0,2.0,1,1,0.0,2.0,2.0,1,2.0,,2.0,2.0,2.0,,,,1.0,2.0,2.0,,,,,,,2.0,,,,,,,,,,,,,,,,,,,,2,,,2,2,2,,,,2,2,,2.0,2,2,2,,2,3.0,3.0,2.0,,,,2.0,,,,2,,,,,,2,,,,,,,2,2,,,,,2.0,,,,,,3,2,3,3,,3.0,,0,0,4,4,4,4.0,4,5.0,1,1,0,0.0,2021
Nepal,NPL,South Asia,20742576.0,198124907,0.865154069108737,1,50.0,1,3,2.0,1.0,1,1,0.0,2.0,1.0,2,,,2.0,2.0,2.0,,,,2.0,,2.0,,,,,,,2.0,,,,,,,,,,,,,,,,,,,,2,,,2,2,2,,,,2,2,,2.0,1,2,1,,1,1.0,1.0,2.0,,,,2.0,,,,1,2.0,2.0,,,1.0,2,,,,,,,2,2,,,,,1.0,1.0,2.0,2.0,1.0,,1,1,3,1,1.0,3.0,,0,1,4,4,4,2.0,2,5.0,1,2,0,0.0,2021
Nepal,NPL,South Asia,20742576.0,131314053,1.72379212755905,2,50.0,1,4,1.0,1.0,0,0,0.0,,,2,,,,,,,,,,,,,,,,,,,1.0,2.0,2.0,2.0,2.0,2.0,1.0,1.0,2.0,,,,,,,,,,,2,,,2,2,2,,,,2,2,,2.0,2,2,2,,2,2.0,2.0,2.0,,,,2.0,,,,1,2.0,2.0,,,1.0,2,,,,,,,2,2,,,,,2.0,,,,,,3,1,2,2,3.0,1.0,,0,0,4,4,4,4.0,2,5.0,1,1,0,0.0,2021
Nepal,NPL,South Asia,20742576.0,165863946,2.83160028258982,2,19.0,1,3,1.0,1.0,0,0,0.0,,,2,,,,,,,,,,,,,,,,,,,1.0,2.0,2.0,2.0,2.0,2.0,1.0,2.0,2.0,,,,,,,,,,,2,,,2,2,2,,,,2,2,,2.0,2,2,2,,2,2.0,1.0,2.0,,,,2.0,,,,1,2.0,2.0,,,1.0,2,,,,,,,2,2,,,,,2.0,,,,,,3,2,3,4,,3.0,,0,0,4,4,4,4.0,2,5.0,1,1,0,0.0,2021
Nepal,NPL,South Asia,20742576.0,135727176,0.925183306364204,2,40.0,1,3,1.0,1.0,1,1,0.0,2.0,2.0,2,,,2.0,2.0,2.0,,,,2.0,,2.0,,,,,,,1.0,,,,,,,,,,,,,,,,,,,,2,,,2,2,2,,,,2,1,,2.0,2,1,1,,2,1.0,4.0,2.0,,,,2.0,,,,1,2.0,2.0,,,1.0,1,2.0,2.0,2.0,1.0,,,3,2,,,,,1.0,1.0,2.0,2.0,1.0,,2,2,2,2,4.0,1.0,,1,1,2,5,4,2.0,2,5.0,1,2,0,0.0,2021
Nepal,NPL,South Asia,20742576.0,126486682,1.63038567502625,1,27.0,1,4,1.0,1.0,1,1,0.0,2.0,2.0,2,,,2.0,2.0,2.0,,,,2.0,,2.0,,,,,,,2.0,,,,,,,,,,,,,,,,,,,,2,,,2,2,2,,,,2,2,,1.0,1,1,1,1.0,3,1.0,1.0,1.0,1.0,,,1.0,2.0,1.0,2.0,2,,,,,,2,,,,,,,2,2,,,,,2.0,,,,,,1,1,1,1,3.0,1.0,,1,1,4,4,4,4.0,4,1.0,1,2,1,0.0,2021
Nepal,NPL,South Asia,20742576.0,147525700,0.263544210014897,2,39.0,2,1,1.0,2.0,1,1,0.0,2.0,2.0,2,,,2.0,2.0,2.0,,,,2.0,,2.0,,,,,,,1.0,,,,,,,,,,,,,,,,,,,,2,,,2,2,2,,,,2,2,,2.0,2,2,2,,3,3.0,3.0,2.0,,,,2.0,,,,2,,,,,,2,,,,,,,2,2,,,,,1.0,1.0,2.0,2.0,1.0,,1,1,2,2,4.0,1.0,,0,1,4,4,4,2.0,4,5.0,1,1,0,0.0,2021
Nepal,NPL,South Asia,20742576.0,151871431,1.61536803168086,1,62.0,1,1,1.0,1.0,0,0,0.0,,,2,,,,,,,,,,,,,,,,,,,2.0,2.0,2.0,2.0,2.0,2.0,1.0,2.0,2.0,,,,,,,,,,,2,,,2,2,2,,,,2,2,,1.0,2,2,2,2.0,4,1.0,4.0,2.0,,,,2.0,,,,2,,,,,,2,,,,,,,2,2,,,,,2.0,,,,,,1,1,1,4,1.0,2.0,,1,0,4,4,4,4.0,4,5.0,2,2,0,0.0,2021
Nepal,NPL,South Asia,20742576.0,166675132,0.394534057303257,1,30.0,2,4,1.0,1.0,1,1,0.0,2.0,2.0,1,1.0,2.0,2.0,1.0,2.0,,,,1.0,2.0,2.0,,,,,,,1.0,,,,,,,,,,,,,,,,,,,,2,,,2,2,2,,,,1,2,,2.0,2,1,2,,1,1.0,1.0,2.0,,,,2.0,,,,2,,,,,,2,,,,,,,2,2,,,,,2.0,,,,,,2,2,2,2,1.0,2.0,,1,1,4,4,4,4.0,4,5.0,1,1,1,0.0,2021
Nepal,NPL,South Asia,20742576.0,167981815,0.934604992392805,1,30.0,2,2,2.0,1.0,0,0,0.0,,,2,,,,,,,,,,,,,,,,,,,1.0,1.0,1.0,2.0,2.0,2.0,1.0,2.0,2.0,,,,,,,,,,,2,,,2,2,2,,,,2,2,,2.0,2,2,2,,2,2.0,2.0,2.0,,,,2.0,,,,2,,,,,,2,,,,,,,2,2,,,,,2.0,,,,,,2,2,2,2,2.0,2.0,,0,0,4,4,4,4.0,4,5.0,1,2,0,0.0,2021
Nepal,NPL,South Asia,20742576.0,161410856,1.05501034118952,2,23.0,2,4,1.0,1.0,1,1,0.0,2.0,2.0,1,2.0,,2.0,2.0,2.0,,,,1.0,2.0,1.0,,,,,,3.0,1.0,,,,,,,,,,,,,,,,,,,,2,,,2,2,2,,,,2,1,,2.0,2,2,2,,1,2.0,1.0,2.0,,,,2.0,,,,1,2.0,2.0,,,1.0,2,,,,,,,2,2,,,,,2.0,,,,,,5,2,2,2,2.0,1.0,,1,0,4,4,4,4.0,2,5.0,1,1,0,0.0,2021
Nepal,NPL,South Asia,20742576.0,139782525,1.13942008917856,1,32.0,1,2,1.0,1.0,0,0,0.0,,,2,,,,,,,,,,,,,,,,,,,1.0,2.0,2.0,2.0,1.0,2.0,1.0,2.0,1.0,,,,,,,,,,,2,,,2,2,2,,,,1,2,,1.0,1,2,2,1.0,5,2.0,4.0,2.0,,,,2.0,,,,1,2.0,2.0,,,1.0,2,,,,,,,2,2,,,,,1.0,1.0,2.0,2.0,1.0,,2,2,2,2,4.0,3.0,,1,1,4,4,4,2.0,2,5.0,1,2,0,0.0,2021
Nepal,NPL,South Asia,20742576.0,156284309,0.269338090905908,1,71.0,1,2,2.0,1.0,1,1,0.0,2.0,1.0,2,,,2.0,2.0,2.0,,,,2.0,,2.0,,,,,,,2.0,,,,,,,,,,,,,,,,,,,,2,,,2,2,2,,,,2,2,,2.0,1,2,1,,2,1.0,1.0,2.0,,,,2.0,,,,2,,,,,,2,,,,,,,2,2,,,,,2.0,,,,,,1,1,2,3,2.0,1.0,,0,1,4,4,4,4.0,4,5.0,2,2,0,0.0,2021
Nepal,NPL,South Asia,20742576.0,114761609,1.13942008917856,1,32.0,1,5,2.0,2.0,0,0,0.0,,,2,,,,,,,,,,,,,,,,,,,2.0,1.0,2.0,2.0,2.0,2.0,1.0,1.0,1.0,,,,,,,,,,,2,,,2,2,2,,,,2,2,,2.0,2,2,1,,2,3.0,2.0,2.0,,,,2.0,,,,2,,,,,,2,,,,,,,2,2,,,,,2.0,,,,,,2,2,3,2,2.0,2.0,,0,1,4,4,4,4.0,4,5.0,1,1,0,0.0,2021
Nepal,NPL,South Asia,20742576.0,125446416,0.263544210014897,1,59.0,1,4,2.0,1.0,1,1,0.0,2.0,1.0,2,,,2.0,2.0,2.0,,,,1.0,2.0,1.0,,,,,,2.0,2.0,,,,,,,,,,,,,,,,,,,,2,,,2,2,2,,,,2,2,,2.0,2,2,2,,7,,,2.0,,,,2.0,,,,1,2.0,2.0,,,1.0,2,,,,,,,1,2,2.0,2.0,2.0,2.0,2.0,,,,,,1,1,5,3,1.0,1.0,,0,0,4,3,4,4.0,2,5.0,1,2,0,0.0,2021
Nepal,NPL,South Asia,20742576.0,123656641,0.317739643614183,1,22.0,2,4,2.0,2.0,1,1,1.0,1.0,1.0,1,2.0,,1.0,1.0,2.0,,,,2.0,,1.0,,,,,,2.0,2.0,,,,,,,,,,,,,,,,1.0,1.0,2.0,2.0,2,,,2,1,2,,,,2,2,2.0,2.0,2,2,2,,3,3.0,3.0,1.0,1.0,,,2.0,,,,1,2.0,2.0,,,1.0,2,,,,,,,2,2,,,,,2.0,,,,,,1,1,1,3,1.0,1.0,,0,0,4,4,4,4.0,2,1.0,1,2,1,0.0,2021
Nepal,NPL,South Asia,20742576.0,176900482,2.15476977996452,2,28.0,1,4,1.0,1.0,1,1,0.0,1.0,2.0,2,,,2.0,2.0,2.0,,,,2.0,,2.0,,,,,,,2.0,,,,,,,,,,,,,,,,,,,,2,,,2,2,2,,,,2,2,,1.0,2,2,2,2.0,3,2.0,2.0,1.0,1.0,,,2.0,,,,1,1.0,2.0,1.0,,,1,2.0,2.0,2.0,1.0,,,2,2,,,,,2.0,,,,,,2,1,2,2,4.0,2.0,,1,0,2,4,4,4.0,1,1.0,1,1,1,0.0,2021
Nepal,NPL,South Asia,20742576.0,199208766,1.29165795258367,2,28.0,3,4,1.0,2.0,1,1,0.0,1.0,2.0,1,1.0,1.0,1.0,1.0,2.0,,,,1.0,1.0,1.0,,,,,,1.0,1.0,,,,,,,,,,,,,,,,,,,,2,2.0,,1,1,2,,,,2,1,,2.0,2,2,1,,1,3.0,2.0,1.0,2.0,2.0,1.0,1.0,2.0,1.0,2.0,1,2.0,1.0,2.0,,,1,2.0,1.0,2.0,,,2.0,2,2,,,,,2.0,,,,,,2,1,2,3,2.0,1.0,,1,1,1,4,4,4.0,1,2.0,1,1,1,1.0,2021
Nepal,NPL,South Asia,20742576.0,154120252,0.263544210014897,1,50.0,2,5,1.0,1.0,1,1,0.0,1.0,1.0,1,2.0,,2.0,2.0,2.0,,,,1.0,2.0,1.0,,,,,,2.0,1.0,,,,,,,,,,,,,,,,,,,,2,,,2,2,2,,,,2,2,,2.0,2,2,2,,1,3.0,2.0,2.0,,,,1.0,1.0,,,1,1.0,2.0,1.0,,,2,,,,,,,2,2,,,,,1.0,2.0,2.0,2.0,1.0,,3,3,3,2,,2.0,,0,0,4,4,4,2.0,1,1.0,1,1,1,0.0,2021
Nepal,NPL,South Asia,20742576.0,203449519,0.375794890730972,1,70.0,1,3,2.0,1.0,1,1,0.0,1.0,1.0,2,,,1.0,2.0,2.0,,,,1.0,2.0,1.0,,,,,,2.0,2.0,,,,,,,,,,,,,,,,,,,,2,,,2,2,2,,,,2,1,,2.0,1,2,2,,2,1.0,1.0,2.0,,,,2.0,,,,1,2.0,2.0,,,1.0,2,,,,,,,1,1,1.0,2.0,,,2.0,,,,,,1,1,1,1,1.0,1.0,,1,1,4,1,1,4.0,2,5.0,2,2,1,0.0,2021
Nepal,NPL,South Asia,20742576.0,120355999,0.861105301722445,2,25.0,3,5,1.0,2.0,1,1,0.0,1.0,2.0,1,1.0,1.0,2.0,1.0,2.0,,,,1.0,1.0,1.0,,,,,,1.0,1.0,,,,,,,,,,,,,,,,,,,,2,2.0,,2,1,1,1.0,1.0,,2,2,,2.0,1,2,2,,4,2.0,1.0,1.0,1.0,,,1.0,1.0,,,2,,,,,,2,,,,,,,2,2,,,,,2.0,,,,,,2,2,2,1,2.0,1.0,,1,1,4,4,4,4.0,4,1.0,1,1,1,1.0,2021
Nepal,NPL,South Asia,20742576.0,155759916,1.20569751074929,1,23.0,2,2,1.0,1.0,0,0,0.0,,,2,,,,,,,,,,,,,,,,,,,1.0,1.0,2.0,1.0,2.0,2.0,1.0,1.0,2.0,,,,,,,,,,,2,,,2,2,2,,,,2,2,,2.0,2,2,2,,4,2.0,1.0,2.0,,,,2.0,,,,2,,,,,,2,,,,,,,2,2,,,,,2.0,,,,,,1,1,2,2,2.0,1.0,,0,0,4,4,4,4.0,4,5.0,2,2,0,0.0,2021
Nepal,NPL,South Asia,20742576.0,183657882,2.32431018254143,1,52.0,1,5,1.0,1.0,0,0,0.0,,,2,,,,,,,,,,,,,,,,,,,2.0,2.0,2.0,2.0,2.0,2.0,1.0,1.0,2.0,,,,,,,,,,,2,,,2,2,2,,,,2,2,,2.0,2,2,2,,2,1.0,4.0,2.0,,,,2.0,,,,2,,,,,,2,,,,,,,2,2,,,,,1.0,1.0,2.0,2.0,1.0,,1,1,1,1,4.0,1.0,,0,0,4,4,4,2.0,4,5.0,2,2,0,0.0,2021
Nepal,NPL,South Asia,20742576.0,122245027,0.380539327503102,2,65.0,1,4,1.0,2.0,0,0,0.0,,,2,,,,,,,,,,,,,,,,,,,1.0,2.0,2.0,2.0,1.0,2.0,1.0,2.0,2.0,,,,,,,,,,,2,,,2,2,2,,,,2,2,,2.0,1,2,1,,3,3.0,2.0,2.0,,,,2.0,,,,1,2.0,2.0,,,1.0,2,,,,,,,2,2,,,,,2.0,,,,,,2,2,2,3,2.0,3.0,,0,1,4,4,4,4.0,2,5.0,1,2,0,0.0,2021
Nepal,NPL,South Asia,20742576.0,120162927,1.51491104091736,1,44.0,2,1,2.0,1.0,1,1,0.0,2.0,2.0,2,,,1.0,2.0,2.0,,,,2.0,,2.0,,,,,,,1.0,,,,,,,,,,,,,,,,,,,,3,,,2,2,2,,,,1,1,,2.0,2,1,1,,1,2.0,2.0,2.0,,,,2.0,,,,2,,,,,,2,,,,,,,2,2,,,,,2.0,,,,,,2,2,2,2,2.0,2.0,,1,1,4,4,4,4.0,4,5.0,1,2,1,0.0,2021
Nepal,NPL,South Asia,20742576.0,115614459,1.59665417613686,2,32.0,1,2,1.0,1.0,0,0,0.0,,,2,,,,,,,,,,,,,,,,,,,1.0,2.0,2.0,2.0,2.0,2.0,1.0,2.0,2.0,,,,,,,,,,,2,,,2,2,2,,,,2,2,,2.0,1,2,1,,3,1.0,1.0,2.0,,,,2.0,,,,1,2.0,2.0,,,1.0,1,2.0,2.0,2.0,1.0,,,2,2,,,,,2.0,,,,,,1,1,1,2,2.0,1.0,,0,1,2,4,4,4.0,2,5.0,2,2,0,0.0,2021
Nepal,NPL,South Asia,20742576.0,178102102,1.0569104218037,1,46.0,1,4,2.0,2.0,1,1,0.0,2.0,2.0,2,,,2.0,2.0,2.0,,,,2.0,,1.0,,,,,,1.0,1.0,,,,,,,,,,,,,,,,,,,,2,,,2,2,2,,,,2,2,,2.0,1,1,2,,1,2.0,1.0,2.0,,,,2.0,,,,1,2.0,2.0,,,1.0,2,,,,,,,2,2,,,,,2.0,,,,,,2,2,2,4,1.0,2.0,,0,1,4,4,4,4.0,2,5.0,1,1,0,0.0,2021
Nepal,NPL,South Asia,20742576.0,210330473,0.855704154506814,1,40.0,2,5,1.0,2.0,1,1,0.0,2.0,2.0,1,2.0,,1.0,1.0,2.0,,,,1.0,1.0,1.0,,,,,,1.0,1.0,,,,,,,,,,,,,,,,,,,,2,,,1,1,1,1.0,2.0,,2,1,2.0,1.0,1,1,1,1.0,1,3.0,3.0,1.0,1.0,,,1.0,1.0,,,1,1.0,2.0,2.0,,,2,,,,,,,3,2,,,,,2.0,,,,,,3,2,3,3,,2.0,,1,1,4,5,4,4.0,1,1.0,1,1,1,1.0,2021
Nepal,NPL,South Asia,20742576.0,159751483,0.689446262537218,2,52.0,1,1,1.0,1.0,0,0,0.0,,,2,,,,,,,,,,,,,,,,,,,2.0,2.0,2.0,2.0,2.0,2.0,1.0,2.0,2.0,,,,,,,,,,,2,,,2,2,2,,,,2,2,,2.0,2,2,1,,7,,,2.0,,,,2.0,,,,1,2.0,2.0,,,3.0,1,2.0,2.0,2.0,1.0,,,3,2,,,,,1.0,1.0,2.0,2.0,1.0,,1,1,1,1,2.0,2.0,,0,1,2,5,4,2.0,3,5.0,1,2,0,0.0,2021
Nepal,NPL,South Asia,20742576.0,201695154,0.59177887188957,2,24.0,2,1,1.0,1.0,0,0,0.0,,,2,,,,,,,,,,,,,,,,,,,1.0,2.0,2.0,2.0,2.0,2.0,1.0,1.0,1.0,,,,,,,,,,,2,,,2,2,2,,,,2,2,,2.0,2,2,2,,3,3.0,3.0,2.0,,,,2.0,,,,1,2.0,2.0,,,1.0,1,2.0,2.0,2.0,1.0,,,2,2,,,,,2.0,,,,,,3,3,3,3,,3.0,,0,0,2,4,4,4.0,2,5.0,1,1,0,0.0,2021
Nepal,NPL,South Asia,20742576.0,134086154,1.13003732971853,2,24.0,1,5,1.0,1.0,0,0,0.0,,,2,,,,,,,,,,,,,,,,,,,2.0,2.0,2.0,1.0,2.0,2.0,2.0,2.0,2.0,,,,,,,,,,,2,,,2,2,2,,,,2,2,,2.0,1,2,1,,3,2.0,2.0,2.0,,,,2.0,,,,1,2.0,2.0,,,1.0,2,,,,,,,2,2,,,,,2.0,,,,,,2,1,2,2,2.0,1.0,,0,1,4,4,4,4.0,2,5.0,1,1,0,0.0,2021
Nepal,NPL,South Asia,20742576.0,196118896,2.09419878161959,2,27.0,1,1,1.0,1.0,1,1,0.0,,,2,,,,,,,,,,,,,,,,,,,,2.0,2.0,2.0,2.0,2.0,1.0,2.0,2.0,,,,,,,,,,,2,,,2,2,2,,,,1,2,,2.0,1,1,1,,3,1.0,1.0,2.0,,,,2.0,,,,1,2.0,2.0,,,1.0,1,2.0,2.0,2.0,1.0,,,1,2,1.0,2.0,,,2.0,,,,,,1,1,2,1,4.0,2.0,,1,1,2,1,4,4.0,2,5.0,1,2,1,0.0,2021
Nepal,NPL,South Asia,20742576.0,156177539,0.695151685806979,1,21.0,2,1,1.0,1.0,1,1,0.0,2.0,2.0,2,,,2.0,2.0,2.0,,,,1.0,2.0,1.0,,,,,,2.0,2.0,,,,,,,,,,,,,,,,,,,,2,,,2,2,2,,,,2,2,,2.0,2,2,2,,2,2.0,2.0,1.0,1.0,,,1.0,1.0,,,1,2.0,2.0,,,1.0,2,,,,,,,2,2,,,,,1.0,1.0,2.0,2.0,1.0,,3,3,3,3,,2.0,,0,0,4,4,4,2.0,2,1.0,1,1,1,0.0,2021
Nepal,NPL,South Asia,20742576.0,195154390,0.394534057303257,1,26.0,2,2,1.0,1.0,0,0,0.0,,,2,,,,,,,,,,,,,,,,,,,2.0,2.0,2.0,2.0,2.0,2.0,1.0,2.0,2.0,,,,,,,,,,,2,,,2,2,2,,,,2,2,,2.0,1,1,2,,8,,,2.0,,,,1.0,2.0,2.0,2.0,2,,,,,,2,,,,,,,2,2,,,,,2.0,,,,,,1,1,2,2,1.0,2.0,,0,1,4,4,4,4.0,4,4.0,1,2,0,0.0,2021
Nepal,NPL,South Asia,20742576.0,172585608,1.84958625414255,1,19.0,3,5,1.0,1.0,1,1,1.0,1.0,1.0,1,2.0,,1.0,1.0,2.0,,,,1.0,2.0,1.0,,,,,,1.0,1.0,,,,,,,,,,,,,,,,1.0,1.0,2.0,1.0,1,2.0,,1,1,1,1.0,2.0,,1,1,1.0,2.0,2,2,1,,3,3.0,3.0,2.0,,,,1.0,1.0,,,2,,,,,,1,2.0,1.0,2.0,,,2.0,2,2,,,,,2.0,,,,,,3,1,2,2,2.0,1.0,,1,1,1,4,4,4.0,4,1.0,1,1,1,1.0,2021
Nepal,NPL,South Asia,20742576.0,151300649,0.422004136475808,2,21.0,2,4,2.0,1.0,1,1,0.0,,,1,1.0,2.0,2.0,2.0,2.0,,,,2.0,,1.0,,,,,,1.0,2.0,,,,,,,,,,,,,,,,,,,,2,,,1,1,1,3.0,2.0,,2,2,2.0,2.0,2,2,1,,2,2.0,2.0,1.0,1.0,,,1.0,1.0,,,1,2.0,1.0,2.0,,,1,1.0,1.0,2.0,,,2.0,1,1,1.0,2.0,,,1.0,1.0,2.0,2.0,1.0,,3,3,3,3,,2.0,,0,1,1,1,1,2.0,1,1.0,1,1,1,1.0,2021
Nepal,NPL,South Asia,20742576.0,150595934,1.39458610952486,1,52.0,1,2,1.0,1.0,0,0,0.0,,,2,,,,,,,,,,,,,,,,,,,2.0,2.0,2.0,1.0,2.0,2.0,1.0,1.0,2.0,,,,,,,,,,,2,,,2,2,2,,,,2,1,,2.0,1,1,1,,2,1.0,1.0,2.0,,,,1.0,2.0,1.0,2.0,1,2.0,2.0,,,1.0,2,,,,,,,2,2,,,,,1.0,1.0,2.0,2.0,1.0,,1,1,1,1,1.0,3.0,,1,1,4,4,4,2.0,2,3.0,1,2,0,0.0,2021
Nepal,NPL,South Asia,20742576.0,147551093,0.929724073016573,1,50.0,1,1,2.0,1.0,1,1,0.0,2.0,1.0,2,,,2.0,2.0,2.0,,,,1.0,2.0,1.0,,,,,,2.0,2.0,,,,,,,,,,,,,,,,,,,,2,,,2,2,2,,,,2,2,,2.0,2,2,2,,8,,,2.0,,,,2.0,,,,2,,,,,,2,,,,,,,1,2,1.0,2.0,,,2.0,,,,,,3,2,2,3,3.0,2.0,,0,0,4,1,4,4.0,4,5.0,1,2,1,0.0,2021
Nepal,NPL,South Asia,20742576.0,168499426,0.901929362205871,1,61.0,1,2,1.0,1.0,1,1,0.0,2.0,2.0,2,,,2.0,2.0,2.0,,,,2.0,,2.0,,,,,,,1.0,,,,,,,,,,,,,,,,,,,,2,,,2,2,2,,,,2,2,,2.0,2,2,2,,2,1.0,1.0,2.0,,,,2.0,,,,2,,,,,,2,,,,,,,2,2,,,,,2.0,,,,,,1,1,1,1,1.0,1.0,,0,0,4,4,4,4.0,4,5.0,1,2,0,0.0,2021
Nepal,NPL,South Asia,20742576.0,141259281,0.263544210014897,1,49.0,2,1,2.0,2.0,1,1,0.0,2.0,2.0,2,,,2.0,2.0,2.0,,,,2.0,,2.0,,,,,,,2.0,,,,,,,,,,,,,,,,,,,,2,,,2,2,2,,,,2,2,,2.0,2,2,2,,4,1.0,1.0,2.0,,,,2.0,,,,2,,,,,,2,,,,,,,2,2,,,,,2.0,,,,,,2,2,2,3,1.0,1.0,,0,0,4,4,4,4.0,4,5.0,1,2,0,0.0,2021
Nepal,NPL,South Asia,20742576.0,149144325,0.859440872551461,2,33.0,3,4,1.0,1.0,1,1,0.0,1.0,1.0,1,2.0,,1.0,1.0,2.0,,,,1.0,2.0,1.0,,,,,,1.0,1.0,,,,,,,,,,,,,,,,,,,,2,,,2,2,2,,,,2,2,,2.0,2,2,2,,3,2.0,1.0,2.0,,,,2.0,,,,1,2.0,2.0,,,1.0,1,2.0,1.0,2.0,,,2.0,2,2,,,,,2.0,,,,,,2,2,2,3,2.0,2.0,,0,0,1,4,4,4.0,2,5.0,1,1,1,0.0,2021
Nepal,NPL,South Asia,20742576.0,125342720,0.679768329212634,1,53.0,1,1,2.0,1.0,0,0,0.0,,,2,,,,,,,,,,,,,,,,,,,2.0,2.0,2.0,2.0,2.0,2.0,1.0,2.0,2.0,,,,,,,,,,,2,,,2,2,2,,,,2,2,,2.0,2,2,2,,3,1.0,1.0,2.0,,,,2.0,,,,2,,,,,,2,,,,,,,2,2,,,,,2.0,,,,,,1,1,1,1,1.0,1.0,,0,0,4,4,4,4.0,4,5.0,1,2,0,0.0,2021
Nepal,NPL,South Asia,20742576.0,206880870,1.20569751074929,1,23.0,2,1,1.0,1.0,0,0,0.0,,,2,,,,,,,,,,,,,,,,,,,1.0,1.0,2.0,2.0,2.0,2.0,1.0,1.0,1.0,,,,,,,,,,,2,,,2,2,2,,,,2,2,,2.0,2,2,2,,2,2.0,1.0,2.0,,,,1.0,2.0,2.0,1.0,2,,,,,,2,,,,,,,2,2,,,,,2.0,,,,,,2,1,2,1,2.0,3.0,,0,0,4,4,4,4.0,4,2.0,1,1,0,0.0,2021
Nepal,NPL,South Asia,20742576.0,180548725,2.03265056613273,1,20.0,1,1,1.0,1.0,0,0,0.0,,,2,,,,,,,,,,,,,,,,,,,2.0,2.0,2.0,1.0,2.0,2.0,2.0,1.0,2.0,,,,,,,,,,,2,,,2,2,2,,,,2,2,,2.0,1,2,2,,2,2.0,1.0,2.0,,,,2.0,,,,2,,,,,,2,,,,,,,2,2,,,,,2.0,,,,,,2,1,1,1,2.0,1.0,,0,1,4,4,4,4.0,4,5.0,2,1,0,0.0,2021
Nepal,NPL,South Asia,20742576.0,128014277,0.337484450238219,1,46.0,1,5,2.0,1.0,1,1,0.0,2.0,2.0,2,,,1.0,1.0,2.0,,,,1.0,2.0,1.0,,,,,,2.0,1.0,,,,,,,,,,,,,,,,,,,,2,,,2,2,2,,,,1,1,,2.0,2,1,2,,2,3.0,3.0,1.0,2.0,1.0,2.0,2.0,,,,1,2.0,1.0,1.0,,,2,,,,,,,2,2,,,,,1.0,1.0,1.0,2.0,,,2,2,2,2,1.0,2.0,,1,1,4,4,4,1.0,1,3.0,1,1,1,0.0,2021
Nepal,NPL,South Asia,20742576.0,189750620,2.83160028258982,2,15.0,1,5,2.0,1.0,1,0,1.0,,,2,,,,,,,,,,,,,,,,,,,,2.0,2.0,2.0,2.0,2.0,2.0,1.0,1.0,,,,,,,1.0,1.0,2.0,1.0,1,1.0,,1,1,1,3.0,1.0,,2,2,1.0,1.0,2,2,2,2.0,1,3.0,2.0,1.0,1.0,,,1.0,1.0,,,1,2.0,1.0,2.0,,,2,,,,,,,1,2,2.0,2.0,1.0,,2.0,,,,,,3,3,3,3,,3.0,,1,0,4,2,4,4.0,1,1.0,1,1,1,1.0,2021
Nepal,NPL,South Asia,20742576.0,113682295,2.47305368612076,2,64.0,1,4,1.0,2.0,1,1,0.0,2.0,2.0,2,,,2.0,2.0,2.0,,,,1.0,1.0,1.0,,,,,,1.0,1.0,,,,,,,,,,,,,,,,,,,,2,,,2,2,2,,,,1,1,,2.0,2,2,2,,1,2.0,2.0,2.0,,,,1.0,1.0,,,1,2.0,2.0,,,1.0,2,,,,,,,2,2,,,,,1.0,1.0,2.0,2.0,1.0,,2,2,2,2,2.0,2.0,,1,0,4,4,4,2.0,2,1.0,1,2,1,0.0,2021
Nepal,NPL,South Asia,20742576.0,173177154,1.27647626104963,2,18.0,2,4,1.0,1.0,1,0,1.0,,,2,,,,,,,,,,,,,,,,,,,,1.0,2.0,2.0,2.0,2.0,1.0,1.0,1.0,,,,,,,1.0,1.0,2.0,1.0,2,,,2,1,2,,,,2,2,1.0,2.0,2,2,2,,2,1.0,1.0,2.0,,,,2.0,,,,2,,,,,,2,,,,,,,2,2,,,,,2.0,,,,,,2,1,2,2,2.0,1.0,,1,0,4,4,4,4.0,4,5.0,1,1,1,0.0,2021
Nepal,NPL,South Asia,20742576.0,140683786,0.894013988429117,2,62.0,1,4,2.0,2.0,0,0,0.0,,,2,,,,,,,,,,,,,,,,,,,1.0,1.0,1.0,2.0,1.0,2.0,1.0,1.0,1.0,,,,,,,,,,,2,,,2,2,2,,,,2,2,,2.0,2,2,2,,2,3.0,2.0,2.0,,,,2.0,,,,2,,,,,,2,,,,,,,2,2,,,,,2.0,,,,,,2,1,3,3,1.0,1.0,,0,0,4,4,4,4.0,4,5.0,1,1,0,0.0,2021
Nepal,NPL,South Asia,20742576.0,171863923,1.20095443359358,1,35.0,1,2,1.0,1.0,0,0,0.0,,,2,,,,,,,,,,,,,,,,,,,2.0,1.0,2.0,1.0,2.0,2.0,2.0,2.0,2.0,,,,,,,,,,,2,,,2,2,2,,,,2,2,,2.0,2,2,2,,3,1.0,1.0,2.0,,,,2.0,,,,2,,,,,,2,,,,,,,2,2,,,,,2.0,,,,,,3,1,1,2,4.0,1.0,,0,0,4,4,4,4.0,4,5.0,2,2,0,0.0,2021
Nepal,NPL,South Asia,20742576.0,168988950,0.496662529863758,2,58.0,1,3,2.0,1.0,1,1,0.0,2.0,2.0,2,,,2.0,2.0,2.0,,,,2.0,,1.0,,,,,,2.0,2.0,,,,,,,,,,,,,,,,,,,,2,,,2,2,2,,,,2,2,,2.0,1,1,1,,2,1.0,4.0,2.0,,,,2.0,,,,2,,,,,,2,,,,,,,2,2,,,,,2.0,,,,,,1,1,2,1,2.0,3.0,,0,1,4,4,4,4.0,4,5.0,2,2,0,0.0,2021
Nepal,NPL,South Asia,20742576.0,174424105,0.590538666163818,1,56.0,1,1,1.0,1.0,0,0,0.0,,,2,,,,,,,,,,,,,,,,,,,2.0,2.0,2.0,2.0,2.0,1.0,1.0,2.0,2.0,,,,,,,,,,,2,,,2,2,2,,,,2,2,,2.0,2,2,2,,2,1.0,1.0,2.0,,,,2.0,,,,2,,,,,,2,,,,,,,2,2,,,,,2.0,,,,,,1,3,2,1,4.0,2.0,,0,0,4,4,4,4.0,4,5.0,1,2,0,0.0,2021
Nepal,NPL,South Asia,20742576.0,193368170,2.30139987910923,2,26.0,1,1,1.0,1.0,0,0,0.0,,,2,,,,,,,,,,,,,,,,,,,1.0,2.0,2.0,2.0,2.0,2.0,1.0,2.0,2.0,,,,,,,,,,,2,,,2,2,2,,,,2,2,,2.0,1,2,1,,3,3.0,3.0,2.0,,,,2.0,,,,2,,,,,,2,,,,,,,2,2,,,,,2.0,,,,,,3,1,1,3,2.0,2.0,,0,1,4,4,4,4.0,4,5.0,1,2,0,0.0,2021
Nepal,NPL,South Asia,20742576.0,202285663,0.494758163721739,2,71.0,1,4,2.0,1.0,1,1,0.0,2.0,2.0,2,,,2.0,2.0,2.0,,,,1.0,2.0,1.0,,,,,,2.0,2.0,,,,,,,,,,,,,,,,,,,,2,,,2,2,2,,,,2,2,,1.0,2,2,2,2.0,2,2.0,2.0,2.0,,,,1.0,1.0,,,1,2.0,2.0,,,1.0,2,,,,,,,2,2,,,,,2.0,,,,,,2,2,2,3,2.0,2.0,,1,0,4,4,4,4.0,2,1.0,1,2,1,0.0,2021
Nepal,NPL,South Asia,20742576.0,142615440,1.41316039027258,2,19.0,2,3,1.0,2.0,1,1,0.0,1.0,1.0,2,,,2.0,2.0,2.0,,,,1.0,1.0,1.0,,,,,,1.0,1.0,,,,,,,,,,,,,,,,,,,,2,,,2,2,1,2.0,1.0,,2,2,,2.0,2,1,2,,3,2.0,1.0,2.0,,,,2.0,,,,1,2.0,2.0,,,1.0,2,,,,,,,2,2,,,,,1.0,1.0,2.0,2.0,1.0,,3,3,2,3,,2.0,,0,1,4,4,4,2.0,2,5.0,1,1,0,0.0,2021
Nepal,NPL,South Asia,20742576.0,118079998,0.525582542364698,1,34.0,1,5,1.0,1.0,1,1,0.0,1.0,1.0,1,2.0,,2.0,2.0,2.0,,,,1.0,2.0,1.0,,,,,,2.0,1.0,,,,,,,,,,,,,,,,,,,,2,,,2,2,2,,,,1,1,,2.0,1,2,1,,2,2.0,4.0,2.0,,,,2.0,,,,2,,,,,,2,,,,,,,2,2,,,,,2.0,,,,,,1,1,2,1,4.0,1.0,,1,1,4,4,4,4.0,4,5.0,1,1,0,0.0,2021
Nepal,NPL,South Asia,20742576.0,167353722,1.16163893359296,2,18.0,2,5,2.0,2.0,1,0,1.0,,,2,,,,,,,,,,,,,,,,,,,,2.0,2.0,2.0,2.0,2.0,2.0,1.0,2.0,,,,,,,1.0,1.0,2.0,2.0,2,,,1,1,2,,,,2,2,2.0,2.0,2,2,1,,2,1.0,1.0,2.0,,,,2.0,,,,1,2.0,2.0,,,1.0,2,,,,,,,2,2,,,,,2.0,,,,,,1,1,1,1,4.0,3.0,,0,1,4,4,4,4.0,2,5.0,1,1,1,0.0,2021
Nepal,NPL,South Asia,20742576.0,111709885,1.4594048321311,2,55.0,1,1,1.0,1.0,0,0,0.0,,,2,,,,,,,,,,,,,,,,,,,2.0,2.0,2.0,1.0,2.0,2.0,2.0,1.0,1.0,,,,,,,,,,,2,,,2,2,2,,,,2,2,,2.0,1,2,1,,2,1.0,1.0,2.0,,,,2.0,,,,2,,,,,,1,2.0,2.0,2.0,1.0,,,2,2,,,,,2.0,,,,,,1,1,1,1,1.0,1.0,,0,1,2,4,4,4.0,4,5.0,1,2,0,0.0,2021
Nepal,NPL,South Asia,20742576.0,166648884,0.515305388653094,1,26.0,2,1,1.0,1.0,0,0,0.0,,,2,,,,,,,,,,,,,,,,,,,2.0,1.0,2.0,2.0,2.0,2.0,2.0,2.0,2.0,,,,,,,,,,,2,,,2,2,2,,,,2,2,,1.0,2,2,2,1.0,1,2.0,1.0,2.0,,,,2.0,,,,1,2.0,2.0,,,1.0,2,,,,,,,2,2,,,,,1.0,1.0,2.0,2.0,1.0,,2,2,2,2,2.0,1.0,,1,1,4,4,4,2.0,2,5.0,1,2,0,0.0,2021
Nepal,NPL,South Asia,20742576.0,178139331,1.20569751074929,1,18.0,2,3,1.0,1.0,0,0,0.0,,,2,,,,,,,,,,,,,,,,,,,2.0,1.0,2.0,1.0,2.0,2.0,2.0,2.0,2.0,,,,,,,,,,,2,,,2,2,2,,,,2,2,,2.0,2,2,2,,2,3.0,2.0,2.0,,,,2.0,,,,2,,,,,,2,,,,,,,2,2,,,,,2.0,,,,,,2,1,2,2,2.0,4.0,,0,0,4,4,4,4.0,4,5.0,1,1,0,0.0,2021
Nepal,NPL,South Asia,20742576.0,151724623,0.889914557897542,2,68.0,1,2,1.0,1.0,1,1,0.0,1.0,2.0,2,,,2.0,2.0,2.0,,,,2.0,,2.0,,,,,,,2.0,,,,,,,,,,,,,,,,,,,,2,,,2,2,2,,,,2,2,,2.0,2,1,1,,3,3.0,3.0,2.0,,,,2.0,,,,2,,,,,,2,,,,,,,2,2,,,,,1.0,1.0,2.0,2.0,1.0,,2,2,3,3,1.0,3.0,,0,1,4,4,4,2.0,4,5.0,1,2,0,0.0,2021
Nepal,NPL,South Asia,20742576.0,150469578,1.04134010472135,2,50.0,1,3,1.0,1.0,1,1,0.0,1.0,2.0,2,,,2.0,2.0,2.0,,,,1.0,2.0,1.0,,,,,,2.0,1.0,,,,,,,,,,,,,,,,,,,,2,,,2,2,2,,,,2,2,,2.0,2,2,2,,2,3.0,2.0,2.0,,,,2.0,,,,2,,,,,,2,,,,,,,2,2,,,,,1.0,1.0,2.0,2.0,1.0,,2,3,3,2,1.0,2.0,,0,0,4,4,4,2.0,4,5.0,1,1,0,0.0,2021
Nepal,NPL,South Asia,20742576.0,131395141,0.580819466796479,2,22.0,2,5,2.0,2.0,1,1,1.0,,,1,2.0,,1.0,1.0,2.0,,,,1.0,1.0,1.0,,,,,,1.0,1.0,,,,,,,,,,,,,,,,1.0,2.0,2.0,1.0,1,1.0,,1,1,2,,,,2,2,2.0,2.0,2,2,1,,1,1.0,1.0,1.0,1.0,,,2.0,,,,2,,,,,,2,,,,,,,2,2,,,,,2.0,,,,,,2,1,2,2,2.0,2.0,,0,1,4,4,4,4.0,4,1.0,1,1,1,1.0,2021
Nepal,NPL,South Asia,20742576.0,129572432,0.755388764310493,1,57.0,1,5,1.0,1.0,0,0,0.0,,,2,,,,,,,,,,,,,,,,,,,2.0,2.0,2.0,2.0,2.0,2.0,1.0,2.0,2.0,,,,,,,,,,,2,,,2,2,2,,,,2,2,,2.0,2,2,1,,2,2.0,1.0,2.0,,,,2.0,,,,1,2.0,2.0,,,1.0,2,,,,,,,2,2,,,,,2.0,,,,,,2,1,3,3,1.0,3.0,,0,1,4,4,4,4.0,2,5.0,1,1,0,0.0,2021
Nepal,NPL,South Asia,20742576.0,154304940,1.26142834539199,1,32.0,1,3,1.0,1.0,1,1,0.0,1.0,2.0,2,,,2.0,2.0,2.0,,,,2.0,,2.0,,,,,,,2.0,,,,,,,,,,,,,,,,,,,,2,,,2,2,2,,,,2,2,,2.0,2,1,1,,3,2.0,2.0,2.0,,,,2.0,,,,1,1.0,2.0,1.0,,,1,2.0,2.0,2.0,1.0,,,2,2,,,,,2.0,,,,,,1,1,1,2,2.0,1.0,,1,1,2,4,4,4.0,1,5.0,1,2,1,0.0,2021
Nepal,NPL,South Asia,20742576.0,159838797,0.450964681102935,1,67.0,1,1,2.0,2.0,1,1,0.0,2.0,2.0,1,2.0,,2.0,2.0,2.0,,,,2.0,,2.0,,,,,,,2.0,,,,,,,,,,,,,,,,,,,,2,,,2,2,2,,,,2,2,,2.0,1,2,1,,8,,,2.0,,,,2.0,,,,2,,,,,,2,,,,,,,2,2,,,,,2.0,,,,,,2,1,1,3,2.0,3.0,,0,1,4,4,4,4.0,4,5.0,2,2,0,0.0,2021
Nepal,NPL,South Asia,20742576.0,187641864,1.50677299841548,1,34.0,1,2,1.0,1.0,1,1,0.0,2.0,2.0,2,,,2.0,2.0,2.0,,,,2.0,,2.0,,,,,,,2.0,,,,,,,,,,,,,,,,,,,,2,,,2,2,2,,,,2,2,,2.0,2,2,1,,2,2.0,1.0,2.0,,,,2.0,,,,2,,,,,,2,,,,,,,2,2,,,,,1.0,1.0,2.0,2.0,1.0,,2,2,2,2,2.0,3.0,,0,1,4,4,4,2.0,4,5.0,1,1,0,0.0,2021
Nepal,NPL,South Asia,20742576.0,187748464,1.50426324875061,2,73.0,1,4,1.0,2.0,1,1,0.0,,,2,,,,,,,,,,,,,,,,,,,,2.0,1.0,1.0,2.0,1.0,1.0,1.0,1.0,,,,,,,,,,,2,,,2,2,2,,,,2,2,,2.0,2,2,2,,2,1.0,1.0,2.0,,,,2.0,,,,1,2.0,2.0,,,1.0,1,2.0,2.0,2.0,2.0,2.0,,1,2,1.0,2.0,,,2.0,,,,,,2,1,2,2,1.0,3.0,,0,0,3,1,4,4.0,2,5.0,1,2,1,0.0,2021
Nepal,NPL,South Asia,20742576.0,131478171,1.09701045523947,2,71.0,1,2,1.0,1.0,1,1,0.0,2.0,1.0,2,,,2.0,2.0,2.0,,,,2.0,,2.0,,,,,,,1.0,,,,,,,,,,,,,,,,,,,,2,,,2,2,2,,,,2,2,,2.0,1,2,1,,2,1.0,1.0,2.0,,,,2.0,,,,1,2.0,2.0,,,1.0,2,,,,,,,1,2,1.0,2.0,,,2.0,,,,,,1,1,1,3,1.0,1.0,,0,1,4,1,4,4.0,2,5.0,1,2,1,0.0,2021
Nepal,NPL,South Asia,20742576.0,144888669,1.74245840038944,2,18.0,2,5,2.0,2.0,1,1,1.0,1.0,2.0,1,1.0,2.0,1.0,1.0,2.0,,,,2.0,,2.0,,,,,,,1.0,,,,,,,,,,,,,,,,2.0,1.0,2.0,1.0,2,,,1,1,2,,,,1,2,2.0,2.0,2,2,2,,3,3.0,3.0,2.0,,,,2.0,,,,2,,,,,,1,2.0,1.0,2.0,,,2.0,2,2,,,,,2.0,,,,,,3,2,3,3,,3.0,,1,0,1,4,4,4.0,4,5.0,1,1,1,0.0,2021
Nepal,NPL,South Asia,20742576.0,194400088,0.263544210014897,1,29.0,2,5,1.0,1.0,1,1,0.0,2.0,2.0,2,,,2.0,2.0,2.0,,,,1.0,2.0,1.0,,,,,,2.0,2.0,,,,,,,,,,,,,,,,,,,,2,,,2,2,2,,,,2,2,,2.0,2,2,2,,8,,,2.0,,,,2.0,,,,2,,,,,,2,,,,,,,2,2,,,,,2.0,,,,,,2,2,2,2,1.0,1.0,,0,0,4,4,4,4.0,4,5.0,1,2,0,0.0,2021
Nepal,NPL,South Asia,20742576.0,134863247,0.263544210014897,1,29.0,2,4,1.0,1.0,0,0,0.0,,,2,,,,,,,,,,,,,,,,,,,2.0,2.0,2.0,2.0,2.0,2.0,2.0,2.0,1.0,,,,,,,,,,,2,,,2,2,2,,,,2,2,,2.0,2,2,2,,2,3.0,2.0,2.0,,,,2.0,,,,1,2.0,2.0,,,1.0,2,,,,,,,2,2,,,,,1.0,1.0,2.0,2.0,1.0,,2,2,3,3,2.0,2.0,,0,0,4,4,4,2.0,2,5.0,1,1,0,0.0,2021
Nepal,NPL,South Asia,20742576.0,117236758,1.03823007195571,2,35.0,1,1,2.0,1.0,0,0,0.0,,,2,,,,,,,,,,,,,,,,,,,1.0,2.0,2.0,2.0,2.0,2.0,1.0,2.0,2.0,,,,,,,,,,,2,,,2,2,2,,,,2,2,,2.0,1,2,1,,3,1.0,1.0,2.0,,,,2.0,,,,2,,,,,,2,,,,,,,2,2,,,,,2.0,,,,,,2,1,1,3,1.0,1.0,,0,1,4,4,4,4.0,4,5.0,1,2,0,0.0,2021
Nepal,NPL,South Asia,20742576.0,135607994,1.61623665487361,2,39.0,1,4,1.0,2.0,1,1,0.0,2.0,2.0,2,,,2.0,2.0,2.0,,,,2.0,,2.0,,,,,,,2.0,,,,,,,,,,,,,,,,,,,,2,,,2,2,2,,,,2,2,,2.0,2,2,2,,3,1.0,1.0,2.0,,,,2.0,,,,2,,,,,,1,2.0,2.0,2.0,1.0,,,2,2,,,,,2.0,,,,,,1,1,2,3,2.0,1.0,,0,0,2,4,4,4.0,4,5.0,1,2,0,0.0,2021
Nepal,NPL,South Asia,20742576.0,145711331,2.3058568664544,2,30.0,1,5,1.0,1.0,0,0,0.0,,,2,,,,,,,,,,,,,,,,,,,2.0,2.0,2.0,2.0,2.0,2.0,2.0,1.0,2.0,,,,,,,,,,,2,,,2,2,2,,,,2,2,,2.0,2,2,1,,2,1.0,1.0,2.0,,,,2.0,,,,2,,,,,,1,2.0,2.0,2.0,2.0,2.0,,3,2,,,,,2.0,,,,,,3,2,1,2,3.0,2.0,,0,1,3,5,4,4.0,4,5.0,1,1,0,0.0,2021
Nepal,NPL,South Asia,20742576.0,116272119,1.53426658607282,2,25.0,1,1,1.0,2.0,1,1,0.0,2.0,1.0,2,,,2.0,2.0,2.0,,,,1.0,2.0,2.0,,,,,,,2.0,,,,,,,,,,,,,,,,,,,,2,,,2,2,2,,,,2,2,,2.0,2,2,1,,2,1.0,1.0,2.0,,,,2.0,,,,2,,,,,,1,2.0,1.0,2.0,,,2.0,2,2,,,,,2.0,,,,,,1,1,2,2,2.0,1.0,,0,1,1,4,4,4.0,4,5.0,1,1,1,0.0,2021
Nepal,NPL,South Asia,20742576.0,167183389,1.06446010882785,1,20.0,2,4,1.0,1.0,0,0,0.0,,,2,,,,,,,,,,,,,,,,,,,1.0,2.0,2.0,1.0,2.0,2.0,2.0,1.0,3.0,,,,,,,,,,,2,,,2,2,2,,,,2,2,,2.0,2,2,2,,2,1.0,1.0,2.0,,,,2.0,,,,2,,,,,,2,,,,,,,2,2,,,,,2.0,,,,,,1,1,2,1,2.0,1.0,,0,0,4,4,4,4.0,4,5.0,1,1,0,0.0,2021
Nepal,NPL,South Asia,20742576.0,135678058,0.522373459246182,1,23.0,2,5,2.0,2.0,1,1,0.0,2.0,2.0,1,1.0,2.0,1.0,2.0,2.0,,,,1.0,2.0,1.0,,,,,,2.0,2.0,,,,,,,,,,,,,,,,,,,,2,,,2,2,2,,,,2,2,,2.0,2,2,2,,2,2.0,2.0,2.0,,,,2.0,,,,2,,,,,,2,,,,,,,2,2,,,,,2.0,,,,,,2,2,1,1,4.0,1.0,,0,0,4,4,4,4.0,4,5.0,1,2,1,0.0,2021
Nepal,NPL,South Asia,20742576.0,135794022,1.35953665842527,1,54.0,1,1,1.0,1.0,0,0,0.0,,,2,,,,,,,,,,,,,,,,,,,2.0,2.0,2.0,1.0,2.0,2.0,1.0,2.0,1.0,,,,,,,,,,,2,,,2,2,2,,,,2,2,,2.0,2,2,2,,4,2.0,1.0,2.0,,,,2.0,,,,2,,,,,,2,,,,,,,2,2,,,,,2.0,,,,,,1,1,1,1,1.0,2.0,,0,0,4,4,4,4.0,4,5.0,1,2,0,0.0,2021
Nepal,NPL,South Asia,20742576.0,139871460,0.263544210014897,1,16.0,1,5,1.0,1.0,0,0,0.0,,,2,,,,,,,,,,,,,,,,,,,2.0,1.0,2.0,1.0,2.0,2.0,1.0,1.0,1.0,,,,,,,,,,,2,,,2,2,2,,,,2,2,,2.0,2,2,2,,3,2.0,2.0,2.0,,,,2.0,,,,2,,,,,,2,,,,,,,2,2,,,,,2.0,,,,,,3,3,3,3,,2.0,,0,0,4,4,4,4.0,4,5.0,2,2,0,0.0,2021
Nepal,NPL,South Asia,20742576.0,199566815,0.365920442037941,2,73.0,2,5,1.0,2.0,1,1,0.0,1.0,1.0,2,,,2.0,2.0,2.0,,,,2.0,,2.0,,,,,,,1.0,,,,,,,,,,,,,,,,,,,,2,,,2,2,2,,,,2,2,,2.0,2,2,2,,2,2.0,2.0,2.0,,,,2.0,,,,2,,,,,,2,,,,,,,1,2,1.0,2.0,,,2.0,,,,,,3,3,3,3,,3.0,,1,0,4,1,4,4.0,4,5.0,1,1,1,0.0,2021
Nepal,NPL,South Asia,20742576.0,166572165,2.56027179354364,1,47.0,1,4,1.0,2.0,1,1,0.0,2.0,2.0,2,,,2.0,2.0,2.0,,,,1.0,2.0,1.0,,,,,,1.0,1.0,,,,,,,,,,,,,,,,,,,,1,1.0,,2,2,2,,,,2,2,,2.0,2,2,1,,2,2.0,2.0,2.0,,,,1.0,1.0,,,1,1.0,2.0,2.0,,,2,,,,,,,2,2,,,,,2.0,,,,,,2,1,2,3,2.0,2.0,,0,1,4,4,4,4.0,1,1.0,2,2,1,1.0,2021
Nepal,NPL,South Asia,20742576.0,205103526,0.598946227374183,2,60.0,1,2,2.0,1.0,0,0,0.0,,,2,,,,,,,,,,,,,,,,,,,3.0,3.0,3.0,3.0,3.0,3.0,1.0,2.0,3.0,,,,,,,,,,,2,,,2,2,2,,,,2,2,,2.0,2,2,2,,4,1.0,1.0,2.0,,,,1.0,2.0,1.0,2.0,2,,,,,,1,2.0,2.0,2.0,1.0,,,2,2,,,,,1.0,1.0,2.0,2.0,1.0,,1,1,1,2,1.0,1.0,,0,1,2,4,4,2.0,4,3.0,2,2,0,0.0,2021
Nepal,NPL,South Asia,20742576.0,192436163,0.564808927613444,1,28.0,1,5,2.0,1.0,0,0,0.0,,,2,,,,,,,,,,,,,,,,,,,3.0,2.0,2.0,2.0,2.0,3.0,1.0,2.0,2.0,,,,,,,,,,,2,,,2,2,2,,,,2,2,,2.0,2,2,1,,2,1.0,1.0,2.0,,,,2.0,,,,2,,,,,,1,2.0,2.0,2.0,1.0,,,2,2,,,,,2.0,,,,,,1,1,1,2,1.0,1.0,,0,1,2,4,4,4.0,4,5.0,1,2,0,0.0,2021
Nepal,NPL,South Asia,20742576.0,177357741,0.353290097568145,2,24.0,2,5,1.0,1.0,1,0,1.0,,,2,,,,,,,,,,,,,,,,,,,,2.0,2.0,2.0,1.0,2.0,2.0,1.0,1.0,,,,,,,2.0,2.0,2.0,1.0,1,1.0,,1,1,2,,,,2,2,2.0,2.0,2,2,1,,3,3.0,3.0,2.0,,,,2.0,,,,1,2.0,1.0,2.0,,,1,2.0,2.0,2.0,1.0,,,2,2,,,,,2.0,,,,,,3,3,3,3,,2.0,,0,1,2,4,4,4.0,1,5.0,1,1,1,1.0,2021
Nepal,NPL,South Asia,20742576.0,134110518,0.355965823159017,2,70.0,1,1,1.0,1.0,1,1,0.0,2.0,2.0,2,,,2.0,2.0,2.0,,,,2.0,,1.0,,,,,,2.0,1.0,,,,,,,,,,,,,,,,,,,,2,,,2,2,2,,,,2,2,,2.0,2,2,2,,2,2.0,1.0,2.0,,,,2.0,,,,2,,,,,,2,,,,,,,2,1,1.0,2.0,,,2.0,,,,,,1,1,1,1,3.0,1.0,,0,0,4,4,1,4.0,4,5.0,2,2,1,0.0,2021
Nepal,NPL,South Asia,20742576.0,204584064,0.263544210014897,2,18.0,2,5,2.0,1.0,0,0,0.0,,,2,,,,,,,,,,,,,,,,,,,1.0,2.0,2.0,2.0,2.0,2.0,1.0,1.0,2.0,,,,,,,,,,,2,,,2,2,2,,,,2,2,,2.0,2,2,2,,2,3.0,2.0,2.0,,,,2.0,,,,2,,,,,,2,,,,,,,2,2,,,,,1.0,1.0,2.0,2.0,1.0,,3,3,3,3,,3.0,,0,0,4,4,4,2.0,4,5.0,1,1,0,0.0,2021
Nepal,NPL,South Asia,20742576.0,146034516,0.486982281129422,2,28.0,2,4,2.0,1.0,1,1,0.0,2.0,2.0,1,1.0,1.0,2.0,2.0,2.0,,,,2.0,,2.0,,,,,,,1.0,,,,,,,,,,,,,,,,,,,,2,1.0,,2,1,2,,,,2,1,2.0,2.0,2,1,1,,2,1.0,1.0,1.0,1.0,,,2.0,,,,2,,,,,,2,,,,,,,2,2,,,,,2.0,,,,,,1,1,3,3,2.0,1.0,,1,1,4,4,4,4.0,4,1.0,1,1,1,1.0,2021
Nepal,NPL,South Asia,20742576.0,155640558,0.411757225183557,1,56.0,1,5,1.0,1.0,0,0,0.0,,,2,,,,,,,,,,,,,,,,,,,1.0,1.0,1.0,1.0,2.0,2.0,1.0,1.0,1.0,,,,,,,,,,,2,,,2,2,2,,,,2,2,,2.0,2,2,2,,2,3.0,3.0,2.0,,,,2.0,,,,2,,,,,,2,,,,,,,2,2,,,,,1.0,1.0,2.0,2.0,1.0,,3,1,3,4,,3.0,,0,0,4,4,4,2.0,4,5.0,1,2,0,0.0,2021
Nepal,NPL,South Asia,20742576.0,147085737,0.569076120813622,1,23.0,2,2,1.0,1.0,1,1,0.0,2.0,2.0,2,,,1.0,2.0,2.0,,,,1.0,2.0,1.0,,,,,,2.0,1.0,,,,,,,,,,,,,,,,,,,,2,,,1,2,2,,,,2,2,,2.0,2,2,1,,6,2.0,2.0,2.0,,,,2.0,,,,2,,,,,,2,,,,,,,2,2,,,,,1.0,3.0,2.0,2.0,1.0,,3,2,2,3,2.0,2.0,,0,1,4,4,4,2.0,4,5.0,1,1,1,0.0,2021
Nepal,NPL,South Asia,20742576.0,206709555,0.771327256848464,1,40.0,1,2,1.0,1.0,1,1,0.0,2.0,1.0,2,,,2.0,2.0,2.0,,,,1.0,2.0,2.0,,,,,,,2.0,,,,,,,,,,,,,,,,,,,,2,,,2,2,2,,,,2,2,,1.0,2,2,1,1.0,2,1.0,1.0,2.0,,,,2.0,,,,1,2.0,2.0,,,1.0,2,,,,,,,1,2,1.0,2.0,,,1.0,1.0,2.0,2.0,1.0,,2,1,2,2,2.0,2.0,,1,1,4,1,4,2.0,2,5.0,2,2,1,0.0,2021
Nepal,NPL,South Asia,20742576.0,125860390,1.70684786236243,1,53.0,1,4,2.0,2.0,1,1,0.0,2.0,2.0,2,,,2.0,2.0,2.0,,,,2.0,,2.0,,,,,,,2.0,,,,,,,,,,,,,,,,,,,,2,,,2,2,2,,,,2,2,,2.0,1,2,1,,2,1.0,1.0,2.0,,,,2.0,,,,2,,,,,,2,,,,,,,2,2,,,,,2.0,,,,,,2,2,2,3,1.0,1.0,,0,1,4,4,4,4.0,4,5.0,1,2,0,0.0,2021
Nepal,NPL,South Asia,20742576.0,175574315,0.794330063903398,1,17.0,2,2,1.0,1.0,1,1,0.0,2.0,1.0,2,,,2.0,2.0,2.0,,,,1.0,2.0,1.0,,,,,,2.0,1.0,,,,,,,,,,,,,,,,,,,,2,,,2,2,2,,,,1,1,,1.0,2,2,2,2.0,2,1.0,1.0,2.0,,,,1.0,1.0,,,1,2.0,2.0,,,1.0,2,,,,,,,1,2,1.0,2.0,,,1.0,1.0,2.0,2.0,1.0,,1,1,2,2,4.0,1.0,,1,0,4,1,4,2.0,2,1.0,1,1,1,0.0,2021
Nepal,NPL,South Asia,20742576.0,178880737,1.19789245474837,2,71.0,1,3,1.0,1.0,1,1,0.0,1.0,1.0,2,,,2.0,2.0,2.0,,,,2.0,,1.0,,,,,,2.0,2.0,,,,,,,,,,,,,,,,,,,,2,,,2,2,2,,,,2,2,,2.0,2,2,2,,2,1.0,1.0,2.0,,,,2.0,,,,1,2.0,2.0,,,1.0,2,,,,,,,1,2,1.0,2.0,,,2.0,,,,,,3,3,3,3,,3.0,,0,1,4,1,4,4.0,2,5.0,2,2,1,0.0,2021
Nepal,NPL,South Asia,20742576.0,122465837,1.05987029270444,2,22.0,2,3,2.0,1.0,1,1,0.0,2.0,2.0,2,,,2.0,2.0,2.0,,,,1.0,2.0,2.0,,,,,,,1.0,,,,,,,,,,,,,,,,,,,,2,,,2,2,2,,,,2,2,,2.0,2,2,2,,3,2.0,3.0,2.0,,,,1.0,2.0,2.0,2.0,2,,,,,,2,,,,,,,2,2,,,,,2.0,,,,,,3,3,3,3,,3.0,,1,1,4,4,4,4.0,4,4.0,1,2,0,0.0,2021
Nepal,NPL,South Asia,20742576.0,139075667,0.893765255928975,1,28.0,2,3,1.0,1.0,1,1,0.0,2.0,2.0,2,,,2.0,2.0,2.0,,,,2.0,,2.0,,,,,,,2.0,,,,,,,,,,,,,,,,,,,,2,,,2,2,2,,,,1,2,,2.0,2,2,1,,2,2.0,1.0,2.0,,,,2.0,,,,2,,,,,,2,,,,,,,2,2,,,,,2.0,,,,,,1,1,3,3,2.0,2.0,,1,1,4,4,4,4.0,4,5.0,1,1,0,0.0,2021
Nepal,NPL,South Asia,20742576.0,120855806,1.30167513090168,2,53.0,1,3,1.0,2.0,0,0,0.0,,,2,,,,,,,,,,,,,,,,,,,2.0,2.0,2.0,2.0,2.0,2.0,1.0,1.0,2.0,,,,,,,,,,,2,,,2,2,2,,,,2,2,,2.0,1,1,1,,2,2.0,1.0,1.0,1.0,,,2.0,,,,2,,,,,,2,,,,,,,2,2,,,,,2.0,,,,,,2,2,2,2,2.0,1.0,,0,1,4,4,4,4.0,4,1.0,1,2,0,0.0,2021
Nepal,NPL,South Asia,20742576.0,146129595,1.06123635953371,1,32.0,1,5,1.0,1.0,1,1,0.0,2.0,1.0,2,,,2.0,2.0,2.0,,,,1.0,1.0,2.0,,,,,,,1.0,,,,,,,,,,,,,,,,,,,,2,,,2,2,2,,,,1,2,,2.0,2,1,2,,2,3.0,2.0,2.0,,,,2.0,,,,1,2.0,2.0,,,1.0,2,,,,,,,2,2,,,,,2.0,,,,,,1,1,3,1,4.0,1.0,,1,1,4,4,4,4.0,2,5.0,1,2,0,0.0,2021
Nepal,NPL,South Asia,20742576.0,135596182,0.285234718168938,1,40.0,2,4,2.0,2.0,1,1,0.0,2.0,2.0,2,,,1.0,1.0,2.0,,,,1.0,1.0,1.0,,,,,,2.0,2.0,,,,,,,,,,,,,,,,,,,,2,,,2,2,2,,,,2,2,,2.0,1,2,1,,2,1.0,4.0,2.0,,,,2.0,,,,1,1.0,2.0,1.0,,,2,,,,,,,2,2,,,,,2.0,,,,,,1,1,1,2,2.0,1.0,,0,1,4,4,4,4.0,1,5.0,1,1,1,0.0,2021
Nepal,NPL,South Asia,20742576.0,159115716,1.61536803168086,1,75.0,1,2,1.0,1.0,1,1,0.0,,,2,,,,,,,,,,,,,,,,,,,,1.0,3.0,1.0,3.0,1.0,1.0,3.0,3.0,,,,,,,,,,,2,,,2,2,2,,,,2,2,,2.0,2,2,2,,8,,,2.0,,,,2.0,,,,2,,,,,,2,,,,,,,1,2,1.0,3.0,,,2.0,,,,,,2,1,2,6,2.0,1.0,,0,0,4,1,4,4.0,4,5.0,2,3,1,0.0,2021
Nepal,NPL,South Asia,20742576.0,188137301,0.438676691435685,2,27.0,2,4,1.0,1.0,0,0,0.0,,,2,,,,,,,,,,,,,,,,,,,1.0,2.0,2.0,2.0,2.0,2.0,2.0,1.0,2.0,,,,,,,,,,,2,,,2,2,2,,,,2,2,,2.0,2,2,1,,1,3.0,3.0,1.0,1.0,,,1.0,2.0,1.0,1.0,1,2.0,2.0,,,1.0,2,,,,,,,2,2,,,,,1.0,1.0,2.0,2.0,1.0,,1,1,1,3,3.0,1.0,,0,1,4,4,4,2.0,2,1.0,1,1,0,0.0,2021
Nepal,NPL,South Asia,20742576.0,143400314,0.385818228809499,2,42.0,2,1,1.0,1.0,1,1,0.0,1.0,2.0,2,,,2.0,1.0,1.0,1.0,2.0,1.0,1.0,2.0,1.0,,,,,,2.0,2.0,,,,,,,,,,,,,,,,,,,,2,,,2,2,2,,,,1,2,,2.0,2,2,1,,2,1.0,3.0,2.0,,,,2.0,,,,1,2.0,2.0,,,1.0,1,1.0,1.0,2.0,,,2.0,2,2,,,,,1.0,1.0,2.0,2.0,2.0,2.0,1,1,1,1,1.0,1.0,,1,1,1,4,4,3.0,2,5.0,1,2,1,0.0,2021
Nepal,NPL,South Asia,20742576.0,167188323,0.438676691435685,2,28.0,2,5,1.0,1.0,1,1,0.0,2.0,2.0,1,2.0,,2.0,2.0,2.0,,,,2.0,,2.0,,,,,,,1.0,,,,,,,,,,,,,,,,,,,,2,,,2,2,2,,,,2,2,,2.0,2,2,1,,6,1.0,1.0,2.0,,,,2.0,,,,1,2.0,2.0,,,1.0,2,,,,,,,2,2,,,,,2.0,,,,,,1,1,1,1,2.0,1.0,,1,1,4,4,4,4.0,2,5.0,1,1,0,0.0,2021
Nepal,NPL,South Asia,20742576.0,112233761,0.34757584290349,1,20.0,2,5,1.0,2.0,0,0,0.0,,,2,,,,,,,,,,,,,,,,,,,2.0,2.0,2.0,2.0,1.0,2.0,1.0,2.0,2.0,,,,,,,,,,,2,,,2,2,2,,,,2,2,,2.0,2,2,2,,5,1.0,1.0,2.0,,,,1.0,1.0,,,2,,,,,,2,,,,,,,2,2,,,,,1.0,1.0,2.0,2.0,1.0,,2,3,3,3,,3.0,,0,0,4,4,4,2.0,4,1.0,1,2,0,0.0,2021
Nepal,NPL,South Asia,20742576.0,148480642,0.741399397903385,1,72.0,1,3,2.0,2.0,1,1,0.0,2.0,1.0,2,,,2.0,2.0,2.0,,,,1.0,2.0,1.0,,,,,,2.0,1.0,,,,,,,,,,,,,,,,,,,,2,,,2,2,2,,,,2,2,,2.0,2,2,2,,7,,,2.0,,,,2.0,,,,2,,,,,,2,,,,,,,2,2,,,,,2.0,,,,,,1,1,3,3,1.0,3.0,,0,0,4,4,4,4.0,4,5.0,2,2,0,0.0,2021
Nepal,NPL,South Asia,20742576.0,199315002,0.933756296379364,1,39.0,1,4,1.0,2.0,0,0,0.0,,,2,,,,,,,,,,,,,,,,,,,1.0,2.0,2.0,2.0,2.0,2.0,1.0,2.0,1.0,,,,,,,,,,,2,,,2,2,2,,,,2,2,,2.0,2,2,2,,3,1.0,1.0,2.0,,,,1.0,2.0,1.0,1.0,2,,,,,,1,2.0,2.0,2.0,1.0,,,2,2,,,,,2.0,,,,,,2,2,1,2,3.0,2.0,,0,0,2,4,4,4.0,4,2.0,1,2,0,0.0,2021
Nepal,NPL,South Asia,20742576.0,139101430,0.30851450448412,1,50.0,1,5,2.0,1.0,1,1,0.0,1.0,1.0,2,,,2.0,2.0,2.0,,,,1.0,1.0,1.0,,,,,,2.0,1.0,,,,,,,,,,,,,,,,,,,,2,,,2,2,2,,,,1,1,,2.0,2,1,2,,3,1.0,1.0,2.0,,,,2.0,,,,2,,,,,,2,,,,,,,2,2,,,,,2.0,,,,,,1,1,1,3,1.0,2.0,,1,1,4,4,4,4.0,4,5.0,1,1,0,0.0,2021
Nepal,NPL,South Asia,20742576.0,130494776,0.290616774042975,1,36.0,2,5,1.0,1.0,1,1,0.0,2.0,2.0,2,,,2.0,2.0,2.0,,,,2.0,,2.0,,,,,,,1.0,,,,,,,,,,,,,,,,,,,,2,,,2,2,2,,,,2,2,,2.0,2,2,1,,3,2.0,1.0,2.0,,,,2.0,,,,1,2.0,2.0,,,1.0,2,,,,,,,2,2,,,,,1.0,1.0,2.0,2.0,1.0,,1,2,2,2,2.0,2.0,,0,1,4,4,4,2.0,2,5.0,1,1,0,0.0,2021
Nepal,NPL,South Asia,20742576.0,207071737,0.97796315896003,2,69.0,1,4,1.0,1.0,1,1,0.0,1.0,1.0,2,,,2.0,2.0,2.0,,,,1.0,1.0,1.0,,,,,,2.0,2.0,,,,,,,,,,,,,,,,,,,,2,,,2,2,2,,,,2,2,,2.0,2,2,2,,7,,,2.0,,,,2.0,,,,1,2.0,2.0,,,1.0,1,1.0,1.0,2.0,,,2.0,1,2,1.0,2.0,,,2.0,,,,,,2,2,2,2,4.0,3.0,,0,0,1,1,4,4.0,2,5.0,2,2,1,0.0,2021
Nepal,NPL,South Asia,20742576.0,165963532,0.832085065688124,1,35.0,1,4,2.0,1.0,0,0,0.0,,,2,,,,,,,,,,,,,,,,,,,1.0,1.0,1.0,1.0,2.0,1.0,1.0,1.0,1.0,,,,,,,,,,,2,,,2,2,2,,,,2,2,,2.0,2,2,2,,2,1.0,1.0,2.0,,,,2.0,,,,2,,,,,,2,,,,,,,2,2,,,,,2.0,,,,,,1,1,2,2,2.0,2.0,,0,0,4,4,4,4.0,4,5.0,1,2,0,0.0,2021
Nepal,NPL,South Asia,20742576.0,182171627,0.386829498891628,1,20.0,2,1,1.0,1.0,0,0,0.0,,,2,,,,,,,,,,,,,,,,,,,1.0,2.0,2.0,1.0,2.0,2.0,1.0,2.0,2.0,,,,,,,,,,,2,,,2,2,2,,,,2,2,2.0,2.0,2,2,1,,3,1.0,1.0,2.0,,,,2.0,,,,2,,,,,,2,,,,,,,1,2,2.0,2.0,2.0,2.0,1.0,1.0,2.0,2.0,2.0,2.0,2,1,1,1,2.0,2.0,,0,1,4,3,4,3.0,4,5.0,1,2,0,0.0,2021
Nepal,NPL,South Asia,20742576.0,137335914,1.30715086945546,1,23.0,1,5,1.0,1.0,1,1,0.0,2.0,2.0,1,2.0,,2.0,2.0,2.0,,,,1.0,1.0,1.0,,,,,,2.0,1.0,,,,,,,,,,,,,,,,,,,,2,,,2,2,2,,,,1,1,,1.0,2,2,1,2.0,3,2.0,1.0,2.0,,,,1.0,2.0,2.0,1.0,1,2.0,2.0,,,1.0,2,,,,,,,2,2,,,,,2.0,,,,,,2,2,2,2,2.0,2.0,,1,1,4,4,4,4.0,2,2.0,1,1,0,0.0,2021
Nepal,NPL,South Asia,20742576.0,148628036,0.398752438445027,1,45.0,1,4,2.0,1.0,0,0,0.0,,,2,,,,,,,,,,,,,,,,,,,2.0,2.0,2.0,2.0,2.0,2.0,1.0,2.0,2.0,,,,,,,,,,,2,,,2,2,2,,,,2,2,,2.0,2,2,2,,2,1.0,1.0,2.0,,,,2.0,,,,2,,,,,,2,,,,,,,2,2,,,,,2.0,,,,,,2,2,2,1,4.0,4.0,,0,1,4,4,4,4.0,4,5.0,2,2,0,0.0,2021
Nepal,NPL,South Asia,20742576.0,208274483,1.6950559945778,2,18.0,1,4,1.0,1.0,0,0,0.0,,,2,,,,,,,,,,,,,,,,,,,2.0,2.0,2.0,2.0,2.0,2.0,1.0,2.0,2.0,,,,,,,,,,,2,,,2,2,2,,,,2,2,,2.0,1,1,1,,2,2.0,1.0,2.0,,,,1.0,1.0,,,1,2.0,2.0,,,1.0,1,2.0,2.0,2.0,1.0,,,2,2,,,,,2.0,,,,,,1,1,2,2,2.0,1.0,,0,1,2,4,4,4.0,2,1.0,1,1,0,0.0,2021
Nepal,NPL,South Asia,20742576.0,144841914,0.394534057303257,1,30.0,2,4,1.0,1.0,1,1,0.0,2.0,2.0,2,,,2.0,2.0,2.0,,,,2.0,,1.0,,,,,,1.0,1.0,,,,,,,,,,,,,,,,,,,,2,,,2,2,2,,,,1,1,,2.0,2,2,2,,3,2.0,1.0,2.0,,,,1.0,2.0,2.0,2.0,1,2.0,2.0,,,1.0,2,,,,,,,2,2,,,,,1.0,1.0,2.0,2.0,1.0,,3,3,3,3,,2.0,,1,0,4,4,4,2.0,2,4.0,1,1,0,0.0,2021
Nepal,NPL,South Asia,20742576.0,189537098,1.61079054845307,1,33.0,1,4,2.0,1.0,0,0,0.0,,,2,,,,,,,,,,,,,,,,,,,2.0,2.0,2.0,2.0,2.0,2.0,1.0,2.0,2.0,,,,,,,,,,,2,,,2,2,2,,,,2,2,,2.0,2,2,2,,2,2.0,1.0,2.0,,,,2.0,,,,1,2.0,2.0,,,2.0,2,,,,,,,2,2,,,,,1.0,1.0,2.0,2.0,1.0,,3,3,3,3,,3.0,,0,0,4,4,4,2.0,3,5.0,1,2,0,0.0,2021
Nepal,NPL,South Asia,20742576.0,168538322,0.635479287228367,1,20.0,3,5,2.0,2.0,1,1,0.0,2.0,2.0,1,2.0,,1.0,1.0,2.0,,,,1.0,1.0,1.0,,,,,,2.0,2.0,,,,,,,,,,,,,,,,,,,,2,,,2,1,2,,,,2,2,,2.0,2,2,2,,2,2.0,1.0,2.0,,,,2.0,,,,2,,,,,,2,,,,,,,2,2,,,,,2.0,,,,,,3,3,3,2,,3.0,,1,0,4,4,4,4.0,4,5.0,1,1,1,0.0,2021
Nepal,NPL,South Asia,20742576.0,135872740,0.78509975238648,1,26.0,2,3,1.0,1.0,0,0,0.0,,,2,,,,,,,,,,,,,,,,,,,1.0,2.0,2.0,1.0,2.0,2.0,2.0,2.0,2.0,,,,,,,,,,,2,,,2,2,2,,,,2,2,,1.0,1,2,1,2.0,2,2.0,2.0,2.0,,,,1.0,1.0,,,1,2.0,2.0,,,1.0,2,,,,,,,2,2,,,,,2.0,,,,,,3,2,2,1,2.0,1.0,,1,1,4,4,4,4.0,2,1.0,1,1,0,0.0,2021
Nepal,NPL,South Asia,20742576.0,132682269,0.51910488740497,1,45.0,1,4,1.0,1.0,0,0,0.0,,,2,,,,,,,,,,,,,,,,,,,1.0,2.0,2.0,2.0,2.0,2.0,2.0,1.0,2.0,,,,,,,,,,,2,,,2,2,2,,,,2,2,,2.0,2,2,2,,2,2.0,3.0,2.0,,,,2.0,,,,2,,,,,,2,,,,,,,2,2,,,,,1.0,1.0,2.0,2.0,2.0,2.0,1,1,1,1,1.0,1.0,,0,0,4,4,4,3.0,4,5.0,1,2,0,0.0,2021
Nepal,NPL,South Asia,20742576.0,192250704,0.375794890730972,1,63.0,1,1,2.0,1.0,1,1,0.0,2.0,1.0,2,,,2.0,2.0,2.0,,,,1.0,2.0,1.0,,,,,,2.0,2.0,,,,,,,,,,,,,,,,,,,,2,,,2,2,2,,,,2,2,,1.0,1,2,1,2.0,2,1.0,1.0,2.0,,,,2.0,,,,1,2.0,2.0,,,1.0,2,,,,,,,1,2,1.0,2.0,,,2.0,,,,,,1,2,1,1,4.0,3.0,,1,1,4,1,4,4.0,2,5.0,1,2,1,0.0,2021
Nepal,NPL,South Asia,20742576.0,119458315,0.884342429645114,1,33.0,1,4,1.0,1.0,1,1,0.0,2.0,2.0,2,,,2.0,2.0,2.0,,,,1.0,2.0,1.0,,,,,,2.0,1.0,,,,,,,,,,,,,,,,,,,,2,,,2,2,2,,,,1,2,,1.0,2,2,2,1.0,3,1.0,4.0,2.0,,,,2.0,,,,1,2.0,2.0,,,1.0,2,,,,,,,2,2,,,,,1.0,1.0,2.0,2.0,1.0,,2,2,2,2,2.0,2.0,,1,1,4,4,4,2.0,2,5.0,1,2,0,0.0,2021
Nepal,NPL,South Asia,20742576.0,181166518,1.49736556843546,2,80.0,1,1,2.0,1.0,1,1,0.0,2.0,1.0,2,,,2.0,2.0,2.0,,,,1.0,2.0,1.0,,,,,,2.0,2.0,,,,,,,,,,,,,,,,,,,,2,,,2,2,2,,,,2,2,,2.0,2,2,2,,7,,,2.0,,,,2.0,,,,2,,,,,,2,,,,,,,1,2,1.0,2.0,,,2.0,,,,,,1,1,1,1,1.0,1.0,,0,0,4,1,4,4.0,4,5.0,2,2,1,0.0,2021
Nepal,NPL,South Asia,20742576.0,179791394,2.12887223484914,2,30.0,1,2,1.0,2.0,0,0,0.0,,,2,,,,,,,,,,,,,,,,,,,1.0,2.0,2.0,2.0,2.0,2.0,1.0,2.0,2.0,,,,,,,,,,,2,,,2,2,2,,,,2,2,,2.0,2,2,2,,2,1.0,1.0,2.0,,,,2.0,,,,2,,,,,,2,,,,,,,2,2,,,,,1.0,1.0,2.0,2.0,1.0,,1,1,2,2,2.0,1.0,,0,0,4,4,4,2.0,4,5.0,2,2,0,0.0,2021
Nepal,NPL,South Asia,20742576.0,148308043,2.82509332429633,2,18.0,1,1,1.0,1.0,0,0,0.0,,,2,,,,,,,,,,,,,,,,,,,3.0,2.0,2.0,2.0,2.0,2.0,1.0,2.0,2.0,,,,,,,,,,,2,,,2,2,2,,,,2,2,,2.0,1,2,1,,2,1.0,4.0,2.0,,,,2.0,,,,2,,,,,,1,2.0,2.0,2.0,1.0,,,3,2,,,,,2.0,,,,,,5,5,5,5,,2.0,,0,1,2,5,4,4.0,4,5.0,1,1,0,0.0,2021
Nepal,NPL,South Asia,20742576.0,141502724,0.898052133233272,2,62.0,1,2,1.0,1.0,0,0,0.0,,,2,,,,,,,,,,,,,,,,,,,2.0,2.0,2.0,2.0,2.0,2.0,1.0,2.0,1.0,,,,,,,,,,,2,,,2,2,2,,,,2,2,,2.0,2,2,2,,2,1.0,1.0,2.0,,,,1.0,2.0,1.0,2.0,1,2.0,2.0,,,1.0,1,2.0,2.0,2.0,1.0,,,2,2,,,,,2.0,,,,,,1,1,2,4,1.0,1.0,,0,0,2,4,4,4.0,2,3.0,2,2,0,0.0,2021
Nepal,NPL,South Asia,20742576.0,203518379,1.08552465061943,2,20.0,2,1,1.0,1.0,0,0,0.0,,,2,,,,,,,,,,,,,,,,,,,2.0,2.0,2.0,2.0,2.0,2.0,2.0,1.0,3.0,,,,,,,,,,,2,,,2,2,2,,,,2,2,,2.0,2,2,2,,2,1.0,1.0,2.0,,,,2.0,,,,2,,,,,,2,,,,,,,2,2,,,,,2.0,,,,,,1,1,1,1,1.0,1.0,,0,0,4,4,4,4.0,4,5.0,1,2,0,0.0,2021
Nepal,NPL,South Asia,20742576.0,166997078,2.59584092608771,2,36.0,1,4,1.0,1.0,1,1,0.0,2.0,2.0,2,,,2.0,2.0,2.0,,,,2.0,,2.0,,,,,,,2.0,,,,,,,,,,,,,,,,,,,,2,,,2,2,2,,,,2,2,,2.0,2,1,1,,3,3.0,3.0,2.0,,,,1.0,2.0,2.0,1.0,1,2.0,2.0,,,1.0,2,,,,,,,2,2,,,,,1.0,1.0,2.0,2.0,1.0,,1,2,2,2,1.0,3.0,,0,1,4,4,4,2.0,2,2.0,1,1,0,0.0,2021
Nepal,NPL,South Asia,20742576.0,152399344,1.04134010472135,2,48.0,1,3,1.0,1.0,0,0,0.0,,,2,,,,,,,,,,,,,,,,,,,2.0,2.0,2.0,2.0,2.0,2.0,1.0,2.0,2.0,,,,,,,,,,,2,,,2,2,2,,,,2,2,,2.0,2,2,1,,2,2.0,1.0,2.0,,,,2.0,,,,1,2.0,2.0,,,1.0,2,,,,,,,2,2,,,,,1.0,1.0,2.0,2.0,1.0,,2,2,3,2,1.0,2.0,,0,1,4,4,4,2.0,2,5.0,2,2,0,0.0,2021
Nepal,NPL,South Asia,20742576.0,115621470,1.52448792459955,1,16.0,1,5,2.0,1.0,0,0,0.0,,,2,,,,,,,,,,,,,,,,,,,2.0,2.0,2.0,1.0,2.0,2.0,1.0,2.0,2.0,,,,,,,,,,,2,,,2,2,2,,,,2,2,,1.0,2,2,2,2.0,2,2.0,2.0,2.0,,,,1.0,2.0,1.0,1.0,1,2.0,2.0,,,1.0,2,,,,,,,2,2,,,,,1.0,1.0,2.0,2.0,1.0,,2,1,3,3,2.0,1.0,,1,0,4,4,4,2.0,2,2.0,2,2,0,0.0,2021
Nepal,NPL,South Asia,20742576.0,161887355,1.4799326961956,1,73.0,1,3,2.0,2.0,1,1,0.0,2.0,1.0,2,,,2.0,2.0,2.0,,,,1.0,2.0,1.0,,,,,,2.0,2.0,,,,,,,,,,,,,,,,,,,,2,,,2,2,2,,,,2,2,,2.0,1,2,1,,2,1.0,1.0,2.0,,,,2.0,,,,2,,,,,,2,,,,,,,1,2,1.0,2.0,,,2.0,,,,,,2,1,1,2,2.0,1.0,,0,1,4,1,4,4.0,4,5.0,2,2,1,0.0,2021
Nepal,NPL,South Asia,20742576.0,129697704,0.265865641543961,2,72.0,2,2,1.0,1.0,1,1,0.0,1.0,1.0,2,,,2.0,2.0,2.0,,,,1.0,2.0,1.0,,,,,,2.0,2.0,,,,,,,,,,,,,,,,,,,,2,,,2,2,2,,,,2,2,,2.0,2,2,2,,1,1.0,1.0,2.0,,,,2.0,,,,1,2.0,2.0,,,1.0,2,,,,,,,1,1,1.0,2.0,,,2.0,,,,,,1,1,2,1,2.0,1.0,,0,1,4,1,1,4.0,2,5.0,1,2,1,0.0,2021
Nepal,NPL,South Asia,20742576.0,135255623,2.61882384521527,1,40.0,1,1,1.0,1.0,1,1,0.0,2.0,1.0,1,1.0,2.0,2.0,2.0,2.0,,,,1.0,1.0,1.0,,,,,,1.0,2.0,,,,,,,,,,,,,,,,,,,,2,,,2,2,2,,,,2,2,,2.0,2,2,2,,8,,,2.0,,,,2.0,,,,2,,,,,,2,,,,,,,1,2,2.0,2.0,2.0,2.0,2.0,,,,,,1,1,1,1,2.0,1.0,,0,0,4,3,4,4.0,4,5.0,1,2,1,0.0,2021
Nepal,NPL,South Asia,20742576.0,170934594,0.901929362205871,1,58.0,1,5,1.0,1.0,1,1,0.0,2.0,2.0,2,,,2.0,2.0,2.0,,,,1.0,2.0,1.0,,,,,,2.0,1.0,,,,,,,,,,,,,,,,,,,,2,,,2,2,2,,,,2,2,,2.0,2,2,2,,1,3.0,2.0,2.0,,,,2.0,,,,2,,,,,,2,,,,,,,2,2,,,,,2.0,,,,,,3,1,1,3,2.0,3.0,,0,0,4,4,4,4.0,4,5.0,1,2,0,0.0,2021
Nepal,NPL,South Asia,20742576.0,126917068,0.610450946668625,2,74.0,1,2,1.0,1.0,1,1,0.0,1.0,1.0,2,,,2.0,2.0,2.0,,,,2.0,,2.0,,,,,,,2.0,,,,,,,,,,,,,,,,,,,,2,,,2,2,2,,,,2,2,,2.0,2,2,2,,5,1.0,1.0,2.0,,,,2.0,,,,1,2.0,2.0,,,1.0,2,,,,,,,1,1,2.0,2.0,1.0,,2.0,,,,,,2,2,2,2,2.0,3.0,,0,0,4,2,2,4.0,2,5.0,1,2,0,0.0,2021
Nepal,NPL,South Asia,20742576.0,202035517,0.689939120320085,1,34.0,1,4,2.0,2.0,1,1,0.0,2.0,2.0,2,,,2.0,2.0,2.0,,,,2.0,,2.0,,,,,,,1.0,,,,,,,,,,,,,,,,,,,,2,,,2,2,2,,,,2,2,,2.0,2,2,2,,2,1.0,1.0,1.0,2.0,2.0,1.0,2.0,,,,2,,,,,,2,,,,,,,2,2,,,,,2.0,,,,,,1,1,2,2,2.0,3.0,,1,0,4,4,4,4.0,4,2.0,1,1,0,0.0,2021
Nepal,NPL,South Asia,20742576.0,134428541,0.823534826932206,1,75.0,1,3,2.0,1.0,0,0,0.0,,,2,,,,,,,,,,,,,,,,,,,2.0,2.0,3.0,3.0,2.0,2.0,1.0,2.0,1.0,,,,,,,,,,,2,,,2,2,2,,,,2,2,,2.0,2,2,2,,2,1.0,1.0,1.0,1.0,,,2.0,,,,1,2.0,2.0,,,1.0,2,,,,,,,1,2,2.0,2.0,1.0,,2.0,,,,,,1,1,1,1,1.0,1.0,,0,0,4,2,4,4.0,2,1.0,2,2,0,0.0,2021
Nepal,NPL,South Asia,20742576.0,161961348,0.759078416579003,1,20.0,2,5,2.0,2.0,0,0,0.0,,,2,,,,,,,,,,,,,,,,,,,2.0,2.0,2.0,2.0,2.0,2.0,1.0,2.0,1.0,,,,,,,,,,,2,,,2,2,2,,,,2,2,,2.0,2,2,2,,2,2.0,2.0,2.0,,,,2.0,,,,2,,,,,,2,,,,,,,2,2,,,,,2.0,,,,,,3,3,3,3,,3.0,,0,0,4,4,4,4.0,4,5.0,1,2,0,0.0,2021
Nepal,NPL,South Asia,20742576.0,211091530,0.770337110484053,2,58.0,1,1,1.0,2.0,1,1,0.0,2.0,1.0,2,,,2.0,2.0,2.0,,,,2.0,,2.0,,,,,,,2.0,,,,,,,,,,,,,,,,,,,,2,,,2,2,2,,,,2,2,,2.0,2,2,1,,4,1.0,1.0,2.0,,,,2.0,,,,2,,,,,,2,,,,,,,2,2,,,,,2.0,,,,,,1,1,1,1,5.0,3.0,,0,1,4,4,4,4.0,4,5.0,1,2,0,0.0,2021
Nepal,NPL,South Asia,20742576.0,208846656,2.09419878161959,2,25.0,1,3,2.0,2.0,0,0,0.0,,,2,,,,,,,,,,,,,,,,,,,2.0,2.0,2.0,2.0,2.0,2.0,1.0,2.0,2.0,,,,,,,,,,,2,,,2,2,2,,,,2,2,,2.0,2,2,1,,3,2.0,1.0,2.0,,,,2.0,,,,2,,,,,,2,,,,,,,2,2,,,,,2.0,,,,,,2,1,1,3,3.0,1.0,,0,1,4,4,4,4.0,4,5.0,1,1,0,0.0,2021
Nepal,NPL,South Asia,20742576.0,130569734,0.263544210014897,2,52.0,2,4,1.0,2.0,1,1,0.0,2.0,2.0,2,,,2.0,2.0,2.0,,,,2.0,,1.0,,,,,,2.0,2.0,,,,,,,,,,,,,,,,,,,,2,,,1,1,2,,,,2,2,,2.0,1,2,1,,5,2.0,2.0,2.0,,,,2.0,,,,2,,,,,,2,,,,,,,1,2,2.0,2.0,2.0,2.0,1.0,1.0,2.0,2.0,1.0,,3,2,2,1,4.0,1.0,,0,1,4,3,4,2.0,4,5.0,1,1,1,0.0,2021
Nepal,NPL,South Asia,20742576.0,174645953,0.638238130524816,2,18.0,2,5,1.0,2.0,1,1,0.0,2.0,2.0,1,2.0,,2.0,1.0,2.0,,,,1.0,2.0,1.0,,,,,,1.0,1.0,,,,,,,,,,,,,,,,,,,,2,,,2,2,2,,,,2,1,,2.0,2,2,2,,2,1.0,4.0,2.0,,,,2.0,,,,2,,,,,,2,,,,,,,3,2,,,,,2.0,,,,,,3,2,1,2,3.0,1.0,,1,0,4,5,4,4.0,4,5.0,1,1,0,0.0,2021
Nepal,NPL,South Asia,20742576.0,135863087,0.306037611595189,2,49.0,2,3,1.0,2.0,0,0,0.0,,,2,,,,,,,,,,,,,,,,,,,2.0,2.0,1.0,2.0,2.0,2.0,1.0,2.0,2.0,,,,,,,,,,,2,,,2,2,2,,,,2,2,,2.0,1,2,1,,3,1.0,1.0,1.0,1.0,,,2.0,,,,2,,,,,,2,,,,,,,2,2,,,,,1.0,1.0,2.0,2.0,1.0,,3,3,1,1,4.0,1.0,,0,1,4,4,4,2.0,4,1.0,1,2,0,0.0,2021
Nepal,NPL,South Asia,20742576.0,159008243,1.07327686914255,2,52.0,1,4,1.0,2.0,0,0,0.0,,,2,,,,,,,,,,,,,,,,,,,1.0,1.0,1.0,1.0,2.0,2.0,2.0,2.0,1.0,,,,,,,,,,,2,,,2,2,2,,,,1,2,,1.0,2,2,2,2.0,1,2.0,2.0,2.0,,,,2.0,,,,2,,,,,,1,2.0,2.0,2.0,1.0,,,2,2,,,,,2.0,,,,,,1,1,1,1,1.0,1.0,,1,0,2,4,4,4.0,4,5.0,2,2,0,0.0,2021
Nepal,NPL,South Asia,20742576.0,169101714,1.5767476270941,1,25.0,1,1,2.0,1.0,0,0,0.0,,,2,,,,,,,,,,,,,,,,,,,2.0,1.0,2.0,2.0,2.0,2.0,1.0,2.0,2.0,,,,,,,,,,,2,,,2,2,2,,,,2,2,,2.0,1,2,1,,2,2.0,2.0,2.0,,,,2.0,,,,1,2.0,2.0,,,1.0,2,,,,,,,1,2,2.0,2.0,2.0,2.0,2.0,,,,,,1,2,1,3,2.0,1.0,,0,1,4,3,4,4.0,2,5.0,1,2,0,0.0,2021
Nepal,NPL,South Asia,20742576.0,129412677,0.39254987619324,1,30.0,3,5,1.0,1.0,1,1,0.0,2.0,2.0,1,2.0,,2.0,2.0,2.0,,,,2.0,,2.0,,,,,,,1.0,,,,,,,,,,,,,,,,,,,,2,,,2,2,2,,,,2,2,,1.0,2,2,2,2.0,2,3.0,3.0,2.0,,,,2.0,,,,2,,,,,,2,,,,,,,2,2,,,,,2.0,,,,,,2,2,3,3,2.0,2.0,,1,0,4,4,4,4.0,4,5.0,1,1,0,0.0,2021
Nepal,NPL,South Asia,20742576.0,200381994,0.472957194116515,1,42.0,1,5,1.0,2.0,0,0,0.0,,,2,,,,,,,,,,,,,,,,,,,1.0,2.0,2.0,2.0,2.0,2.0,2.0,2.0,2.0,,,,,,,,,,,2,,,2,2,2,,,,2,2,,2.0,2,2,1,,2,1.0,1.0,1.0,2.0,2.0,2.0,1.0,2.0,2.0,2.0,1,2.0,2.0,,,2.0,2,,,,,,,2,2,,,,,2.0,,,,,,1,1,2,2,2.0,1.0,,0,1,4,4,4,4.0,3,4.0,1,1,0,0.0,2021
Nepal,NPL,South Asia,20742576.0,182482583,0.263544210014897,2,55.0,2,5,1.0,2.0,1,1,0.0,2.0,2.0,1,2.0,,2.0,2.0,2.0,,,,1.0,1.0,1.0,,,,,,1.0,1.0,,,,,,,,,,,,,,,,,,,,2,,,2,2,2,,,,1,1,,1.0,2,1,1,1.0,1,3.0,3.0,1.0,1.0,,,2.0,,,,1,2.0,2.0,,,1.0,2,,,,,,,2,2,,,,,2.0,,,,,,3,2,3,3,,2.0,,1,1,4,4,4,4.0,2,1.0,1,1,1,0.0,2021
Nepal,NPL,South Asia,20742576.0,124729760,1.17281410758289,1,28.0,1,5,1.0,2.0,0,0,0.0,,,2,,,,,,,,,,,,,,,,,,,1.0,2.0,2.0,2.0,2.0,2.0,1.0,1.0,1.0,,,,,,,,,,,2,,,2,2,2,,,,2,2,,2.0,1,1,2,,3,2.0,2.0,2.0,,,,2.0,,,,2,,,,,,2,,,,,,,2,2,,,,,2.0,,,,,,2,2,2,2,2.0,2.0,,0,1,4,4,4,4.0,4,5.0,1,2,0,0.0,2021
Nepal,NPL,South Asia,20742576.0,194326760,1.15550566572608,2,57.0,1,4,1.0,2.0,0,0,0.0,,,2,,,,,,,,,,,,,,,,,,,2.0,2.0,2.0,2.0,2.0,2.0,1.0,1.0,1.0,,,,,,,,,,,2,,,2,2,2,,,,2,2,,2.0,2,2,1,,2,1.0,1.0,2.0,,,,2.0,,,,2,,,,,,2,,,,,,,2,2,,,,,1.0,1.0,2.0,2.0,1.0,,2,2,2,2,1.0,2.0,,0,1,4,4,4,2.0,4,5.0,1,2,0,0.0,2021
Nepal,NPL,South Asia,20742576.0,144861209,0.59177887188957,2,20.0,3,5,1.0,1.0,0,0,0.0,,,2,,,,,,,,,,,,,,,,,,,1.0,2.0,2.0,1.0,2.0,2.0,1.0,2.0,1.0,,,,,,,,,,,2,,,2,2,2,,,,2,2,,2.0,2,2,2,,2,2.0,2.0,2.0,,,,2.0,,,,2,,,,,,2,,,,,,,2,2,,,,,2.0,,,,,,2,2,3,3,2.0,3.0,,0,0,4,4,4,4.0,4,5.0,1,1,0,0.0,2021
Nepal,NPL,South Asia,20742576.0,208084665,0.430552650861222,2,31.0,3,5,1.0,2.0,1,1,1.0,2.0,1.0,1,1.0,1.0,1.0,1.0,2.0,,,,1.0,1.0,1.0,,,,,,1.0,1.0,,,,,,,,,,,,,,,,1.0,1.0,2.0,1.0,1,2.0,,1,1,1,3.0,2.0,,2,2,2.0,2.0,2,2,1,,1,3.0,2.0,1.0,1.0,,,1.0,1.0,,,1,1.0,1.0,2.0,,,2,,,,,,,2,2,,,,,2.0,,,,,,3,1,3,3,,2.0,,1,1,4,4,4,4.0,1,1.0,1,1,1,1.0,2021
Nepal,NPL,South Asia,20742576.0,154038633,0.263544210014897,1,28.0,3,5,2.0,2.0,1,1,1.0,1.0,2.0,1,2.0,,1.0,1.0,2.0,,,,2.0,,1.0,,,,,,2.0,1.0,,,,,,,,,,,,,,,,1.0,1.0,2.0,2.0,1,1.0,,2,1,1,1.0,1.0,,2,2,2.0,2.0,2,1,2,,1,2.0,2.0,2.0,,,,2.0,,,,2,,,,,,1,2.0,1.0,2.0,,,2.0,2,2,,,,,2.0,,,,,,1,1,3,3,1.0,3.0,,0,1,1,4,4,4.0,4,5.0,1,1,1,1.0,2021
Nepal,NPL,South Asia,20742576.0,201036974,1.03820977480994,1,48.0,1,5,1.0,2.0,0,0,0.0,,,2,,,,,,,,,,,,,,,,,,,1.0,2.0,2.0,2.0,1.0,2.0,2.0,1.0,2.0,,,,,,,,,,,2,,,2,2,2,,,,2,2,,2.0,2,2,2,,1,2.0,2.0,2.0,,,,2.0,,,,2,,,,,,2,,,,,,,2,2,,,,,1.0,1.0,2.0,2.0,1.0,,1,2,3,2,1.0,2.0,,1,0,4,4,4,2.0,4,5.0,1,2,0,0.0,2021
Nepal,NPL,South Asia,20742576.0,157601074,1.29139299293727,2,37.0,1,3,1.0,1.0,0,0,0.0,,,2,,,,,,,,,,,,,,,,,,,2.0,2.0,2.0,2.0,2.0,2.0,1.0,1.0,2.0,,,,,,,,,,,2,,,2,2,2,,,,2,2,,1.0,1,2,1,1.0,3,2.0,1.0,2.0,,,,2.0,,,,2,,,,,,2,,,,,,,2,2,,,,,2.0,,,,,,1,2,2,3,1.0,2.0,,1,1,4,4,4,4.0,4,5.0,1,2,0,0.0,2021
Nepal,NPL,South Asia,20742576.0,122802639,1.17281410758289,1,32.0,1,5,1.0,1.0,1,1,0.0,1.0,1.0,1,2.0,,2.0,2.0,2.0,,,,1.0,1.0,1.0,,,,,,2.0,1.0,,,,,,,,,,,,,,,,,,,,2,,,2,2,2,,,,1,1,,1.0,1,1,2,1.0,1,3.0,3.0,2.0,,,,2.0,,,,2,,,,,,2,,,,,,,2,2,,,,,1.0,1.0,2.0,2.0,1.0,,3,2,3,3,,3.0,,1,1,4,4,4,2.0,4,5.0,2,2,0,0.0,2021
Nepal,NPL,South Asia,20742576.0,115002489,0.403842007920215,1,58.0,1,3,1.0,1.0,1,1,0.0,2.0,1.0,2,,,2.0,2.0,2.0,,,,2.0,,2.0,,,,,,,2.0,,,,,,,,,,,,,,,,,,,,2,,,2,2,2,,,,2,2,,2.0,1,2,2,,2,1.0,1.0,2.0,,,,2.0,,,,2,,,,,,2,,,,,,,1,1,1.0,2.0,,,2.0,,,,,,1,1,1,1,1.0,1.0,,0,1,4,1,1,4.0,4,5.0,1,2,1,0.0,2021
Nepal,NPL,South Asia,20742576.0,198051649,0.263544210014897,2,28.0,2,5,1.0,2.0,0,0,0.0,,,2,,,,,,,,,,,,,,,,,,,1.0,2.0,2.0,2.0,2.0,2.0,2.0,2.0,2.0,,,,,,,,,,,2,,,2,2,2,,,,2,2,,2.0,2,2,2,,7,,,2.0,,,,2.0,,,,1,2.0,2.0,,,1.0,1,2.0,2.0,2.0,1.0,,,3,2,,,,,2.0,,,,,,2,2,2,2,4.0,1.0,,0,0,2,5,4,4.0,2,5.0,1,2,0,0.0,2021
Nepal,NPL,South Asia,20742576.0,117686907,0.448942778171755,1,56.0,1,5,1.0,1.0,0,0,0.0,,,2,,,,,,,,,,,,,,,,,,,2.0,1.0,2.0,2.0,2.0,2.0,1.0,3.0,1.0,,,,,,,,,,,2,,,2,2,2,,,,2,2,,2.0,2,2,1,,3,2.0,1.0,2.0,,,,2.0,,,,1,2.0,2.0,,,1.0,2,,,,,,,2,2,,,,,2.0,,,,,,3,2,2,3,2.0,3.0,,0,1,4,4,4,4.0,2,5.0,1,2,0,0.0,2021
Nepal,NPL,South Asia,20742576.0,167884590,1.76645048784073,2,20.0,2,5,1.0,1.0,0,0,0.0,,,2,,,,,,,,,,,,,,,,,,,1.0,2.0,2.0,2.0,2.0,2.0,2.0,1.0,1.0,,,,,,,,,,,2,,,2,2,2,,,,2,2,,2.0,2,2,2,,2,2.0,1.0,2.0,,,,2.0,,,,2,,,,,,2,,,,,,,2,2,,,,,2.0,,,,,,1,2,3,3,2.0,2.0,,0,0,4,4,4,4.0,4,5.0,1,1,0,0.0,2021
Nepal,NPL,South Asia,20742576.0,131575221,0.837679512647838,2,29.0,1,3,1.0,1.0,0,0,0.0,,,2,,,,,,,,,,,,,,,,,,,2.0,2.0,1.0,2.0,2.0,2.0,1.0,2.0,2.0,,,,,,,,,,,2,,,2,2,2,,,,2,2,,2.0,1,2,1,,3,1.0,1.0,2.0,,,,2.0,,,,1,2.0,2.0,,,1.0,1,2.0,2.0,2.0,1.0,,,2,2,,,,,2.0,,,,,,1,1,1,1,1.0,1.0,,0,1,2,4,4,4.0,2,5.0,1,2,0,0.0,2021
Nepal,NPL,South Asia,20742576.0,146468002,0.865280308695902,2,40.0,1,5,1.0,1.0,1,1,1.0,2.0,2.0,1,1.0,2.0,1.0,1.0,2.0,,,,2.0,,1.0,,,,,,1.0,1.0,,,,,,,,,,,,,,,,2.0,2.0,2.0,1.0,2,,,1,2,2,,,,2,2,2.0,2.0,1,2,1,,2,2.0,2.0,2.0,,,,1.0,2.0,1.0,2.0,1,2.0,2.0,,,1.0,2,,,,,,,1,2,1.0,2.0,,,2.0,,,,,,1,1,3,3,2.0,1.0,,0,1,4,1,4,4.0,2,3.0,1,1,1,0.0,2021
Nepal,NPL,South Asia,20742576.0,132461740,1.40256386691203,2,34.0,1,2,1.0,1.0,0,0,0.0,,,2,,,,,,,,,,,,,,,,,,,1.0,2.0,2.0,2.0,2.0,2.0,1.0,2.0,1.0,,,,,,,,,,,2,,,2,2,2,,,,2,2,,2.0,1,2,1,,2,1.0,1.0,2.0,,,,2.0,,,,1,2.0,2.0,,,1.0,1,1.0,2.0,2.0,2.0,2.0,,2,2,,,,,2.0,,,,,,1,1,1,1,1.0,1.0,,0,1,3,4,4,4.0,2,5.0,1,1,0,0.0,2021
Nepal,NPL,South Asia,20742576.0,199832771,1.03823007195571,2,40.0,1,2,1.0,2.0,0,0,0.0,,,2,,,,,,,,,,,,,,,,,,,2.0,2.0,2.0,2.0,2.0,2.0,1.0,2.0,2.0,,,,,,,,,,,2,,,2,2,2,,,,2,2,,2.0,1,1,1,,2,1.0,1.0,2.0,,,,2.0,,,,1,2.0,2.0,,,1.0,2,,,,,,,2,2,,,,,2.0,,,,,,1,1,1,1,4.0,1.0,,0,1,4,4,4,4.0,2,5.0,1,2,0,0.0,2021
Nepal,NPL,South Asia,20742576.0,191176712,0.337834442610535,2,57.0,2,5,1.0,1.0,1,1,0.0,2.0,2.0,2,,,2.0,2.0,2.0,,,,2.0,,2.0,,,,,,,1.0,,,,,,,,,,,,,,,,,,,,2,,,2,2,2,,,,2,2,,2.0,2,2,2,,2,3.0,3.0,2.0,,,,2.0,,,,1,2.0,2.0,,,1.0,2,,,,,,,1,2,1.0,2.0,,,1.0,1.0,2.0,2.0,1.0,,3,2,3,3,,2.0,,0,0,4,1,4,2.0,2,5.0,2,2,1,0.0,2021
Nepal,NPL,South Asia,20742576.0,136694246,1.26690465784556,2,30.0,1,5,1.0,2.0,1,1,0.0,2.0,2.0,1,2.0,,2.0,1.0,2.0,,,,1.0,1.0,1.0,,,,,,1.0,1.0,,,,,,,,,,,,,,,,,,,,2,,,2,2,2,,,,1,1,,1.0,2,2,2,2.0,3,3.0,2.0,2.0,,,,2.0,,,,1,2.0,2.0,,,1.0,2,,,,,,,2,2,,,,,2.0,,,,,,3,3,3,3,,1.0,,1,0,4,4,4,4.0,2,5.0,1,1,0,0.0,2021
Nepal,NPL,South Asia,20742576.0,175613929,0.580819466796479,2,16.0,2,5,2.0,2.0,0,0,0.0,,,2,,,,,,,,,,,,,,,,,,,2.0,2.0,1.0,1.0,2.0,2.0,2.0,2.0,2.0,,,,,,,,,,,2,,,2,1,2,,,,2,2,,2.0,2,2,2,,2,1.0,1.0,2.0,,,,2.0,,,,2,,,,,,2,,,,,,,2,2,,,,,2.0,,,,,,1,1,1,1,4.0,2.0,,0,0,4,4,4,4.0,4,5.0,1,1,0,0.0,2021
Nepal,NPL,South Asia,20742576.0,195694009,1.19789245474837,2,72.0,1,2,1.0,1.0,1,1,0.0,2.0,1.0,2,,,2.0,2.0,2.0,,,,1.0,2.0,2.0,,,,,,,2.0,,,,,,,,,,,,,,,,,,,,2,,,2,2,2,,,,2,2,,2.0,2,2,1,,2,1.0,1.0,2.0,,,,2.0,,,,1,2.0,2.0,,,1.0,2,,,,,,,2,2,,,,,2.0,,,,,,2,1,2,2,2.0,2.0,,0,1,4,4,4,4.0,2,5.0,2,2,0,0.0,2021
Nepal,NPL,South Asia,20742576.0,148680516,0.638238130524816,2,24.0,2,5,1.0,2.0,1,1,1.0,2.0,2.0,1,1.0,1.0,1.0,1.0,2.0,,,,1.0,1.0,1.0,,,,,,1.0,1.0,,,,,,,,,,,,,,,,1.0,1.0,1.0,1.0,2,2.0,,2,2,1,3.0,2.0,,2,2,1.0,2.0,2,2,1,,2,3.0,2.0,2.0,,,,2.0,,,,2,,,,,,2,,,,,,,2,2,,,,,2.0,,,,,,2,2,3,3,2.0,2.0,,1,1,4,4,4,4.0,4,5.0,1,1,1,1.0,2021
Nepal,NPL,South Asia,20742576.0,165257507,0.536259153557385,1,27.0,2,3,1.0,1.0,1,1,0.0,2.0,2.0,2,,,2.0,1.0,2.0,,,,2.0,,2.0,,,,,,,1.0,,,,,,,,,,,,,,,,,,,,2,,,2,2,2,,,,1,1,,2.0,2,2,2,,1,2.0,1.0,2.0,,,,2.0,,,,1,2.0,2.0,,,1.0,2,,,,,,,2,2,,,,,2.0,,,,,,1,1,2,1,2.0,1.0,,1,0,4,4,4,4.0,2,5.0,1,1,0,0.0,2021
Nepal,NPL,South Asia,20742576.0,168719832,0.313432458262812,1,38.0,2,3,1.0,2.0,1,1,0.0,1.0,2.0,2,,,2.0,2.0,2.0,,,,1.0,1.0,2.0,,,,,,,1.0,,,,,,,,,,,,,,,,,,,,2,,,2,2,2,,,,2,1,,2.0,2,2,2,,2,1.0,1.0,2.0,,,,2.0,,,,2,,,,,,2,,,,,,,2,2,,,,,2.0,,,,,,3,3,2,2,4.0,2.0,,1,0,4,4,4,4.0,4,5.0,1,1,0,0.0,2021
Nepal,NPL,South Asia,20742576.0,199379821,1.16144424133653,1,35.0,1,2,2.0,1.0,0,0,0.0,,,2,,,,,,,,,,,,,,,,,,,1.0,1.0,2.0,2.0,1.0,2.0,2.0,2.0,1.0,,,,,,,,,,,2,,,2,2,2,,,,2,2,,2.0,2,2,1,,2,1.0,1.0,2.0,,,,2.0,,,,2,,,,,,2,,,,,,,2,2,,,,,2.0,,,,,,1,1,1,2,2.0,1.0,,0,1,4,4,4,4.0,4,5.0,1,2,0,0.0,2021
Nepal,NPL,South Asia,20742576.0,147499545,0.596009325619412,2,61.0,1,4,2.0,1.0,1,1,0.0,2.0,2.0,2,,,2.0,2.0,2.0,,,,3.0,,2.0,,,,,,,1.0,,,,,,,,,,,,,,,,,,,,2,,,2,2,2,,,,2,2,,2.0,2,2,2,,5,2.0,1.0,2.0,,,,2.0,,,,1,2.0,2.0,,,1.0,2,,,,,,,2,2,,,,,2.0,,,,,,1,1,2,3,1.0,3.0,,0,1,4,4,4,4.0,2,5.0,1,2,0,0.0,2021
Nepal,NPL,South Asia,20742576.0,145894022,2.83160028258982,1,19.0,1,1,1.0,1.0,0,0,0.0,,,2,,,,,,,,,,,,,,,,,,,2.0,2.0,3.0,2.0,2.0,1.0,1.0,2.0,2.0,,,,,,,,,,,1,3.0,,2,2,2,,,,2,2,2.0,2.0,2,2,3,,8,,,2.0,,,,2.0,,,,3,,,,,,3,,,,,,,1,2,2.0,2.0,2.0,2.0,1.0,1.0,2.0,2.0,2.0,3.0,2,1,2,2,2.0,1.0,,0,0,5,3,4,3.0,5,5.0,1,2,0,0.0,2021
Nepal,NPL,South Asia,20742576.0,163285784,1.59500975378011,1,50.0,1,2,1.0,1.0,0,0,0.0,,,2,,,,,,,,,,,,,,,,,,,2.0,2.0,2.0,2.0,2.0,2.0,2.0,2.0,1.0,,,,,,,,,,,2,,,2,2,2,,,,2,2,,2.0,2,2,2,,2,1.0,1.0,2.0,,,,2.0,,,,1,2.0,2.0,,,1.0,2,,,,,,,2,2,,,,,2.0,,,,,,2,2,3,2,2.0,2.0,,0,0,4,4,4,4.0,2,5.0,2,2,0,0.0,2021
Nepal,NPL,South Asia,20742576.0,158526921,0.453168835101244,2,58.0,3,5,1.0,1.0,1,1,0.0,1.0,2.0,1,2.0,,1.0,1.0,2.0,,,,1.0,2.0,1.0,,,,,,1.0,1.0,,,,,,,,,,,,,,,,,,,,1,1.0,,1,1,2,,,,2,2,,2.0,2,1,2,,3,2.0,3.0,2.0,,,,1.0,2.0,2.0,1.0,1,1.0,1.0,1.0,,,1,2.0,1.0,2.0,,,1.0,2,2,,,,,2.0,,,,,,1,2,3,4,1.0,1.0,,0,1,1,4,4,4.0,1,2.0,1,1,1,1.0,2021
Nepal,NPL,South Asia,20742576.0,172213471,0.523777169074413,2,30.0,3,1,1.0,1.0,1,1,0.0,1.0,2.0,2,,,2.0,2.0,2.0,,,,2.0,,1.0,,,,,,1.0,2.0,,,,,,,,,,,,,,,,,,,,2,,,2,2,2,,,,2,2,,2.0,2,2,2,,5,1.0,2.0,2.0,,,,2.0,,,,1,2.0,2.0,,,1.0,2,,,,,,,2,2,,,,,1.0,1.0,2.0,2.0,1.0,,1,1,2,1,2.0,1.0,,0,1,4,4,4,2.0,2,5.0,1,1,0,0.0,2021
Nepal,NPL,South Asia,20742576.0,209088845,0.516777477438258,1,46.0,1,1,1.0,1.0,1,1,0.0,2.0,1.0,2,,,2.0,2.0,2.0,,,,2.0,,2.0,,,,,,,2.0,,,,,,,,,,,,,,,,,,,,2,,,2,2,2,,,,2,2,,2.0,2,2,2,,3,2.0,1.0,2.0,,,,1.0,2.0,1.0,2.0,1,2.0,2.0,,,1.0,2,,,,,,,2,2,,,,,2.0,,,,,,3,2,3,3,,3.0,,0,0,4,4,4,4.0,2,3.0,1,1,0,0.0,2021
Nepal,NPL,South Asia,20742576.0,129410042,0.930734188222449,1,24.0,1,3,2.0,1.0,0,0,0.0,,,2,,,,,,,,,,,,,,,,,,,2.0,1.0,2.0,2.0,2.0,2.0,2.0,2.0,1.0,,,,,,,,,,,2,,,2,2,2,,,,2,2,,2.0,1,2,1,,2,1.0,1.0,2.0,,,,2.0,,,,2,,,,,,2,,,,,,,1,2,2.0,2.0,1.0,,1.0,1.0,2.0,2.0,1.0,,1,1,2,3,2.0,1.0,,0,1,4,2,4,2.0,4,5.0,1,2,0,0.0,2021
Nepal,NPL,South Asia,20742576.0,185885622,1.49736556843546,2,55.0,1,2,1.0,2.0,1,1,0.0,2.0,2.0,2,,,2.0,2.0,2.0,,,,2.0,,2.0,,,,,,,1.0,,,,,,,,,,,,,,,,,,,,2,,,2,2,2,,,,2,2,,2.0,2,2,2,,3,3.0,3.0,2.0,,,,2.0,,,,2,,,,,,2,,,,,,,2,2,,,,,1.0,1.0,2.0,2.0,1.0,,2,1,3,2,2.0,3.0,,0,0,4,4,4,2.0,4,5.0,1,2,0,0.0,2021
Nepal,NPL,South Asia,20742576.0,115075926,0.355965823159017,2,70.0,1,5,1.0,1.0,1,1,0.0,2.0,2.0,2,,,2.0,2.0,2.0,,,,1.0,2.0,1.0,,,,,,2.0,1.0,,,,,,,,,,,,,,,,,,,,2,,,2,2,2,,,,1,1,,2.0,2,1,2,,5,2.0,2.0,2.0,,,,2.0,,,,1,2.0,2.0,,,1.0,2,,,,,,,1,2,1.0,2.0,,,1.0,1.0,2.0,2.0,1.0,,2,2,2,2,2.0,2.0,,1,1,4,1,4,2.0,2,5.0,1,2,1,0.0,2021
Nepal,NPL,South Asia,20742576.0,190787151,0.403842007920215,1,58.0,1,5,1.0,1.0,0,0,0.0,,,2,,,,,,,,,,,,,,,,,,,2.0,1.0,2.0,2.0,3.0,2.0,1.0,1.0,1.0,,,,,,,,,,,2,,,2,2,2,,,,2,2,,2.0,2,2,2,,2,2.0,1.0,2.0,,,,1.0,2.0,2.0,2.0,2,,,,,,2,,,,,,,2,2,,,,,2.0,,,,,,1,1,2,3,2.0,2.0,,0,0,4,4,4,4.0,4,4.0,2,2,0,0.0,2021
Nepal,NPL,South Asia,20742576.0,190053460,0.569076120813622,1,16.0,2,3,1.0,1.0,0,0,0.0,,,2,,,,,,,,,,,,,,,,,,,1.0,1.0,2.0,1.0,2.0,2.0,1.0,2.0,1.0,,,,,,,,,,,2,,,2,2,2,,,,2,2,,2.0,2,2,2,,2,2.0,2.0,2.0,,,,2.0,,,,2,,,,,,2,,,,,,,2,2,,,,,2.0,,,,,,3,1,2,1,2.0,1.0,,0,0,4,4,4,4.0,4,5.0,2,1,0,0.0,2021
Nepal,NPL,South Asia,20742576.0,113777629,0.844008272951617,2,18.0,2,4,2.0,1.0,0,0,0.0,,,2,,,,,,,,,,,,,,,,,,,3.0,2.0,2.0,2.0,2.0,2.0,1.0,1.0,2.0,,,,,,,,,,,2,,,2,2,2,,,,2,2,,2.0,2,2,2,,7,,,2.0,,,,2.0,,,,2,,,,,,2,,,,,,,3,2,,,,,2.0,,,,,,3,2,2,2,2.0,1.0,,0,0,4,5,4,4.0,4,5.0,1,1,0,0.0,2021
Nepal,NPL,South Asia,20742576.0,145374970,0.797504876890055,1,54.0,1,4,2.0,2.0,0,0,0.0,,,2,,,,,,,,,,,,,,,,,,,2.0,2.0,2.0,2.0,2.0,2.0,2.0,2.0,2.0,,,,,,,,,,,2,,,2,2,2,,,,2,2,,2.0,2,2,2,,3,2.0,1.0,2.0,,,,2.0,,,,2,,,,,,2,,,,,,,2,2,,,,,2.0,,,,,,2,3,1,1,4.0,3.0,,0,0,4,4,4,4.0,4,5.0,1,2,0,0.0,2021
Nepal,NPL,South Asia,20742576.0,114918056,2.83160028258982,1,19.0,1,1,1.0,1.0,0,0,0.0,,,2,,,,,,,,,,,,,,,,,,,1.0,2.0,2.0,2.0,2.0,2.0,1.0,2.0,2.0,,,,,,,,,,,2,,,2,2,2,,,,2,2,,2.0,1,2,1,,1,4.0,5.0,2.0,,,,2.0,,,,2,,,,,,2,,,,,,,2,2,,,,,2.0,,,,,,2,1,1,1,4.0,1.0,,0,1,4,4,4,4.0,4,5.0,1,2,0,0.0,2021
Nepal,NPL,South Asia,20742576.0,154545532,1.23408214394269,2,40.0,1,2,1.0,1.0,0,0,0.0,,,2,,,,,,,,,,,,,,,,,,,2.0,2.0,2.0,2.0,2.0,2.0,1.0,2.0,2.0,,,,,,,,,,,2,,,2,2,2,,,,2,2,,2.0,1,2,1,,2,1.0,4.0,1.0,1.0,,,1.0,2.0,1.0,2.0,1,2.0,2.0,,,1.0,1,2.0,2.0,2.0,2.0,2.0,,3,2,,,,,2.0,,,,,,2,2,2,2,2.0,2.0,,0,1,3,5,4,4.0,2,1.0,1,2,0,0.0,2021
Nepal,NPL,South Asia,20742576.0,141219408,0.516569582328742,2,44.0,1,2,1.0,1.0,1,1,0.0,2.0,2.0,2,,,2.0,2.0,2.0,,,,1.0,2.0,2.0,,,,,,,1.0,,,,,,,,,,,,,,,,,,,,2,,,2,2,2,,,,2,2,,2.0,1,1,1,,4,1.0,1.0,2.0,,,,2.0,,,,1,2.0,2.0,,,1.0,2,,,,,,,2,2,,,,,2.0,,,,,,2,1,1,2,2.0,2.0,,0,1,4,4,4,4.0,2,5.0,1,2,0,0.0,2021
Nepal,NPL,South Asia,20742576.0,134956600,0.430552650861222,2,25.0,2,5,2.0,2.0,1,1,0.0,2.0,2.0,1,1.0,1.0,1.0,1.0,2.0,,,,1.0,1.0,1.0,,,,,,1.0,1.0,,,,,,,,,,,,,,,,,,,,2,2.0,,1,1,1,2.0,1.0,,2,2,,1.0,2,2,2,2.0,4,2.0,2.0,1.0,2.0,1.0,1.0,2.0,,,,2,,,,,,2,,,,,,,2,2,,,,,2.0,,,,,,3,1,2,3,2.0,2.0,,1,0,4,4,4,4.0,4,2.0,1,1,1,1.0,2021
Nepal,NPL,South Asia,20742576.0,114026535,0.387227512980035,1,27.0,2,4,1.0,1.0,1,1,0.0,2.0,2.0,2,,,2.0,2.0,2.0,,,,1.0,1.0,2.0,,,,,,,1.0,,,,,,,,,,,,,,,,,,,,2,,,2,2,2,,,,2,2,,2.0,2,2,2,,3,2.0,1.0,2.0,,,,2.0,,,,2,,,,,,2,,,,,,,2,2,,,,,2.0,,,,,,2,1,2,3,2.0,1.0,,0,0,4,4,4,4.0,4,5.0,1,2,0,0.0,2021
Nepal,NPL,South Asia,20742576.0,113284617,1.16163893359296,2,20.0,2,5,2.0,2.0,1,1,0.0,2.0,2.0,2,,,2.0,1.0,2.0,,,,2.0,,2.0,,,,,,,1.0,,,,,,,,,,,,,,,,,,,,2,,,2,2,2,,,,2,2,,2.0,2,2,2,,2,3.0,3.0,2.0,,,,2.0,,,,2,,,,,,2,,,,,,,2,2,,,,,2.0,,,,,,3,3,3,3,,3.0,,0,0,4,4,4,4.0,4,5.0,1,1,0,0.0,2021
Nepal,NPL,South Asia,20742576.0,203477073,1.54970874698623,2,42.0,1,4,1.0,1.0,1,1,0.0,2.0,2.0,2,,,2.0,2.0,2.0,,,,2.0,,2.0,,,,,,,1.0,,,,,,,,,,,,,,,,,,,,2,,,2,2,2,,,,1,2,,2.0,2,1,2,,2,1.0,2.0,2.0,,,,2.0,,,,1,2.0,2.0,,,1.0,2,,,,,,,2,2,,,,,2.0,,,,,,2,2,2,1,4.0,1.0,,1,1,4,4,4,4.0,2,5.0,1,2,0,0.0,2021
Nepal,NPL,South Asia,20742576.0,140489220,0.317739643614183,1,20.0,3,5,2.0,1.0,0,0,0.0,,,2,,,,,,,,,,,,,,,,,,,1.0,2.0,2.0,2.0,2.0,2.0,1.0,1.0,1.0,,,,,,,,,,,2,,,2,2,2,,,,2,2,,2.0,2,2,2,,2,2.0,3.0,2.0,,,,2.0,,,,2,,,,,,2,,,,,,,2,2,,,,,2.0,,,,,,3,3,2,1,4.0,2.0,,0,0,4,4,4,4.0,4,5.0,1,1,0,0.0,2021
Nepal,NPL,South Asia,20742576.0,134973921,0.278212457929046,2,62.0,2,4,1.0,1.0,1,1,0.0,2.0,2.0,1,1.0,2.0,2.0,1.0,2.0,,,,1.0,2.0,1.0,,,,,,2.0,1.0,,,,,,,,,,,,,,,,,,,,2,,,2,2,2,,,,2,2,,2.0,1,2,1,,3,2.0,1.0,1.0,1.0,,,1.0,2.0,1.0,1.0,1,2.0,2.0,,,1.0,2,,,,,,,2,2,,,,,2.0,,,,,,2,2,2,2,2.0,3.0,,0,1,4,4,4,4.0,2,1.0,1,1,1,0.0,2021
Nepal,NPL,South Asia,20742576.0,205178977,0.522373459246182,1,20.0,2,5,2.0,2.0,1,1,0.0,2.0,2.0,1,1.0,2.0,2.0,2.0,2.0,,,,1.0,1.0,1.0,,,,,,1.0,2.0,,,,,,,,,,,,,,,,,,,,2,,,2,2,2,,,,2,2,,2.0,2,2,2,,2,2.0,3.0,2.0,,,,1.0,1.0,,,2,,,,,,2,,,,,,,2,2,,,,,2.0,,,,,,2,2,2,3,3.0,2.0,,0,0,4,4,4,4.0,4,1.0,1,1,1,0.0,2021
Nepal,NPL,South Asia,20742576.0,186179965,1.58869821807092,1,22.0,2,1,2.0,1.0,0,0,0.0,,,2,,,,,,,,,,,,,,,,,,,2.0,2.0,2.0,2.0,2.0,2.0,2.0,2.0,2.0,,,,,,,,,,,2,,,2,2,2,,,,2,2,,2.0,2,2,2,,2,2.0,2.0,2.0,,,,2.0,,,,2,,,,,,2,,,,,,,2,2,,,,,2.0,,,,,,3,3,3,3,,1.0,,0,0,4,4,4,4.0,4,5.0,2,2,0,0.0,2021
Nepal,NPL,South Asia,20742576.0,129726387,0.39863546280061,2,62.0,2,4,1.0,1.0,1,1,0.0,1.0,2.0,2,,,2.0,1.0,2.0,,,,2.0,,1.0,,,,,,2.0,2.0,,,,,,,,,,,,,,,,,,,,2,,,2,2,2,,,,2,2,,2.0,2,2,1,,6,3.0,3.0,2.0,,,,2.0,,,,1,2.0,2.0,,,1.0,2,,,,,,,2,1,2.0,2.0,2.0,2.0,2.0,,,,,,1,1,2,2,1.0,2.0,,0,1,4,4,3,4.0,2,5.0,1,1,0,0.0,2021
Nepal,NPL,South Asia,20742576.0,112114420,0.263544210014897,1,29.0,1,1,1.0,1.0,1,1,0.0,2.0,1.0,2,,,2.0,2.0,2.0,,,,2.0,,2.0,,,,,,,2.0,,,,,,,,,,,,,,,,,,,,2,,,2,2,2,,,,2,2,,1.0,1,2,1,1.0,3,1.0,1.0,2.0,,,,2.0,,,,1,2.0,2.0,,,1.0,1,2.0,2.0,2.0,1.0,,,1,2,1.0,2.0,,,1.0,1.0,2.0,2.0,2.0,2.0,1,1,1,1,2.0,1.0,,1,1,2,1,4,3.0,2,5.0,1,1,1,0.0,2021
Nepal,NPL,South Asia,20742576.0,141264523,1.02674061176052,1,82.0,1,1,2.0,1.0,1,1,0.0,1.0,1.0,2,,,2.0,2.0,2.0,,,,3.0,,2.0,,,,,,,2.0,,,,,,,,,,,,,,,,,,,,2,,,2,2,2,,,,2,2,,2.0,2,2,2,,8,,,2.0,,,,2.0,,,,2,,,,,,2,,,,,,,1,2,2.0,2.0,2.0,2.0,2.0,,,,,,1,1,1,2,2.0,1.0,,0,0,4,3,4,4.0,4,5.0,2,2,0,0.0,2021
Nepal,NPL,South Asia,20742576.0,130952157,2.33755039893737,2,30.0,1,2,1.0,1.0,1,1,0.0,2.0,2.0,2,,,2.0,2.0,2.0,,,,2.0,,2.0,,,,,,,2.0,,,,,,,,,,,,,,,,,,,,2,,,2,2,2,,,,2,2,,1.0,1,2,1,1.0,2,3.0,3.0,2.0,,,,2.0,,,,2,,,,,,1,2.0,2.0,2.0,1.0,,,2,2,,,,,2.0,,,,,,3,2,3,2,4.0,3.0,,1,1,2,4,4,4.0,4,5.0,1,1,0,0.0,2021
Nepal,NPL,South Asia,20742576.0,124127481,0.574597375853016,2,47.0,1,3,1.0,1.0,1,1,0.0,2.0,2.0,2,,,2.0,2.0,2.0,,,,2.0,,1.0,,,,,,2.0,2.0,,,,,,,,,,,,,,,,,,,,2,,,2,2,2,,,,2,2,,2.0,2,2,2,,3,2.0,1.0,2.0,,,,2.0,,,,1,2.0,2.0,,,1.0,2,,,,,,,2,2,,,,,1.0,1.0,2.0,2.0,1.0,,2,2,3,2,2.0,3.0,,0,0,4,4,4,2.0,2,5.0,1,1,0,0.0,2021
Nepal,NPL,South Asia,20742576.0,155263006,0.452922480377279,2,73.0,1,4,2.0,1.0,0,0,0.0,,,2,,,,,,,,,,,,,,,,,,,2.0,2.0,2.0,2.0,1.0,2.0,2.0,2.0,2.0,,,,,,,,,,,2,,,2,2,2,,,,2,2,,2.0,2,2,2,,2,2.0,1.0,2.0,,,,2.0,,,,2,,,,,,2,,,,,,,2,2,,,,,2.0,,,,,,3,2,3,3,,3.0,,1,0,4,4,4,4.0,4,5.0,1,2,0,0.0,2021
Nepal,NPL,South Asia,20742576.0,190527410,0.855118851206909,1,40.0,1,3,1.0,2.0,0,0,0.0,,,2,,,,,,,,,,,,,,,,,,,2.0,2.0,1.0,2.0,1.0,3.0,1.0,2.0,2.0,,,,,,,,,,,2,,,2,2,2,,,,2,2,,1.0,1,2,1,1.0,2,1.0,1.0,2.0,,,,1.0,2.0,2.0,1.0,2,,,,,,2,,,,,,,2,2,,,,,1.0,1.0,2.0,2.0,1.0,,1,1,1,1,2.0,1.0,,1,1,4,4,4,2.0,4,2.0,1,2,0,0.0,2021
Nepal,NPL,South Asia,20742576.0,148475806,1.30403498217672,2,32.0,1,5,1.0,1.0,0,0,0.0,,,2,,,,,,,,,,,,,,,,,,,1.0,2.0,2.0,2.0,2.0,2.0,1.0,2.0,2.0,,,,,,,,,,,2,,,2,2,2,,,,2,2,,1.0,2,2,1,2.0,3,2.0,1.0,2.0,,,,2.0,,,,1,2.0,2.0,,,1.0,2,,,,,,,2,2,,,,,2.0,,,,,,1,1,3,1,2.0,3.0,,1,1,4,4,4,4.0,2,5.0,1,1,0,0.0,2021
Nepal,NPL,South Asia,20742576.0,113134201,0.861021399396093,1,15.0,2,5,2.0,1.0,0,0,0.0,,,2,,,,,,,,,,,,,,,,,,,1.0,2.0,2.0,2.0,2.0,2.0,2.0,1.0,1.0,,,,,,,,,,,2,,,2,2,2,,,,2,2,,2.0,2,2,2,,2,3.0,3.0,2.0,,,,2.0,,,,2,,,,,,2,,,,,,,2,2,,,,,2.0,,,,,,3,2,2,2,2.0,1.0,,0,0,4,4,4,4.0,4,5.0,1,1,0,0.0,2021
Nepal,NPL,South Asia,20742576.0,208330675,0.596475848961047,1,58.0,1,1,1.0,1.0,0,0,0.0,,,2,,,,,,,,,,,,,,,,,,,2.0,2.0,2.0,2.0,2.0,2.0,1.0,2.0,1.0,,,,,,,,,,,2,,,2,2,2,,,,2,2,,2.0,2,2,2,,2,1.0,1.0,2.0,,,,2.0,,,,1,2.0,2.0,,,2.0,2,,,,,,,2,2,,,,,2.0,,,,,,1,1,1,1,1.0,1.0,,0,0,4,4,4,4.0,3,5.0,1,2,0,0.0,2021
Nepal,NPL,South Asia,20742576.0,136072222,0.263544210014897,1,30.0,2,4,2.0,1.0,1,1,0.0,2.0,2.0,2,,,2.0,2.0,2.0,,,,2.0,,1.0,,,,,,2.0,1.0,,,,,,,,,,,,,,,,,,,,2,,,2,2,2,,,,2,2,,2.0,2,2,2,,2,1.0,1.0,2.0,,,,1.0,2.0,2.0,2.0,2,,,,,,2,,,,,,,2,2,,,,,2.0,,,,,,2,1,1,1,4.0,1.0,,0,0,4,4,4,4.0,4,4.0,2,1,0,0.0,2021
Nepal,NPL,South Asia,20742576.0,194227913,1.73155556763408,2,54.0,1,2,1.0,2.0,1,1,0.0,2.0,2.0,1,2.0,,2.0,2.0,2.0,,,,2.0,,2.0,,,,,,,2.0,,,,,,,,,,,,,,,,,,,,2,,,2,2,2,,,,2,2,,2.0,2,2,2,,2,1.0,1.0,2.0,,,,2.0,,,,2,,,,,,2,,,,,,,2,2,,,,,2.0,,,,,,1,1,1,1,2.0,1.0,,0,0,4,4,4,4.0,4,5.0,1,2,0,0.0,2021
Nepal,NPL,South Asia,20742576.0,174703990,1.25600569619954,2,33.0,1,2,1.0,1.0,1,1,0.0,2.0,2.0,2,,,2.0,2.0,2.0,,,,1.0,2.0,1.0,,,,,,2.0,2.0,,,,,,,,,,,,,,,,,,,,2,,,2,2,2,,,,2,2,,1.0,1,2,1,2.0,2,1.0,1.0,2.0,,,,1.0,1.0,,,1,2.0,2.0,,,1.0,2,,,,,,,2,2,,,,,1.0,1.0,2.0,2.0,1.0,,1,1,1,4,2.0,3.0,,1,1,4,4,4,2.0,2,1.0,1,2,1,0.0,2021
Nepal,NPL,South Asia,20742576.0,177495377,1.55377069630541,1,19.0,1,3,1.0,1.0,1,1,0.0,,,1,2.0,,2.0,2.0,1.0,2.0,,2.0,1.0,2.0,2.0,,,,,,,2.0,,,,,,,,,,,,,,,,,,,,2,,,2,2,2,,,,2,2,,2.0,2,2,2,,4,2.0,2.0,2.0,,,,2.0,,,,2,,,,,,2,,,,,,,1,2,2.0,2.0,2.0,2.0,2.0,,,,,,1,1,2,2,2.0,2.0,,0,0,4,3,4,4.0,4,5.0,1,2,0,0.0,2021
Nepal,NPL,South Asia,20742576.0,169361158,1.03355495487652,1,52.0,1,5,1.0,1.0,1,1,0.0,2.0,1.0,2,,,2.0,2.0,2.0,,,,2.0,,2.0,,,,,,,1.0,,,,,,,,,,,,,,,,,,,,2,,,2,2,2,,,,1,2,,2.0,2,2,1,,3,2.0,2.0,2.0,,,,1.0,2.0,2.0,2.0,1,1.0,2.0,1.0,,,2,,,,,,,2,2,,,,,1.0,1.0,2.0,2.0,1.0,,2,2,2,3,1.0,2.0,,1,1,4,4,4,2.0,1,4.0,1,1,1,0.0,2021
Nepal,NPL,South Asia,20742576.0,147917763,1.05501034118952,2,19.0,2,5,1.0,2.0,1,1,0.0,2.0,2.0,1,2.0,,1.0,1.0,2.0,,,,1.0,2.0,1.0,,,,,,2.0,1.0,,,,,,,,,,,,,,,,,,,,2,,,2,1,2,,,,2,1,,2.0,2,1,1,,3,2.0,1.0,1.0,1.0,,,1.0,1.0,,,2,,,,,,2,,,,,,,2,2,,,,,2.0,,,,,,2,2,3,2,2.0,2.0,,1,1,4,4,4,4.0,4,1.0,1,1,1,0.0,2021
Nepal,NPL,South Asia,20742576.0,180355656,0.778730180141868,2,74.0,1,5,2.0,1.0,1,1,0.0,,,2,,,,,,,,,,,,,,,,,,,,2.0,2.0,2.0,1.0,2.0,2.0,2.0,1.0,,,,,,,,,,,2,,,2,1,2,,,,2,2,,2.0,2,2,2,,1,3.0,3.0,2.0,,,,2.0,,,,2,,,,,,2,,,,,,,1,1,1.0,2.0,,,2.0,,,,,,2,2,2,2,1.0,3.0,,1,0,4,1,1,4.0,4,5.0,1,2,1,0.0,2021
Nepal,NPL,South Asia,20742576.0,183897573,0.905844960754559,2,69.0,1,4,1.0,1.0,1,1,0.0,,,2,,,,,,,,,,,,,,,,,,,,2.0,2.0,2.0,2.0,2.0,1.0,1.0,2.0,,,,,,,,,,,2,,,2,2,2,,,,2,2,,2.0,2,2,2,,2,2.0,2.0,2.0,,,,2.0,,,,1,2.0,2.0,,,1.0,2,,,,,,,1,1,2.0,2.0,1.0,,1.0,1.0,1.0,2.0,,,2,2,2,3,1.0,2.0,,0,0,4,2,2,1.0,2,5.0,1,2,1,0.0,2021
Nepal,NPL,South Asia,20742576.0,168112413,0.570469436337876,1,36.0,2,2,1.0,2.0,0,0,0.0,,,2,,,,,,,,,,,,,,,,,,,1.0,2.0,2.0,2.0,2.0,2.0,2.0,1.0,1.0,,,,,,,,,,,2,,,2,2,2,,,,2,2,,2.0,2,2,2,,2,3.0,3.0,2.0,,,,2.0,,,,2,,,,,,2,,,,,,,2,2,,,,,2.0,,,,,,3,2,2,2,4.0,2.0,,0,0,4,4,4,4.0,4,5.0,1,1,0,0.0,2021
Nepal,NPL,South Asia,20742576.0,120602830,0.310034743766702,1,45.0,1,5,1.0,1.0,1,1,0.0,2.0,2.0,2,,,2.0,2.0,2.0,,,,2.0,,2.0,,,,,,,1.0,,,,,,,,,,,,,,,,,,,,2,,,2,2,2,,,,2,2,,2.0,2,2,2,,2,1.0,1.0,2.0,,,,2.0,,,,2,,,,,,2,,,,,,,2,2,,,,,2.0,,,,,,1,1,1,1,1.0,3.0,,1,0,4,4,4,4.0,4,5.0,1,2,0,0.0,2021
Nepal,NPL,South Asia,20742576.0,142164910,1.81168992150912,2,65.0,1,4,1.0,1.0,1,1,0.0,1.0,1.0,2,,,2.0,2.0,2.0,,,,1.0,2.0,2.0,,,,,,,1.0,,,,,,,,,,,,,,,,,,,,2,,,2,2,2,,,,1,2,,2.0,1,2,2,,1,2.0,2.0,2.0,,,,1.0,2.0,1.0,2.0,1,2.0,2.0,,,2.0,2,,,,,,,2,1,1.0,2.0,,,1.0,1.0,2.0,2.0,1.0,,1,1,3,2,2.0,2.0,,1,1,4,4,1,2.0,3,3.0,1,2,1,0.0,2021
Nepal,NPL,South Asia,20742576.0,153606906,0.387227512980035,1,26.0,2,5,2.0,1.0,1,1,0.0,2.0,2.0,1,2.0,,2.0,2.0,2.0,,,,1.0,2.0,1.0,,,,,,1.0,1.0,,,,,,,,,,,,,,,,,,,,2,,,2,2,2,,,,2,1,,2.0,2,2,2,,1,3.0,2.0,2.0,,,,2.0,,,,1,2.0,2.0,,,1.0,2,,,,,,,3,2,,,,,2.0,,,,,,3,3,2,2,3.0,1.0,,1,0,4,5,4,4.0,2,5.0,1,1,0,0.0,2021
Nepal,NPL,South Asia,20742576.0,182332460,1.05647829976555,1,33.0,1,3,1.0,1.0,0,0,0.0,,,2,,,,,,,,,,,,,,,,,,,2.0,1.0,2.0,2.0,2.0,2.0,1.0,2.0,2.0,,,,,,,,,,,2,,,2,2,2,,,,2,2,,2.0,2,2,1,,3,2.0,1.0,2.0,,,,2.0,,,,1,2.0,2.0,,,1.0,1,2.0,2.0,2.0,1.0,,,2,2,,,,,1.0,1.0,2.0,2.0,1.0,,2,2,2,2,1.0,1.0,,0,1,2,4,4,2.0,2,5.0,1,2,0,0.0,2021
Nepal,NPL,South Asia,20742576.0,166229238,2.83160028258982,1,24.0,1,2,1.0,1.0,1,1,0.0,2.0,2.0,2,,,2.0,2.0,3.0,,,,2.0,,2.0,,,,,,,2.0,,,,,,,,,,,,,,,,,,,,2,,,2,2,2,,,,2,2,,2.0,2,2,2,,8,,,2.0,,,,2.0,,,,1,2.0,2.0,,,1.0,2,,,,,,,1,2,2.0,2.0,2.0,2.0,2.0,,,,,,1,1,1,3,1.0,2.0,,0,0,4,3,4,4.0,2,5.0,1,2,0,0.0,2021
Nepal,NPL,South Asia,20742576.0,209454435,0.320146119486293,1,67.0,1,4,1.0,1.0,1,1,0.0,2.0,2.0,2,,,2.0,2.0,2.0,,,,1.0,2.0,1.0,,,,,,2.0,1.0,,,,,,,,,,,,,,,,,,,,2,,,2,2,2,,,,2,2,,2.0,2,2,2,,4,1.0,1.0,2.0,,,,2.0,,,,1,2.0,2.0,,,1.0,2,,,,,,,1,2,1.0,2.0,,,1.0,1.0,1.0,2.0,,,2,2,2,3,2.0,1.0,,0,0,4,1,4,1.0,2,5.0,1,2,1,0.0,2021
Nepal,NPL,South Asia,20742576.0,204549041,0.620069487533404,1,54.0,1,5,1.0,1.0,1,1,0.0,1.0,2.0,1,2.0,,2.0,2.0,2.0,,,,1.0,2.0,1.0,,,,,,1.0,1.0,,,,,,,,,,,,,,,,,,,,2,,,2,2,2,,,,1,2,,2.0,2,2,2,,2,1.0,1.0,2.0,,,,2.0,,,,2,,,,,,2,,,,,,,2,2,,,,,2.0,,,,,,1,1,1,1,2.0,1.0,,1,0,4,4,4,4.0,4,5.0,1,1,0,0.0,2021
Nepal,NPL,South Asia,20742576.0,180449841,0.901929362205871,1,58.0,1,5,2.0,1.0,0,0,0.0,,,2,,,,,,,,,,,,,,,,,,,1.0,1.0,1.0,2.0,1.0,1.0,1.0,1.0,1.0,,,,,,,,,,,2,,,2,2,2,,,,2,2,,2.0,2,2,2,,2,1.0,1.0,2.0,,,,2.0,,,,2,,,,,,2,,,,,,,2,2,,,,,1.0,3.0,2.0,2.0,2.0,2.0,3,3,3,3,,2.0,,0,0,4,4,4,3.0,4,5.0,1,2,0,0.0,2021
Nepal,NPL,South Asia,20742576.0,205381092,0.532230054413927,1,18.0,2,4,1.0,1.0,0,0,0.0,,,2,,,,,,,,,,,,,,,,,,,2.0,1.0,1.0,1.0,2.0,2.0,1.0,2.0,1.0,,,,,,,,,,,2,,,2,1,2,,,,2,2,,1.0,2,2,2,1.0,1,3.0,3.0,2.0,,,,2.0,,,,2,,,,,,2,,,,,,,1,2,2.0,2.0,1.0,,2.0,,,,,,1,2,3,3,1.0,3.0,,1,1,4,2,4,4.0,4,5.0,1,1,0,0.0,2021
Nepal,NPL,South Asia,20742576.0,141418544,0.263544210014897,1,48.0,2,2,1.0,1.0,1,1,0.0,1.0,2.0,2,,,2.0,2.0,2.0,,,,2.0,,1.0,,,,,,1.0,2.0,,,,,,,,,,,,,,,,,,,,2,,,2,2,2,,,,2,2,,2.0,2,2,2,,3,2.0,1.0,1.0,1.0,,,1.0,2.0,1.0,2.0,1,2.0,2.0,,,1.0,2,,,,,,,2,2,,,,,1.0,1.0,2.0,2.0,1.0,,1,1,2,1,4.0,2.0,,0,1,4,4,4,2.0,2,1.0,1,2,1,0.0,2021
Nepal,NPL,South Asia,20742576.0,119325828,2.60753181105685,2,35.0,1,4,1.0,2.0,1,1,0.0,1.0,2.0,2,,,2.0,2.0,2.0,,,,1.0,2.0,2.0,,,,,,,1.0,,,,,,,,,,,,,,,,,,,,2,,,2,2,2,,,,2,2,,2.0,2,2,2,,3,1.0,1.0,2.0,,,,2.0,,,,1,2.0,2.0,,,1.0,1,2.0,2.0,2.0,1.0,,,2,2,,,,,2.0,,,,,,1,1,1,1,2.0,1.0,,0,0,2,4,4,4.0,2,5.0,1,2,0,0.0,2021
Nepal,NPL,South Asia,20742576.0,196152332,0.63345232892278,2,34.0,1,5,1.0,1.0,1,1,0.0,2.0,2.0,2,,,2.0,2.0,2.0,,,,2.0,,2.0,,,,,,,1.0,,,,,,,,,,,,,,,,,,,,2,,,2,2,2,,,,2,1,,2.0,1,2,2,,5,3.0,2.0,2.0,,,,2.0,,,,1,2.0,2.0,,,1.0,2,,,,,,,2,2,,,,,1.0,1.0,2.0,2.0,1.0,,1,1,1,1,4.0,1.0,,1,1,4,4,4,2.0,2,5.0,1,1,0,0.0,2021
Nepal,NPL,South Asia,20742576.0,124084181,0.290616774042975,1,40.0,3,5,1.0,1.0,1,1,0.0,2.0,2.0,2,,,2.0,2.0,2.0,,,,2.0,,2.0,,,,,,,1.0,,,,,,,,,,,,,,,,,,,,2,,,2,2,2,,,,2,1,,2.0,2,2,2,,3,3.0,3.0,2.0,,,,1.0,2.0,1.0,2.0,1,2.0,2.0,,,2.0,1,2.0,1.0,2.0,,,2.0,2,2,,,,,1.0,1.0,2.0,2.0,1.0,,3,3,3,3,,3.0,,1,0,1,4,4,2.0,3,3.0,1,1,1,0.0,2021
Nepal,NPL,South Asia,20742576.0,199533719,0.741399397903385,1,60.0,1,5,1.0,2.0,0,0,0.0,,,2,,,,,,,,,,,,,,,,,,,2.0,2.0,2.0,2.0,2.0,2.0,1.0,2.0,2.0,,,,,,,,,,,2,,,2,2,2,,,,2,2,,2.0,1,2,1,,3,1.0,1.0,2.0,,,,2.0,,,,1,2.0,2.0,,,1.0,2,,,,,,,2,2,,,,,2.0,,,,,,1,1,1,3,2.0,1.0,,0,1,4,4,4,4.0,2,5.0,1,2,0,0.0,2021
Nepal,NPL,South Asia,20742576.0,141375942,1.69436318020742,2,24.0,1,3,1.0,1.0,0,0,0.0,,,2,,,,,,,,,,,,,,,,,,,2.0,2.0,2.0,1.0,2.0,2.0,1.0,2.0,2.0,,,,,,,,,,,2,,,2,2,2,,,,2,2,,2.0,2,2,2,,1,1.0,1.0,2.0,,,,2.0,,,,2,,,,,,2,,,,,,,2,2,,,,,2.0,,,,,,1,1,2,2,2.0,2.0,,0,0,4,4,4,4.0,4,5.0,1,1,0,0.0,2021
Nepal,NPL,South Asia,20742576.0,189667001,0.34850100069713,2,42.0,2,2,1.0,1.0,0,0,0.0,,,2,,,,,,,,,,,,,,,,,,,1.0,2.0,2.0,2.0,2.0,2.0,1.0,2.0,2.0,,,,,,,,,,,2,,,2,2,2,,,,2,2,,2.0,2,2,2,,5,3.0,3.0,2.0,,,,2.0,,,,1,2.0,2.0,,,1.0,1,2.0,2.0,2.0,1.0,,,2,2,,,,,1.0,1.0,2.0,2.0,1.0,,3,2,3,3,,3.0,,0,0,2,4,4,2.0,2,5.0,1,2,0,0.0,2021
Nepal,NPL,South Asia,20742576.0,199716041,0.549023217954804,1,70.0,1,1,2.0,1.0,0,0,0.0,,,2,,,,,,,,,,,,,,,,,,,2.0,2.0,2.0,2.0,2.0,2.0,2.0,2.0,2.0,,,,,,,,,,,2,,,2,2,2,,,,2,2,,2.0,2,2,2,,2,1.0,1.0,2.0,,,,3.0,,,,2,,,,,,2,,,,,,,1,2,2.0,2.0,2.0,2.0,2.0,,,,,,1,1,1,3,5.0,1.0,,0,0,4,3,4,4.0,4,6.0,2,2,0,0.0,2021
Nepal,NPL,South Asia,20742576.0,165908779,0.774296160891017,1,35.0,1,4,2.0,2.0,1,1,0.0,2.0,1.0,2,,,2.0,2.0,2.0,,,,2.0,,2.0,,,,,,,1.0,,,,,,,,,,,,,,,,,,,,2,,,2,2,2,,,,2,2,,2.0,2,2,2,,1,1.0,1.0,2.0,,,,2.0,,,,1,2.0,2.0,,,1.0,2,,,,,,,2,2,,,,,2.0,,,,,,5,1,3,2,2.0,2.0,,0,0,4,4,4,4.0,2,5.0,1,1,0,0.0,2021
Nepal,NPL,South Asia,20742576.0,208853131,0.570469436337876,1,38.0,2,5,1.0,1.0,1,1,0.0,2.0,2.0,1,2.0,,2.0,2.0,2.0,,,,1.0,1.0,1.0,,,,,,1.0,1.0,,,,,,,,,,,,,,,,,,,,2,,,2,2,2,,,,2,1,,1.0,2,2,2,2.0,1,2.0,2.0,2.0,,,,2.0,,,,1,2.0,2.0,,,1.0,2,,,,,,,2,2,,,,,2.0,,,,,,2,2,2,1,4.0,2.0,,1,0,4,4,4,4.0,2,5.0,1,1,0,0.0,2021
Nepal,NPL,South Asia,20742576.0,134651755,0.263544210014897,2,36.0,2,2,1.0,1.0,0,0,0.0,,,2,,,,,,,,,,,,,,,,,,,1.0,2.0,2.0,2.0,2.0,2.0,1.0,2.0,1.0,,,,,,,,,,,2,,,2,2,2,,,,2,2,,2.0,2,2,1,,3,1.0,1.0,2.0,,,,2.0,,,,2,,,,,,2,,,,,,,2,2,,,,,2.0,,,,,,1,1,2,2,4.0,3.0,,0,1,4,4,4,4.0,4,5.0,1,2,0,0.0,2021
Nepal,NPL,South Asia,20742576.0,152878708,0.263544210014897,2,56.0,2,5,1.0,1.0,1,1,0.0,2.0,1.0,2,,,2.0,2.0,2.0,,,,2.0,,2.0,,,,,,,1.0,,,,,,,,,,,,,,,,,,,,2,,,2,2,2,,,,2,2,,2.0,1,1,1,,4,2.0,2.0,2.0,,,,2.0,,,,2,,,,,,1,2.0,1.0,2.0,,,2.0,2,2,,,,,1.0,1.0,2.0,2.0,1.0,,1,2,2,2,1.0,2.0,,0,1,1,4,4,2.0,4,5.0,1,2,1,0.0,2021
Nepal,NPL,South Asia,20742576.0,191287661,0.311534997464268,1,34.0,3,4,2.0,1.0,0,0,0.0,,,2,,,,,,,,,,,,,,,,,,,1.0,2.0,2.0,2.0,2.0,2.0,1.0,2.0,2.0,,,,,,,,,,,2,,,2,2,2,,,,2,2,,2.0,2,2,2,,2,2.0,1.0,2.0,,,,2.0,,,,2,,,,,,2,,,,,,,2,2,,,,,2.0,,,,,,3,3,3,2,,3.0,,0,0,4,4,4,4.0,4,5.0,1,1,0,0.0,2021
Nepal,NPL,South Asia,20742576.0,160408909,0.63345232892278,2,30.0,1,5,1.0,2.0,0,0,0.0,,,2,,,,,,,,,,,,,,,,,,,1.0,2.0,2.0,2.0,2.0,2.0,2.0,2.0,1.0,,,,,,,,,,,2,,,2,1,2,,,,2,2,,2.0,2,2,1,,3,3.0,3.0,2.0,,,,2.0,,,,2,,,,,,1,2.0,2.0,2.0,1.0,,,2,2,,,,,2.0,,,,,,2,2,3,3,2.0,1.0,,0,1,2,4,4,4.0,4,5.0,1,1,0,0.0,2021
Nepal,NPL,South Asia,20742576.0,189159518,0.577185189211362,2,52.0,1,2,1.0,2.0,1,1,0.0,2.0,2.0,2,,,2.0,2.0,2.0,,,,2.0,,1.0,,,,,,2.0,2.0,,,,,,,,,,,,,,,,,,,,2,,,2,2,2,,,,2,2,,2.0,2,2,2,,5,1.0,1.0,2.0,,,,2.0,,,,1,2.0,2.0,,,1.0,2,,,,,,,2,2,,,,,2.0,,,,,,1,1,1,2,2.0,1.0,,0,0,4,4,4,4.0,2,5.0,1,2,0,0.0,2021
Nepal,NPL,South Asia,20742576.0,148100310,0.689446262537218,2,45.0,1,2,1.0,2.0,1,1,0.0,2.0,2.0,2,,,2.0,2.0,2.0,,,,1.0,1.0,1.0,,,,,,2.0,1.0,,,,,,,,,,,,,,,,,,,,2,,,2,2,2,,,,1,1,,2.0,2,1,2,,3,2.0,1.0,2.0,,,,2.0,,,,1,2.0,2.0,,,1.0,2,,,,,,,2,2,,,,,1.0,1.0,1.0,2.0,,,5,3,3,3,,1.0,,1,1,4,4,4,1.0,2,5.0,1,1,1,0.0,2021
Nepal,NPL,South Asia,20742576.0,180194363,0.263544210014897,2,34.0,3,5,1.0,1.0,1,1,0.0,1.0,1.0,1,1.0,2.0,1.0,1.0,2.0,,,,1.0,1.0,1.0,,,,,,1.0,1.0,,,,,,,,,,,,,,,,,,,,2,,,1,1,2,,,,2,1,,1.0,1,2,1,1.0,2,3.0,2.0,1.0,1.0,,,1.0,1.0,,,1,2.0,1.0,1.0,,,1,1.0,1.0,2.0,,,2.0,2,2,,,,,1.0,1.0,2.0,2.0,1.0,,3,3,2,3,,2.0,,1,1,1,4,4,2.0,1,1.0,1,1,1,0.0,2021
Nepal,NPL,South Asia,20742576.0,200346873,1.67981160430321,2,81.0,1,4,1.0,1.0,1,1,0.0,,,2,,,,,,,,,,,,,,,,,,,,2.0,2.0,2.0,2.0,2.0,1.0,2.0,1.0,,,,,,,,,,,2,,,2,2,2,,,,2,2,,2.0,2,2,2,,2,1.0,1.0,2.0,,,,2.0,,,,2,,,,,,2,,,,,,,1,1,1.0,2.0,,,2.0,,,,,,1,1,1,3,1.0,1.0,,0,0,4,1,1,4.0,4,5.0,1,2,1,0.0,2021
Nepal,NPL,South Asia,20742576.0,140746614,1.26764417283269,1,25.0,1,2,2.0,1.0,0,0,0.0,,,2,,,,,,,,,,,,,,,,,,,2.0,2.0,2.0,2.0,2.0,2.0,1.0,2.0,2.0,,,,,,,,,,,2,,,2,2,2,,,,2,2,,1.0,2,2,1,1.0,2,2.0,1.0,2.0,,,,2.0,,,,2,,,,,,2,,,,,,,2,2,,,,,2.0,,,,,,1,1,1,2,2.0,1.0,,1,1,4,4,4,4.0,4,5.0,1,2,0,0.0,2021
Nepal,NPL,South Asia,20742576.0,157024598,1.26690465784556,2,29.0,1,3,1.0,1.0,0,0,0.0,,,2,,,,,,,,,,,,,,,,,,,2.0,2.0,2.0,2.0,2.0,2.0,1.0,2.0,2.0,,,,,,,,,,,2,,,2,2,2,,,,2,2,,2.0,2,2,2,,2,1.0,1.0,2.0,,,,2.0,,,,1,2.0,2.0,,,1.0,2,,,,,,,1,2,2.0,2.0,2.0,2.0,2.0,,,,,,2,1,2,2,1.0,2.0,,0,0,4,3,4,4.0,2,5.0,1,1,0,0.0,2021
Nepal,NPL,South Asia,20742576.0,181646374,1.16163893359296,2,22.0,2,5,1.0,2.0,0,0,0.0,,,2,,,,,,,,,,,,,,,,,,,1.0,2.0,2.0,2.0,2.0,2.0,2.0,1.0,2.0,,,,,,,,,,,2,,,2,2,2,,,,2,2,,2.0,2,1,1,,2,2.0,2.0,2.0,,,,1.0,2.0,2.0,1.0,1,2.0,2.0,,,1.0,2,,,,,,,2,2,,,,,2.0,,,,,,2,2,2,2,2.0,2.0,,0,1,4,4,4,4.0,2,2.0,1,2,0,0.0,2021
Nepal,NPL,South Asia,20742576.0,151155227,0.538676181811816,1,65.0,1,4,2.0,1.0,0,0,0.0,,,2,,,,,,,,,,,,,,,,,,,2.0,2.0,2.0,2.0,2.0,2.0,1.0,2.0,2.0,,,,,,,,,,,2,,,2,2,2,,,,2,2,,2.0,2,2,1,,2,2.0,1.0,2.0,,,,2.0,,,,2,,,,,,2,,,,,,,2,2,,,,,1.0,1.0,2.0,2.0,1.0,,2,1,1,2,2.0,2.0,,0,1,4,4,4,2.0,4,5.0,1,2,0,0.0,2021
Nepal,NPL,South Asia,20742576.0,197526049,2.2624051690936,2,50.0,1,2,1.0,1.0,0,0,0.0,,,2,,,,,,,,,,,,,,,,,,,1.0,2.0,2.0,2.0,2.0,2.0,1.0,2.0,2.0,,,,,,,,,,,2,,,2,2,2,,,,2,2,,2.0,2,2,1,,2,1.0,1.0,2.0,,,,2.0,,,,1,2.0,2.0,,,1.0,2,,,,,,,2,2,,,,,2.0,,,,,,1,1,1,1,2.0,1.0,,0,1,4,4,4,4.0,2,5.0,1,2,0,0.0,2021
Nepal,NPL,South Asia,20742576.0,127577366,1.6950559945778,2,16.0,1,1,1.0,1.0,0,0,0.0,,,2,,,,,,,,,,,,,,,,,,,2.0,2.0,2.0,2.0,2.0,2.0,1.0,1.0,1.0,,,,,,,,,,,2,,,2,2,2,,,,2,2,,2.0,2,2,1,,2,2.0,2.0,2.0,,,,2.0,,,,2,,,,,,2,,,,,,,2,2,,,,,2.0,,,,,,3,3,2,3,,3.0,,0,1,4,4,4,4.0,4,5.0,2,2,0,0.0,2021
Nepal,NPL,South Asia,20742576.0,164713394,0.264776687967799,1,18.0,2,1,2.0,1.0,0,0,0.0,,,2,,,,,,,,,,,,,,,,,,,2.0,2.0,2.0,1.0,2.0,2.0,1.0,2.0,2.0,,,,,,,,,,,2,,,2,2,2,,,,2,2,,2.0,2,2,2,,2,1.0,1.0,2.0,,,,2.0,,,,2,,,,,,2,,,,,,,2,2,,,,,2.0,,,,,,1,1,1,1,1.0,1.0,,0,0,4,4,4,4.0,4,5.0,1,1,0,0.0,2021
Nepal,NPL,South Asia,20742576.0,126031351,0.263544210014897,1,26.0,2,4,1.0,1.0,1,1,0.0,1.0,1.0,1,2.0,,2.0,1.0,2.0,,,,1.0,2.0,1.0,,,,,,2.0,1.0,,,,,,,,,,,,,,,,,,,,2,,,2,2,2,,,,2,2,,2.0,2,2,1,,2,3.0,2.0,2.0,,,,2.0,,,,2,,,,,,2,,,,,,,2,2,,,,,2.0,,,,,,3,3,3,3,,3.0,,0,1,4,4,4,4.0,4,5.0,1,1,0,0.0,2021
Nepal,NPL,South Asia,20742576.0,134111328,0.617041071971346,2,44.0,1,5,1.0,1.0,1,1,0.0,2.0,2.0,1,2.0,,2.0,2.0,2.0,,,,2.0,,2.0,,,,,,,1.0,,,,,,,,,,,,,,,,,,,,2,,,2,2,2,,,,2,2,,2.0,2,2,2,,2,1.0,1.0,2.0,,,,2.0,,,,1,2.0,2.0,,,1.0,2,,,,,,,2,2,,,,,2.0,,,,,,1,1,3,1,4.0,3.0,,0,0,4,4,4,4.0,2,5.0,1,2,0,0.0,2021
Nepal,NPL,South Asia,20742576.0,201156660,0.429158334934855,2,45.0,2,2,1.0,1.0,1,1,0.0,2.0,2.0,2,,,2.0,1.0,2.0,,,,2.0,,1.0,,,,,,2.0,1.0,,,,,,,,,,,,,,,,,,,,2,,,2,2,2,,,,2,2,,1.0,2,2,2,2.0,3,2.0,1.0,1.0,1.0,,,2.0,,,,1,1.0,2.0,1.0,,,2,,,,,,,2,2,,,,,1.0,1.0,2.0,2.0,1.0,,3,3,3,3,,2.0,,1,0,4,4,4,2.0,1,1.0,1,1,1,0.0,2021
Nepal,NPL,South Asia,20742576.0,144235464,1.80385872441174,1,69.0,1,5,2.0,2.0,1,1,0.0,2.0,1.0,2,,,2.0,2.0,2.0,,,,1.0,2.0,2.0,,,,,,,2.0,,,,,,,,,,,,,,,,,,,,2,,,2,2,2,,,,2,2,,2.0,2,2,2,,2,2.0,1.0,2.0,,,,2.0,,,,2,,,,,,2,,,,,,,1,2,1.0,2.0,,,2.0,,,,,,3,1,3,3,,1.0,,0,0,4,1,4,4.0,4,5.0,1,2,1,0.0,2021
Nepal,NPL,South Asia,20742576.0,181727101,0.417622441878868,2,52.0,1,1,1.0,1.0,0,0,0.0,,,2,,,,,,,,,,,,,,,,,,,2.0,2.0,2.0,1.0,2.0,3.0,1.0,2.0,2.0,,,,,,,,,,,2,,,2,2,2,,,,2,2,,2.0,1,2,1,,5,1.0,1.0,2.0,,,,2.0,,,,2,,,,,,2,,,,,,,2,2,,,,,1.0,1.0,2.0,2.0,2.0,2.0,1,1,1,1,2.0,2.0,,0,1,4,4,4,3.0,4,5.0,2,2,0,0.0,2021
Nepal,NPL,South Asia,20742576.0,118998267,1.32646385195894,2,23.0,1,4,1.0,2.0,0,0,0.0,,,2,,,,,,,,,,,,,,,,,,,1.0,2.0,2.0,2.0,2.0,2.0,1.0,2.0,1.0,,,,,,,,,,,2,,,2,2,2,,,,2,2,,2.0,2,2,2,,3,1.0,1.0,2.0,,,,2.0,,,,1,2.0,2.0,,,1.0,1,2.0,2.0,2.0,1.0,,,2,2,,,,,2.0,,,,,,3,1,3,3,,3.0,,0,0,2,4,4,4.0,2,5.0,1,1,0,0.0,2021
Nepal,NPL,South Asia,20742576.0,142514886,1.61607733497339,2,32.0,1,4,2.0,1.0,1,1,0.0,2.0,2.0,2,,,2.0,2.0,2.0,,,,2.0,,2.0,,,,,,,1.0,,,,,,,,,,,,,,,,,,,,2,,,1,1,2,,,,1,2,,2.0,2,2,1,,3,3.0,2.0,1.0,1.0,,,1.0,2.0,1.0,2.0,1,2.0,2.0,,,1.0,1,2.0,2.0,2.0,1.0,,,2,2,,,,,2.0,,,,,,1,1,2,2,1.0,2.0,,1,1,2,4,4,4.0,2,1.0,1,1,1,0.0,2021
Nepal,NPL,South Asia,20742576.0,159909639,0.861836786209837,1,52.0,1,2,1.0,1.0,0,0,0.0,,,3,,,,,,,,,,,,,,,,,,,1.0,2.0,1.0,2.0,2.0,2.0,1.0,2.0,2.0,,,,,,,,,,,3,,,2,2,2,,,,2,2,,2.0,2,2,2,,2,1.0,1.0,2.0,,,,2.0,,,,2,,,,,,2,,,,,,,2,2,,,,,1.0,1.0,2.0,2.0,1.0,,1,1,2,3,1.0,2.0,,0,0,4,4,4,2.0,4,5.0,2,2,0,0.0,2021
Nepal,NPL,South Asia,20742576.0,191220891,1.6173144816398,1,19.0,2,3,1.0,1.0,0,0,0.0,,,2,,,,,,,,,,,,,,,,,,,1.0,2.0,2.0,1.0,2.0,2.0,1.0,2.0,2.0,,,,,,,,,,,2,,,2,2,2,,,,2,2,,2.0,2,2,2,,3,2.0,2.0,2.0,,,,2.0,,,,2,,,,,,2,,,,,,,2,2,,,,,2.0,,,,,,2,1,1,1,4.0,1.0,,0,1,4,4,4,4.0,4,5.0,1,1,0,0.0,2021
Nepal,NPL,South Asia,20742576.0,207116416,1.81168992150912,2,82.0,1,4,2.0,2.0,0,0,0.0,,,2,,,,,,,,,,,,,,,,,,,2.0,2.0,2.0,2.0,2.0,2.0,2.0,2.0,2.0,,,,,,,,,,,2,,,2,2,2,,,,2,2,,2.0,2,2,2,,3,3.0,3.0,2.0,,,,2.0,,,,2,,,,,,2,,,,,,,1,2,2.0,2.0,1.0,,1.0,1.0,2.0,2.0,1.0,,3,3,3,3,,3.0,,0,0,4,2,4,2.0,4,5.0,2,2,0,0.0,2021
Nepal,NPL,South Asia,20742576.0,188876111,2.66109029356142,2,25.0,1,3,1.0,2.0,0,0,0.0,,,2,,,,,,,,,,,,,,,,,,,1.0,2.0,2.0,2.0,2.0,2.0,2.0,2.0,2.0,,,,,,,,,,,2,,,2,2,2,,,,2,2,,2.0,2,2,1,,2,3.0,3.0,2.0,,,,2.0,,,,2,,,,,,2,,,,,,,2,2,,,,,2.0,,,,,,2,2,3,4,2.0,2.0,,0,1,4,4,4,4.0,4,5.0,1,1,0,0.0,2021
Nepal,NPL,South Asia,20742576.0,207342452,1.40668759964212,1,52.0,1,1,1.0,1.0,0,0,0.0,,,2,,,,,,,,,,,,,,,,,,,2.0,2.0,2.0,2.0,2.0,2.0,1.0,1.0,2.0,,,,,,,,,,,2,,,2,2,2,,,,2,2,,2.0,2,2,2,,2,2.0,1.0,2.0,,,,2.0,,,,2,,,,,,2,,,,,,,2,2,,,,,2.0,,,,,,2,2,2,2,2.0,1.0,,0,0,4,4,4,4.0,4,5.0,2,2,0,0.0,2021
Nepal,NPL,South Asia,20742576.0,180953319,0.514178512685192,1,45.0,1,2,2.0,2.0,0,0,0.0,,,2,,,,,,,,,,,,,,,,,,,2.0,2.0,2.0,2.0,2.0,2.0,2.0,1.0,2.0,,,,,,,,,,,2,,,2,2,2,,,,1,2,,1.0,1,2,1,2.0,2,2.0,2.0,1.0,1.0,,,2.0,,,,2,,,,,,2,,,,,,,2,2,,,,,2.0,,,,,,3,2,3,3,,1.0,,1,1,4,4,4,4.0,4,1.0,1,1,0,0.0,2021
Nepal,NPL,South Asia,20742576.0,200441280,0.432577034554369,1,51.0,1,5,1.0,1.0,0,0,0.0,,,2,,,,,,,,,,,,,,,,,,,2.0,2.0,2.0,2.0,3.0,3.0,2.0,1.0,2.0,,,,,,,,,,,2,,,2,2,2,,,,2,2,,2.0,2,2,2,,2,3.0,3.0,2.0,,,,1.0,2.0,2.0,1.0,1,2.0,2.0,,,1.0,2,,,,,,,2,2,,,,,2.0,,,,,,3,3,3,3,,3.0,,0,0,4,4,4,4.0,2,2.0,1,1,0,0.0,2021
Nepal,NPL,South Asia,20742576.0,140330086,1.54970874698623,2,41.0,1,4,1.0,2.0,1,1,0.0,2.0,2.0,2,,,2.0,2.0,2.0,,,,2.0,,2.0,,,,,,,2.0,,,,,,,,,,,,,,,,,,,,2,,,2,2,2,,,,2,2,,2.0,2,2,1,,3,1.0,1.0,2.0,,,,2.0,,,,1,2.0,2.0,,,1.0,1,2.0,2.0,2.0,1.0,,,2,2,,,,,2.0,,,,,,3,1,2,3,2.0,1.0,,0,1,2,4,4,4.0,2,5.0,2,2,0,0.0,2021
Nepal,NPL,South Asia,20742576.0,188975082,0.90464878994484,2,56.0,1,2,1.0,1.0,1,1,1.0,1.0,2.0,1,1.0,1.0,1.0,1.0,1.0,1.0,1.0,1.0,1.0,1.0,1.0,,,,,,1.0,1.0,,,,,,,,,,,,,,,,2.0,1.0,1.0,1.0,2,1.0,,1,2,2,,,,2,1,2.0,2.0,1,1,1,,1,3.0,3.0,1.0,1.0,,,2.0,,,,1,1.0,1.0,1.0,,,1,2.0,2.0,2.0,1.0,,,2,2,,,,,1.0,1.0,2.0,2.0,1.0,,2,1,2,2,3.0,2.0,,1,1,2,4,4,2.0,1,1.0,1,2,1,1.0,2021
Nepal,NPL,South Asia,20742576.0,205784803,0.394534057303257,1,27.0,3,3,1.0,1.0,0,0,0.0,,,2,,,,,,,,,,,,,,,,,,,1.0,2.0,2.0,2.0,2.0,2.0,1.0,2.0,1.0,,,,,,,,,,,2,,,2,2,1,2.0,1.0,,1,2,,2.0,2,2,2,,3,3.0,3.0,2.0,,,,1.0,2.0,1.0,2.0,2,,,,,,2,,,,,,,2,2,,,,,2.0,,,,,,3,3,2,3,,3.0,,1,0,4,4,4,4.0,4,3.0,1,1,0,0.0,2021
Nepal,NPL,South Asia,20742576.0,118362092,1.58213696572327,1,23.0,1,4,1.0,2.0,0,0,0.0,,,2,,,,,,,,,,,,,,,,,,,1.0,2.0,2.0,2.0,2.0,2.0,2.0,2.0,2.0,,,,,,,,,,,2,,,2,2,2,,,,2,2,,2.0,2,2,2,,1,4.0,5.0,2.0,,,,2.0,,,,1,2.0,2.0,,,1.0,1,2.0,2.0,2.0,1.0,,,2,2,,,,,1.0,1.0,2.0,2.0,1.0,,1,3,3,3,,1.0,,1,0,2,4,4,2.0,2,5.0,1,2,0,0.0,2021
Nepal,NPL,South Asia,20742576.0,158782693,1.12738467219292,1,65.0,1,1,2.0,1.0,0,0,0.0,,,2,,,,,,,,,,,,,,,,,,,2.0,2.0,2.0,2.0,2.0,2.0,1.0,2.0,2.0,,,,,,,,,,,2,,,2,2,2,,,,2,2,,2.0,1,2,1,,2,1.0,1.0,2.0,,,,2.0,,,,2,,,,,,2,,,,,,,2,2,,,,,2.0,,,,,,1,1,1,1,2.0,1.0,,0,1,4,4,4,4.0,4,5.0,1,2,0,0.0,2021
Nepal,NPL,South Asia,20742576.0,164735636,1.89214251808798,1,26.0,1,2,2.0,1.0,0,0,0.0,,,2,,,,,,,,,,,,,,,,,,,2.0,2.0,2.0,1.0,2.0,1.0,1.0,3.0,2.0,,,,,,,,,,,2,,,2,2,2,,,,2,2,,2.0,2,2,2,,4,2.0,3.0,2.0,,,,2.0,,,,2,,,,,,2,,,,,,,2,2,,,,,2.0,,,,,,1,1,1,1,1.0,1.0,,0,0,4,4,4,4.0,4,5.0,1,2,0,0.0,2021
Nepal,NPL,South Asia,20742576.0,183164362,0.263544210014897,2,31.0,2,1,2.0,1.0,1,1,0.0,,,2,,,,,,,,,,,,,,,,,,,,1.0,1.0,2.0,2.0,2.0,1.0,1.0,2.0,,,,,,,,,,,2,,,2,2,2,,,,1,2,,1.0,2,2,1,2.0,4,2.0,1.0,2.0,,,,1.0,1.0,,,1,2.0,2.0,,,1.0,1,2.0,1.0,2.0,,,2.0,2,2,,,,,1.0,1.0,2.0,2.0,1.0,,2,2,2,3,3.0,2.0,,1,1,1,4,4,2.0,2,1.0,1,1,1,0.0,2021
Nepal,NPL,South Asia,20742576.0,163165540,1.61536803168086,1,60.0,1,1,1.0,1.0,1,1,0.0,1.0,2.0,2,,,2.0,2.0,2.0,,,,2.0,,1.0,,,,,,2.0,1.0,,,,,,,,,,,,,,,,,,,,2,,,2,2,2,,,,2,2,,2.0,2,2,2,,2,1.0,1.0,2.0,,,,2.0,,,,1,2.0,2.0,,,1.0,2,,,,,,,2,2,,,,,2.0,,,,,,1,1,1,3,1.0,3.0,,0,0,4,4,4,4.0,2,5.0,2,2,0,0.0,2021
Nepal,NPL,South Asia,20742576.0,197947698,2.83160028258982,1,28.0,1,4,1.0,1.0,0,0,0.0,,,2,,,,,,,,,,,,,,,,,,,2.0,2.0,2.0,2.0,2.0,2.0,1.0,1.0,2.0,,,,,,,,,,,2,,,2,2,2,,,,2,2,,2.0,3,2,2,,7,,,2.0,,,,2.0,,,,1,2.0,2.0,,,1.0,2,,,,,,,3,2,,,,,1.0,1.0,2.0,2.0,1.0,,5,3,2,2,3.0,2.0,,0,0,4,5,4,2.0,2,5.0,1,1,0,0.0,2021
Nepal,NPL,South Asia,20742576.0,133209678,2.83160028258982,1,40.0,1,4,1.0,1.0,1,1,0.0,2.0,1.0,2,,,2.0,2.0,2.0,,,,2.0,,1.0,,,,,,1.0,1.0,,,,,,,,,,,,,,,,,,,,2,,,2,2,2,,,,2,2,,1.0,2,2,1,2.0,2,2.0,2.0,2.0,,,,2.0,,,,1,2.0,2.0,,,1.0,2,,,,,,,1,2,1.0,2.0,,,1.0,1.0,1.0,2.0,,,2,2,2,2,1.0,1.0,,1,1,4,1,4,1.0,2,5.0,1,2,1,0.0,2021
Nepal,NPL,South Asia,20742576.0,147840914,0.929724073016573,1,50.0,1,1,1.0,1.0,1,1,0.0,1.0,1.0,2,,,2.0,2.0,2.0,,,,1.0,2.0,2.0,,,,,,,1.0,,,,,,,,,,,,,,,,,,,,2,,,1,2,1,2.0,1.0,,2,2,,2.0,2,2,1,,2,2.0,2.0,1.0,1.0,,,1.0,1.0,,,1,2.0,2.0,,,2.0,2,,,,,,,2,2,,,,,1.0,1.0,2.0,2.0,1.0,,2,3,2,3,1.0,2.0,,0,1,4,4,4,2.0,3,1.0,1,2,1,0.0,2021
Nepal,NPL,South Asia,20742576.0,132610550,0.77445502596007,1,30.0,3,5,1.0,2.0,1,1,1.0,2.0,2.0,1,2.0,,1.0,1.0,2.0,,,,1.0,1.0,1.0,,,,,,1.0,1.0,,,,,,,,,,,,,,,,1.0,2.0,2.0,1.0,2,,,1,1,1,3.0,2.0,,2,1,2.0,1.0,2,2,2,2.0,1,3.0,3.0,2.0,,,,2.0,,,,1,1.0,1.0,2.0,,,2,,,,,,,3,2,,,,,2.0,,,,,,3,2,3,3,,2.0,,1,0,4,5,4,4.0,1,5.0,1,1,1,1.0,2021
Nepal,NPL,South Asia,20742576.0,205894550,0.263544210014897,2,53.0,2,4,1.0,1.0,1,1,0.0,2.0,2.0,1,2.0,,2.0,2.0,1.0,1.0,2.0,1.0,1.0,1.0,1.0,,,,,,1.0,1.0,,,,,,,,,,,,,,,,,,,,2,,,2,2,2,,,,1,1,,2.0,2,2,2,,1,3.0,3.0,1.0,2.0,1.0,2.0,1.0,2.0,1.0,2.0,1,2.0,2.0,,,1.0,2,,,,,,,2,2,,,,,2.0,,,,,,1,1,1,1,1.0,3.0,,1,1,4,4,4,4.0,2,3.0,1,2,1,0.0,2021
Nepal,NPL,South Asia,20742576.0,145206819,1.24871623767376,2,78.0,1,2,2.0,1.0,1,1,0.0,2.0,1.0,2,,,2.0,2.0,2.0,,,,2.0,,2.0,,,,,,,2.0,,,,,,,,,,,,,,,,,,,,2,,,2,2,2,,,,2,2,,2.0,2,2,2,,2,1.0,1.0,2.0,,,,2.0,,,,2,,,,,,2,,,,,,,1,1,2.0,2.0,1.0,,2.0,,,,,,1,2,2,3,2.0,2.0,,0,0,4,2,2,4.0,4,5.0,2,2,0,0.0,2021
Nepal,NPL,South Asia,20742576.0,185535689,1.05501034118952,2,21.0,2,2,2.0,2.0,0,0,0.0,,,2,,,,,,,,,,,,,,,,,,,1.0,2.0,2.0,2.0,2.0,2.0,1.0,2.0,2.0,,,,,,,,,,,2,,,2,2,2,,,,2,2,,2.0,2,2,2,,2,2.0,1.0,2.0,,,,2.0,,,,2,,,,,,2,,,,,,,2,2,,,,,2.0,,,,,,1,1,1,1,2.0,1.0,,0,0,4,4,4,4.0,4,5.0,1,1,0,0.0,2021
Nepal,NPL,South Asia,20742576.0,153743542,0.957357195787224,2,22.0,2,4,2.0,2.0,1,1,0.0,2.0,2.0,2,,,2.0,1.0,2.0,,,,1.0,1.0,1.0,,,,,,1.0,1.0,,,,,,,,,,,,,,,,,,,,2,,,2,2,2,,,,2,2,,2.0,2,2,1,,1,3.0,3.0,2.0,,,,1.0,2.0,2.0,2.0,1,1.0,2.0,2.0,,,2,,,,,,,2,2,,,,,2.0,,,,,,2,2,3,4,2.0,3.0,,1,1,4,4,4,4.0,1,4.0,1,1,1,0.0,2021
Nepal,NPL,South Asia,20742576.0,178365330,2.51971740645481,2,63.0,1,1,2.0,1.0,0,0,0.0,,,2,,,,,,,,,,,,,,,,,,,2.0,2.0,1.0,1.0,2.0,2.0,1.0,2.0,2.0,,,,,,,,,,,2,,,2,2,2,,,,2,2,,2.0,2,2,1,,8,,,2.0,,,,2.0,,,,1,2.0,2.0,,,1.0,2,,,,,,,2,2,,,,,2.0,,,,,,1,1,1,2,1.0,2.0,,0,1,4,4,4,4.0,2,5.0,2,2,0,0.0,2021
Nepal,NPL,South Asia,20742576.0,186093691,1.40947515521718,2,30.0,1,2,1.0,1.0,1,1,0.0,2.0,2.0,2,,,2.0,2.0,2.0,,,,2.0,,2.0,,,,,,,1.0,,,,,,,,,,,,,,,,,,,,2,,,2,2,2,,,,2,2,,2.0,2,1,2,,3,3.0,2.0,2.0,,,,2.0,,,,2,,,,,,2,,,,,,,2,2,,,,,2.0,,,,,,1,1,1,1,4.0,1.0,,0,1,4,4,4,4.0,4,5.0,2,2,0,0.0,2021
Nepal,NPL,South Asia,20742576.0,115647631,1.13121966367224,1,42.0,1,3,1.0,1.0,1,1,0.0,2.0,1.0,2,,,2.0,2.0,2.0,,,,1.0,1.0,1.0,,,,,,2.0,1.0,,,,,,,,,,,,,,,,,,,,2,,,2,2,2,,,,1,1,,2.0,2,2,1,,2,1.0,1.0,1.0,1.0,,,2.0,,,,1,2.0,2.0,,,1.0,2,,,,,,,2,2,,,,,2.0,,,,,,3,1,2,2,2.0,2.0,,1,1,4,4,4,4.0,2,1.0,1,2,1,0.0,2021
Nepal,NPL,South Asia,20742576.0,165481929,1.73905414714672,1,49.0,1,4,1.0,1.0,1,1,0.0,2.0,2.0,2,,,2.0,2.0,2.0,,,,1.0,2.0,1.0,,,,,,2.0,1.0,,,,,,,,,,,,,,,,,,,,2,,,2,2,2,,,,1,2,,1.0,1,1,2,1.0,3,2.0,2.0,2.0,,,,2.0,,,,1,2.0,2.0,,,1.0,1,1.0,2.0,2.0,1.0,,,2,2,,,,,1.0,1.0,2.0,2.0,1.0,,3,3,3,3,,3.0,,1,1,2,4,4,2.0,2,5.0,1,2,0,0.0,2021
Nepal,NPL,South Asia,20742576.0,175550347,0.430552650861222,2,28.0,2,5,2.0,1.0,1,1,0.0,2.0,2.0,1,1.0,2.0,1.0,1.0,2.0,,,,1.0,2.0,1.0,,,,,,1.0,1.0,,,,,,,,,,,,,,,,,,,,2,,,2,2,1,3.0,2.0,,2,2,,2.0,2,2,2,,2,3.0,2.0,2.0,,,,1.0,1.0,,,2,,,,,,2,,,,,,,2,2,,,,,2.0,,,,,,3,3,2,2,3.0,2.0,,0,1,4,4,4,4.0,4,1.0,1,1,1,1.0,2021
Nepal,NPL,South Asia,20742576.0,112396605,2.83160028258982,2,19.0,1,3,1.0,1.0,1,1,0.0,1.0,2.0,2,,,2.0,2.0,2.0,,,,2.0,,2.0,,,,,,,2.0,,,,,,,,,,,,,,,,,,,,2,,,2,2,2,,,,2,2,,2.0,2,2,1,,3,2.0,2.0,2.0,,,,2.0,,,,2,,,,,,1,2.0,2.0,2.0,1.0,,,2,2,,,,,1.0,1.0,2.0,2.0,1.0,,3,1,1,2,2.0,2.0,,0,1,2,4,4,2.0,4,5.0,1,1,0,0.0,2021
Nepal,NPL,South Asia,20742576.0,173218584,0.635479287228367,1,18.0,2,3,1.0,2.0,0,0,0.0,,,2,,,,,,,,,,,,,,,,,,,2.0,1.0,1.0,1.0,2.0,2.0,2.0,1.0,2.0,,,,,,,,,,,2,,,2,2,2,,,,2,2,,2.0,2,2,2,,4,3.0,2.0,2.0,,,,2.0,,,,2,,,,,,2,,,,,,,2,2,,,,,2.0,,,,,,3,3,3,3,,1.0,,0,0,4,4,4,4.0,4,5.0,1,1,0,0.0,2021
Nepal,NPL,South Asia,20742576.0,163335304,0.839305465439974,1,39.0,1,4,1.0,1.0,1,1,0.0,2.0,2.0,2,,,2.0,2.0,2.0,,,,1.0,2.0,1.0,,,,,,2.0,2.0,,,,,,,,,,,,,,,,,,,,2,,,2,2,2,,,,2,2,,2.0,2,2,2,,2,2.0,1.0,1.0,1.0,,,2.0,,,,1,2.0,2.0,,,1.0,2,,,,,,,2,2,,,,,1.0,1.0,2.0,2.0,1.0,,2,1,2,2,2.0,2.0,,0,0,4,4,4,2.0,2,1.0,1,1,1,0.0,2021
Nepal,NPL,South Asia,20742576.0,132388417,0.930104231300106,1,48.0,1,1,1.0,1.0,1,1,0.0,2.0,1.0,2,,,2.0,2.0,2.0,,,,1.0,2.0,1.0,,,,,,2.0,2.0,,,,,,,,,,,,,,,,,,,,2,,,2,2,2,,,,2,2,,2.0,1,2,1,,7,,,2.0,,,,2.0,,,,2,,,,,,2,,,,,,,1,2,1.0,2.0,,,2.0,,,,,,1,1,1,1,1.0,1.0,,0,1,4,1,4,4.0,4,5.0,2,2,1,0.0,2021
Nepal,NPL,South Asia,20742576.0,115567593,0.486101012012604,2,46.0,3,5,1.0,1.0,1,1,1.0,1.0,2.0,1,1.0,2.0,1.0,1.0,1.0,1.0,2.0,1.0,1.0,1.0,1.0,,,,,,1.0,1.0,,,,,,,,,,,,,,,,2.0,1.0,2.0,1.0,1,2.0,,1,2,1,2.0,1.0,,2,1,2.0,2.0,2,2,2,,1,3.0,3.0,2.0,,,,2.0,,,,1,1.0,1.0,1.0,,,1,1.0,1.0,2.0,,,2.0,2,2,,,,,2.0,,,,,,3,3,3,3,,3.0,,1,1,1,4,4,4.0,1,5.0,1,1,1,1.0,2021
Nepal,NPL,South Asia,20742576.0,183528856,2.83160028258982,2,15.0,1,5,2.0,1.0,0,0,0.0,,,2,,,,,,,,,,,,,,,,,,,2.0,2.0,2.0,2.0,2.0,2.0,1.0,2.0,2.0,,,,,,,,,,,2,,,2,2,2,,,,2,2,,1.0,2,2,1,2.0,1,3.0,2.0,2.0,,,,2.0,,,,2,,,,,,2,,,,,,,2,2,,,,,2.0,,,,,,3,3,3,2,,2.0,,1,1,4,4,4,4.0,4,5.0,1,1,0,0.0,2021
Nepal,NPL,South Asia,20742576.0,154455527,0.92556160795702,2,40.0,1,4,1.0,2.0,1,1,0.0,1.0,2.0,1,2.0,,2.0,2.0,2.0,,,,1.0,2.0,1.0,,,,,,1.0,2.0,,,,,,,,,,,,,,,,,,,,2,,,2,2,2,,,,2,2,,2.0,2,2,1,,4,2.0,2.0,2.0,,,,1.0,2.0,1.0,2.0,2,,,,,,1,2.0,2.0,2.0,1.0,,,2,2,,,,,1.0,1.0,2.0,2.0,1.0,,2,1,2,1,2.0,2.0,,1,1,2,4,4,2.0,4,3.0,1,1,0,0.0,2021
Nepal,NPL,South Asia,20742576.0,188932701,1.90338427401585,1,39.0,1,3,1.0,1.0,0,0,0.0,,,2,,,,,,,,,,,,,,,,,,,1.0,2.0,2.0,2.0,2.0,2.0,1.0,2.0,2.0,,,,,,,,,,,2,,,2,2,2,,,,2,2,,2.0,1,2,1,,5,1.0,1.0,1.0,1.0,,,2.0,,,,2,,,,,,2,,,,,,,2,2,,,,,1.0,1.0,2.0,2.0,2.0,2.0,1,1,1,1,4.0,1.0,,0,1,4,4,4,3.0,4,1.0,1,2,0,0.0,2021
Nepal,NPL,South Asia,20742576.0,162805525,1.5564198306372,1,42.0,1,5,1.0,1.0,1,1,0.0,2.0,2.0,1,2.0,,2.0,2.0,1.0,2.0,,2.0,1.0,1.0,1.0,,,,,,1.0,1.0,,,,,,,,,,,,,,,,,,,,2,,,2,2,2,,,,2,1,,2.0,2,1,1,,1,3.0,2.0,1.0,1.0,,,2.0,,,,1,2.0,2.0,,,1.0,1,2.0,2.0,2.0,1.0,,,1,2,1.0,2.0,,,1.0,1.0,2.0,2.0,1.0,,2,1,3,3,2.0,3.0,,1,1,2,1,4,2.0,2,1.0,1,1,1,0.0,2021
Nepal,NPL,South Asia,20742576.0,139981879,1.56342947634423,1,40.0,1,5,1.0,1.0,1,1,0.0,1.0,1.0,2,,,2.0,2.0,2.0,,,,2.0,,2.0,,,,,,,2.0,,,,,,,,,,,,,,,,,,,,2,,,2,2,2,,,,2,2,,2.0,2,2,1,,2,1.0,1.0,2.0,,,,2.0,,,,2,,,,,,2,,,,,,,2,2,,,,,2.0,,,,,,1,1,1,2,5.0,1.0,,0,1,4,4,4,4.0,4,5.0,2,2,0,0.0,2021
Nepal,NPL,South Asia,20742576.0,135775684,0.469237887211846,2,30.0,2,5,1.0,1.0,1,1,0.0,1.0,1.0,1,2.0,,2.0,2.0,1.0,1.0,1.0,2.0,1.0,1.0,2.0,,,,,,,1.0,,,,,,,,,,,,,,,,,,,,2,1.0,,1,1,1,2.0,2.0,,1,1,,2.0,2,2,2,,3,3.0,3.0,1.0,2.0,1.0,2.0,1.0,1.0,,,1,2.0,2.0,,,2.0,1,2.0,1.0,2.0,,,2.0,2,2,,,,,2.0,,,,,,2,2,2,2,1.0,2.0,,1,1,1,4,4,4.0,3,1.0,1,1,1,1.0,2021
Nepal,NPL,South Asia,20742576.0,175130142,1.68105425205209,1,17.0,2,5,2.0,1.0,0,0,0.0,,,2,,,,,,,,,,,,,,,,,,,2.0,1.0,1.0,1.0,2.0,2.0,1.0,2.0,1.0,,,,,,,,,,,2,,,2,2,2,,,,2,2,,2.0,2,2,2,,2,2.0,2.0,2.0,,,,2.0,,,,2,,,,,,2,,,,,,,2,2,,,,,2.0,,,,,,3,2,2,2,4.0,2.0,,0,0,4,4,4,4.0,4,5.0,1,1,0,0.0,2021
Nepal,NPL,South Asia,20742576.0,139877796,0.979857123352354,2,61.0,1,5,2.0,2.0,1,1,0.0,2.0,1.0,2,,,2.0,2.0,2.0,,,,2.0,,1.0,,,,,,1.0,1.0,,,,,,,,,,,,,,,,,,,,2,,,2,2,2,,,,1,1,,2.0,2,2,1,,5,2.0,2.0,2.0,,,,2.0,,,,1,1.0,2.0,1.0,,,2,,,,,,,2,1,1.0,2.0,,,2.0,,,,,,1,1,2,3,2.0,2.0,,1,1,4,4,1,4.0,1,5.0,1,2,1,0.0,2021
Nepal,NPL,South Asia,20742576.0,183820322,0.964558008599436,1,22.0,2,4,1.0,2.0,0,0,0.0,,,2,,,,,,,,,,,,,,,,,,,1.0,2.0,2.0,2.0,2.0,2.0,1.0,2.0,2.0,,,,,,,,,,,2,,,2,2,2,,,,2,2,,2.0,2,2,2,,2,2.0,1.0,2.0,,,,2.0,,,,2,,,,,,2,,,,,,,2,2,,,,,2.0,,,,,,2,1,2,2,2.0,2.0,,0,0,4,4,4,4.0,4,5.0,1,1,0,0.0,2021
Nepal,NPL,South Asia,20742576.0,181323931,0.603512204675081,2,28.0,2,4,1.0,1.0,1,1,0.0,1.0,1.0,2,,,2.0,2.0,2.0,,,,2.0,,2.0,,,,,,,2.0,,,,,,,,,,,,,,,,,,,,2,,,2,2,2,,,,2,2,,2.0,2,1,1,,8,,,1.0,1.0,,,1.0,2.0,2.0,2.0,2,,,,,,2,,,,,,,2,2,,,,,2.0,,,,,,1,1,1,1,1.0,1.0,,0,1,4,4,4,4.0,4,1.0,1,2,1,0.0,2021
Nepal,NPL,South Asia,20742576.0,118603148,1.3873755000002,1,40.0,1,2,1.0,1.0,0,0,0.0,,,2,,,,,,,,,,,,,,,,,,,3.0,2.0,2.0,2.0,2.0,2.0,1.0,1.0,2.0,,,,,,,,,,,2,,,2,2,2,,,,2,2,,2.0,2,2,2,,2,1.0,1.0,2.0,,,,2.0,,,,2,,,,,,2,,,,,,,2,2,,,,,2.0,,,,,,5,2,2,2,2.0,2.0,,0,0,4,4,4,4.0,4,5.0,2,2,0,0.0,2021
Nepal,NPL,South Asia,20742576.0,147917894,0.358714835736321,2,39.0,3,1,1.0,1.0,1,1,1.0,,,1,1.0,1.0,1.0,2.0,2.0,,,,2.0,,1.0,,,,,,2.0,1.0,,,,,,,,,,,,,,,,1.0,2.0,2.0,1.0,2,2.0,,1,2,2,,,,2,2,2.0,2.0,2,2,2,,1,3.0,3.0,2.0,,,,2.0,,,,1,2.0,2.0,,,1.0,1,2.0,1.0,2.0,,,2.0,2,2,,,,,2.0,,,,,,1,3,3,3,,3.0,,0,0,1,4,4,4.0,2,5.0,1,1,1,1.0,2021
Nepal,NPL,South Asia,20742576.0,188341540,0.72429702596449,2,40.0,1,3,1.0,2.0,1,1,0.0,1.0,2.0,2,,,2.0,2.0,2.0,,,,2.0,,2.0,,,,,,,2.0,,,,,,,,,,,,,,,,,,,,2,,,2,2,2,,,,2,2,,2.0,2,2,2,,4,1.0,1.0,2.0,,,,2.0,,,,1,2.0,2.0,,,1.0,2,,,,,,,2,2,,,,,1.0,1.0,2.0,2.0,1.0,,1,1,1,1,4.0,1.0,,0,0,4,4,4,2.0,2,5.0,2,2,0,0.0,2021
Nepal,NPL,South Asia,20742576.0,193919409,0.522373459246182,1,24.0,3,5,1.0,2.0,1,1,1.0,2.0,2.0,1,1.0,1.0,1.0,1.0,2.0,,,,1.0,1.0,1.0,,,,,,1.0,1.0,,,,,,,,,,,,,,,,1.0,2.0,2.0,2.0,1,1.0,,1,1,2,,,,2,1,1.0,1.0,2,1,2,2.0,3,3.0,3.0,1.0,1.0,,,1.0,1.0,,,1,1.0,2.0,1.0,,,2,,,,,,,2,2,,,,,2.0,,,,,,5,3,2,3,,2.0,,1,1,4,4,4,4.0,1,1.0,1,1,1,1.0,2021
Nepal,NPL,South Asia,20742576.0,180559408,0.793609867978073,2,42.0,1,4,1.0,1.0,1,1,0.0,2.0,2.0,1,2.0,,2.0,2.0,3.0,,,,2.0,,2.0,,,,,,,1.0,,,,,,,,,,,,,,,,,,,,2,,,2,2,2,,,,2,1,,1.0,2,1,2,2.0,1,3.0,3.0,2.0,,,,2.0,,,,2,,,,,,2,,,,,,,2,2,,,,,2.0,,,,,,2,3,2,3,1.0,3.0,,1,1,4,4,4,4.0,4,5.0,1,2,0,0.0,2021
Nepal,NPL,South Asia,20742576.0,164111656,0.263544210014897,1,38.0,2,4,2.0,2.0,1,1,0.0,2.0,2.0,2,,,2.0,2.0,3.0,,,,1.0,2.0,1.0,,,,,,2.0,1.0,,,,,,,,,,,,,,,,,,,,2,,,2,2,2,,,,2,2,,1.0,1,1,1,1.0,2,2.0,1.0,2.0,,,,2.0,,,,1,2.0,2.0,,,1.0,2,,,,,,,2,1,2.0,2.0,2.0,2.0,2.0,,,,,,2,2,2,2,4.0,2.0,,1,1,4,4,3,4.0,2,5.0,1,1,0,0.0,2021
Nepal,NPL,South Asia,20742576.0,146049027,0.617041071971346,2,38.0,1,2,1.0,1.0,0,0,0.0,,,2,,,,,,,,,,,,,,,,,,,1.0,1.0,2.0,1.0,2.0,2.0,1.0,2.0,1.0,,,,,,,,,,,2,,,2,2,2,,,,2,2,,2.0,1,2,2,,2,1.0,1.0,2.0,,,,2.0,,,,2,,,,,,2,,,,,,,2,2,,,,,2.0,,,,,,1,1,1,1,4.0,1.0,,0,1,4,4,4,4.0,4,5.0,2,2,0,0.0,2021
Nepal,NPL,South Asia,20742576.0,116386132,0.532230054413927,1,17.0,2,1,1.0,1.0,0,0,0.0,,,2,,,,,,,,,,,,,,,,,,,2.0,2.0,3.0,1.0,2.0,2.0,1.0,2.0,2.0,,,,,,,,,,,2,,,2,2,2,,,,2,2,,2.0,2,2,2,,8,,,2.0,,,,2.0,,,,2,,,,,,2,,,,,,,2,2,,,,,2.0,,,,,,3,2,2,2,4.0,2.0,,0,0,4,4,4,4.0,4,5.0,1,1,0,0.0,2021
Nepal,NPL,South Asia,20742576.0,203026272,1.29275517931476,1,50.0,1,4,2.0,1.0,0,0,0.0,,,2,,,,,,,,,,,,,,,,,,,2.0,2.0,2.0,2.0,2.0,2.0,2.0,1.0,1.0,,,,,,,,,,,2,,,2,2,2,,,,2,2,,2.0,2,2,1,,2,1.0,1.0,2.0,,,,1.0,2.0,2.0,1.0,2,,,,,,2,,,,,,,2,2,,,,,2.0,,,,,,2,2,2,3,3.0,2.0,,0,1,4,4,4,4.0,4,2.0,2,2,0,0.0,2021
Nepal,NPL,South Asia,20742576.0,169149884,0.824074624690041,1,34.0,1,4,2.0,1.0,0,0,0.0,,,2,,,,,,,,,,,,,,,,,,,1.0,1.0,1.0,2.0,1.0,2.0,1.0,2.0,1.0,,,,,,,,,,,2,,,2,2,2,,,,2,2,,2.0,2,2,2,,2,1.0,1.0,2.0,,,,2.0,,,,1,2.0,2.0,,,1.0,2,,,,,,,2,2,,,,,2.0,,,,,,1,1,1,1,1.0,1.0,,0,0,4,4,4,4.0,2,5.0,1,2,0,0.0,2021
Nepal,NPL,South Asia,20742576.0,165220099,1.04763492708351,2,53.0,1,1,2.0,2.0,0,0,0.0,,,2,,,,,,,,,,,,,,,,,,,1.0,2.0,2.0,2.0,2.0,2.0,1.0,2.0,2.0,,,,,,,,,,,2,,,2,2,2,,,,2,2,,2.0,2,2,2,,7,,,2.0,,,,2.0,,,,1,2.0,2.0,,,2.0,2,,,,,,,2,2,,,,,2.0,,,,,,1,2,2,2,1.0,1.0,,0,0,4,4,4,4.0,3,5.0,2,2,0,0.0,2021
Nepal,NPL,South Asia,20742576.0,207325150,0.394534057303257,1,27.0,2,5,1.0,1.0,1,1,0.0,2.0,2.0,1,2.0,,1.0,2.0,2.0,,,,1.0,1.0,2.0,,,,,,,1.0,,,,,,,,,,,,,,,,,,,,2,,,2,1,2,,,,1,2,,2.0,2,2,1,,2,2.0,2.0,2.0,,,,1.0,2.0,2.0,1.0,2,,,,,,2,,,,,,,2,2,,,,,2.0,,,,,,3,3,3,3,,3.0,,1,1,4,4,4,4.0,4,2.0,1,1,1,0.0,2021
Nepal,NPL,South Asia,20742576.0,149404619,2.83160028258982,2,18.0,1,1,2.0,2.0,1,1,0.0,1.0,1.0,2,,,2.0,2.0,2.0,,,,1.0,2.0,1.0,,,,,,1.0,1.0,,,,,,,,,,,,,,,,,,,,2,,,2,2,2,,,,2,2,,2.0,2,2,2,,5,1.0,1.0,2.0,,,,2.0,,,,2,,,,,,1,2.0,1.0,2.0,,,1.0,2,2,,,,,2.0,,,,,,3,1,1,1,4.0,1.0,,0,0,1,4,4,4.0,4,5.0,2,1,1,0.0,2021
Nepal,NPL,South Asia,20742576.0,192128097,0.31282525814123,2,30.0,2,2,1.0,2.0,0,0,0.0,,,2,,,,,,,,,,,,,,,,,,,2.0,1.0,2.0,2.0,2.0,2.0,1.0,2.0,2.0,,,,,,,,,,,2,,,2,2,2,,,,2,2,,2.0,2,2,2,,3,2.0,1.0,2.0,,,,1.0,2.0,2.0,1.0,2,,,,,,2,,,,,,,2,2,,,,,2.0,,,,,,1,1,1,1,1.0,1.0,,0,0,4,4,4,4.0,4,2.0,1,1,0,0.0,2021
Nepal,NPL,South Asia,20742576.0,129617757,0.778209915318601,1,35.0,1,5,1.0,1.0,1,1,0.0,2.0,2.0,2,,,2.0,2.0,2.0,,,,1.0,1.0,2.0,,,,,,,1.0,,,,,,,,,,,,,,,,,,,,2,,,2,2,2,,,,1,1,,2.0,2,2,2,,2,3.0,2.0,2.0,,,,2.0,,,,1,2.0,2.0,,,1.0,2,,,,,,,2,2,,,,,1.0,1.0,2.0,2.0,1.0,,2,2,2,2,2.0,2.0,,1,0,4,4,4,2.0,2,5.0,1,2,0,0.0,2021
Nepal,NPL,South Asia,20742576.0,171848170,0.380539327503102,2,71.0,1,1,1.0,1.0,1,1,0.0,,,2,,,,,,,,,,,,,,,,,,,,1.0,3.0,2.0,2.0,3.0,1.0,2.0,2.0,,,,,,,,,,,2,,,2,2,2,,,,2,2,,2.0,2,2,2,,2,2.0,1.0,2.0,,,,2.0,,,,2,,,,,,2,,,,,,,1,2,1.0,2.0,,,2.0,,,,,,1,1,2,3,2.0,3.0,,0,0,4,1,4,4.0,4,5.0,2,2,1,0.0,2021
Nepal,NPL,South Asia,20742576.0,127075303,0.353290097568145,2,18.0,2,5,2.0,1.0,0,0,0.0,,,2,,,,,,,,,,,,,,,,,,,2.0,2.0,2.0,1.0,2.0,2.0,1.0,1.0,2.0,,,,,,,,,,,2,,,2,2,2,,,,2,2,,2.0,2,2,2,,2,2.0,1.0,2.0,,,,2.0,,,,2,,,,,,2,,,,,,,2,2,,,,,2.0,,,,,,2,1,2,2,2.0,1.0,,0,0,4,4,4,4.0,4,5.0,1,1,0,0.0,2021
Nepal,NPL,South Asia,20742576.0,134927541,0.390237381020251,2,69.0,1,4,1.0,1.0,1,1,0.0,2.0,2.0,2,,,2.0,2.0,2.0,,,,2.0,,2.0,,,,,,,1.0,,,,,,,,,,,,,,,,,,,,2,,,2,2,2,,,,2,2,,2.0,2,2,2,,2,1.0,1.0,2.0,,,,2.0,,,,1,2.0,2.0,,,1.0,2,,,,,,,2,2,,,,,2.0,,,,,,3,2,2,4,2.0,1.0,,0,0,4,4,4,4.0,2,5.0,1,2,0,0.0,2021
Nepal,NPL,South Asia,20742576.0,117544345,1.69522857727724,2,40.0,1,1,2.0,1.0,0,0,0.0,,,2,,,,,,,,,,,,,,,,,,,2.0,2.0,2.0,2.0,2.0,2.0,1.0,2.0,2.0,,,,,,,,,,,2,,,2,2,2,,,,2,2,,2.0,2,2,1,,2,1.0,1.0,2.0,,,,2.0,,,,2,,,,,,2,,,,,,,2,2,,,,,2.0,,,,,,1,1,1,1,2.0,2.0,,0,1,4,4,4,4.0,4,5.0,1,2,0,0.0,2021
Nepal,NPL,South Asia,20742576.0,153157794,0.548505227619735,2,62.0,1,1,1.0,1.0,0,0,0.0,,,2,,,,,,,,,,,,,,,,,,,2.0,2.0,2.0,2.0,3.0,2.0,1.0,2.0,2.0,,,,,,,,,,,2,,,2,2,2,,,,2,2,,2.0,2,2,2,,4,1.0,1.0,2.0,,,,2.0,,,,2,,,,,,2,,,,,,,2,2,,,,,2.0,,,,,,1,1,1,3,1.0,1.0,,0,0,4,4,4,4.0,4,5.0,2,2,0,0.0,2021
Nepal,NPL,South Asia,20742576.0,152419606,0.859440872551461,2,25.0,2,1,1.0,1.0,0,0,0.0,,,2,,,,,,,,,,,,,,,,,,,1.0,2.0,2.0,2.0,2.0,2.0,1.0,2.0,2.0,,,,,,,,,,,2,,,2,2,2,,,,2,2,,2.0,1,2,1,,3,1.0,1.0,2.0,,,,2.0,,,,2,,,,,,1,2.0,2.0,2.0,1.0,,,2,2,,,,,2.0,,,,,,1,1,2,1,4.0,1.0,,0,1,2,4,4,4.0,4,5.0,1,2,0,0.0,2021
Nepal,NPL,South Asia,20742576.0,193312408,0.688437114276508,1,37.0,2,4,2.0,1.0,1,1,0.0,1.0,2.0,1,2.0,,2.0,2.0,2.0,,,,1.0,2.0,1.0,,,,,,2.0,2.0,,,,,,,,,,,,,,,,,,,,2,,,2,2,2,,,,2,2,,2.0,2,1,2,,6,2.0,1.0,1.0,1.0,,,1.0,1.0,,,2,,,,,,2,,,,,,,2,2,,,,,1.0,1.0,2.0,2.0,1.0,,2,2,2,2,3.0,1.0,,0,1,4,4,4,2.0,4,1.0,1,1,1,0.0,2021
Nepal,NPL,South Asia,20742576.0,173004923,0.296367773193992,2,38.0,2,2,1.0,1.0,1,1,0.0,2.0,2.0,2,,,2.0,1.0,2.0,,,,2.0,,2.0,,,,,,,1.0,,,,,,,,,,,,,,,,,,,,2,,,2,2,2,,,,2,2,,2.0,1,1,1,,3,2.0,2.0,2.0,,,,2.0,,,,2,,,,,,2,,,,,,,2,2,,,,,2.0,,,,,,3,2,2,2,2.0,2.0,,0,1,4,4,4,4.0,4,5.0,1,2,0,0.0,2021
Nepal,NPL,South Asia,20742576.0,136046006,0.552779704064462,1,48.0,1,4,1.0,1.0,0,0,0.0,,,2,,,,,,,,,,,,,,,,,,,1.0,2.0,2.0,2.0,2.0,2.0,2.0,1.0,1.0,,,,,,,,,,,2,,,2,2,2,,,,2,2,,2.0,2,2,1,,2,3.0,3.0,2.0,,,,2.0,,,,2,,,,,,2,,,,,,,2,2,,,,,2.0,,,,,,2,3,2,1,4.0,3.0,,0,1,4,4,4,4.0,4,5.0,1,2,0,0.0,2021
Nepal,NPL,South Asia,20742576.0,124715092,0.394534057303257,1,29.0,2,5,2.0,1.0,1,1,0.0,1.0,2.0,2,,,2.0,2.0,2.0,,,,1.0,2.0,2.0,,,,,,,1.0,,,,,,,,,,,,,,,,,,,,2,,,2,2,2,,,,2,2,,2.0,2,2,2,,3,2.0,2.0,2.0,,,,2.0,,,,1,2.0,2.0,,,1.0,2,,,,,,,2,2,,,,,2.0,,,,,,3,3,3,3,,3.0,,0,0,4,4,4,4.0,2,5.0,1,1,0,0.0,2021
Nepal,NPL,South Asia,20742576.0,170029752,0.422047102969706,2,43.0,2,4,1.0,1.0,1,1,0.0,2.0,2.0,2,,,2.0,1.0,2.0,,,,2.0,,2.0,,,,,,,1.0,,,,,,,,,,,,,,,,,,,,2,,,2,2,2,,,,1,1,,1.0,2,1,2,2.0,1,3.0,3.0,2.0,,,,2.0,,,,1,2.0,2.0,,,1.0,2,,,,,,,2,2,,,,,2.0,,,,,,1,1,3,3,1.0,2.0,,1,1,4,4,4,4.0,2,5.0,1,2,0,0.0,2021
Nepal,NPL,South Asia,20742576.0,204582067,1.59500975378011,1,45.0,1,1,2.0,1.0,0,0,0.0,,,2,,,,,,,,,,,,,,,,,,,2.0,2.0,2.0,2.0,2.0,2.0,2.0,1.0,2.0,,,,,,,,,,,2,,,2,2,2,,,,2,2,,2.0,2,2,2,,3,1.0,1.0,2.0,,,,2.0,,,,2,,,,,,2,,,,,,,2,2,,,,,2.0,,,,,,1,1,1,3,3.0,1.0,,0,0,4,4,4,4.0,4,5.0,2,2,0,0.0,2021
Nepal,NPL,South Asia,20742576.0,119592898,1.36898748234736,1,55.0,1,1,1.0,1.0,1,1,0.0,2.0,2.0,2,,,2.0,2.0,2.0,,,,2.0,,1.0,,,,,,1.0,1.0,,,,,,,,,,,,,,,,,,,,2,,,2,2,2,,,,2,2,,2.0,2,1,2,,2,1.0,1.0,2.0,,,,2.0,,,,2,,,,,,2,,,,,,,2,2,,,,,2.0,,,,,,1,1,2,3,2.0,1.0,,0,1,4,4,4,4.0,4,5.0,2,2,0,0.0,2021
Nepal,NPL,South Asia,20742576.0,123506356,0.564808927613444,1,32.0,1,4,1.0,1.0,0,0,0.0,,,2,,,,,,,,,,,,,,,,,,,2.0,1.0,2.0,2.0,2.0,2.0,1.0,1.0,2.0,,,,,,,,,,,2,,,2,2,2,,,,2,2,,1.0,1,2,1,1.0,3,2.0,1.0,2.0,,,,1.0,2.0,2.0,2.0,1,2.0,2.0,,,1.0,2,,,,,,,2,2,,,,,1.0,1.0,2.0,2.0,1.0,,1,3,2,2,3.0,1.0,,1,1,4,4,4,2.0,2,4.0,1,2,0,0.0,2021
Nepal,NPL,South Asia,20742576.0,147254189,0.504970346972454,1,40.0,3,5,1.0,1.0,1,1,0.0,2.0,2.0,2,,,2.0,1.0,2.0,,,,2.0,,2.0,,,,,,,1.0,,,,,,,,,,,,,,,,,,,,2,,,2,2,2,,,,1,2,,1.0,2,2,1,1.0,2,2.0,1.0,1.0,2.0,2.0,2.0,1.0,2.0,2.0,2.0,2,,,,,,2,,,,,,,2,2,,,,,2.0,,,,,,2,1,2,1,4.0,1.0,,1,1,4,4,4,4.0,4,4.0,1,1,0,0.0,2021
Nepal,NPL,South Asia,20742576.0,126299410,0.580244248337443,1,24.0,2,2,2.0,1.0,0,0,0.0,,,2,,,,,,,,,,,,,,,,,,,1.0,2.0,2.0,2.0,2.0,2.0,1.0,2.0,2.0,,,,,,,,,,,2,,,2,2,2,,,,2,2,,2.0,2,2,2,,2,2.0,2.0,2.0,,,,1.0,1.0,,,2,,,,,,2,,,,,,,2,2,,,,,2.0,,,,,,1,1,2,1,1.0,2.0,,0,0,4,4,4,4.0,4,1.0,1,1,0,0.0,2021
Nepal,NPL,South Asia,20742576.0,133640359,1.67861093087995,1,41.0,1,5,1.0,1.0,0,0,0.0,,,2,,,,,,,,,,,,,,,,,,,1.0,2.0,2.0,2.0,2.0,2.0,2.0,1.0,2.0,,,,,,,,,,,2,,,2,2,2,,,,2,2,,2.0,2,2,2,,1,3.0,3.0,2.0,,,,2.0,,,,1,2.0,2.0,,,2.0,2,,,,,,,2,2,,,,,2.0,,,,,,2,2,3,3,2.0,2.0,,0,0,4,4,4,4.0,3,5.0,1,1,0,0.0,2021
Nepal,NPL,South Asia,20742576.0,146189215,0.590837423196281,1,22.0,2,5,2.0,2.0,0,0,0.0,,,2,,,,,,,,,,,,,,,,,,,1.0,2.0,2.0,2.0,2.0,2.0,1.0,1.0,2.0,,,,,,,,,,,2,,,2,2,2,,,,2,2,,2.0,2,2,2,,3,2.0,2.0,2.0,,,,2.0,,,,2,,,,,,2,,,,,,,2,2,,,,,2.0,,,,,,2,2,2,2,2.0,2.0,,0,0,4,4,4,4.0,4,5.0,1,1,0,0.0,2021
Nepal,NPL,South Asia,20742576.0,203325915,2.83160028258982,1,32.0,1,2,1.0,1.0,0,0,0.0,,,2,,,,,,,,,,,,,,,,,,,2.0,2.0,1.0,1.0,2.0,2.0,2.0,3.0,2.0,,,,,,,,,,,2,,,2,2,2,,,,2,2,,2.0,3,1,1,,8,,,3.0,,,,3.0,,,,1,2.0,2.0,,,1.0,2,,,,,,,2,2,,,,,2.0,,,,,,1,1,2,3,3.0,2.0,,0,1,4,4,4,4.0,2,6.0,2,2,0,0.0,2021
Nepal,NPL,South Asia,20742576.0,175272304,0.394534057303257,1,26.0,3,5,1.0,1.0,1,1,1.0,2.0,2.0,1,1.0,2.0,1.0,1.0,2.0,,,,1.0,2.0,2.0,,,,,,,1.0,,,,,,,,,,,,,,,,,,,,2,,,1,1,2,,,,2,1,,2.0,2,2,1,,3,3.0,3.0,1.0,1.0,,,1.0,1.0,,,1,2.0,1.0,1.0,,,1,2.0,1.0,1.0,,,2.0,2,2,,,,,2.0,,,,,,2,2,3,3,1.0,2.0,,1,1,1,4,4,4.0,1,1.0,1,1,1,0.0,2021
Nepal,NPL,South Asia,20742576.0,114257581,0.967073747229071,1,19.0,2,2,1.0,1.0,1,1,0.0,1.0,1.0,2,,,2.0,2.0,2.0,,,,1.0,1.0,1.0,,,,,,2.0,1.0,,,,,,,,,,,,,,,,,,,,2,,,2,2,2,,,,1,1,,2.0,2,2,2,,2,3.0,1.0,2.0,,,,2.0,,,,1,2.0,2.0,,,2.0,1,2.0,2.0,2.0,2.0,1.0,2.0,1,2,2.0,2.0,2.0,1.0,2.0,,,,,,2,1,1,2,4.0,2.0,,1,1,1,1,4,4.0,3,5.0,2,2,1,0.0,2021
Nepal,NPL,South Asia,20742576.0,121611649,1.76765593552386,1,57.0,1,3,1.0,1.0,1,1,0.0,2.0,1.0,2,,,2.0,2.0,2.0,,,,2.0,,1.0,,,,,,2.0,1.0,,,,,,,,,,,,,,,,,,,,2,,,2,2,2,,,,1,1,,2.0,2,2,2,,1,2.0,1.0,1.0,1.0,,,2.0,,,,2,,,,,,2,,,,,,,1,2,1.0,2.0,,,2.0,,,,,,1,1,1,1,2.0,1.0,,1,0,4,1,4,4.0,4,1.0,1,2,1,0.0,2021
Nepal,NPL,South Asia,20742576.0,189597136,0.263544210014897,2,52.0,2,5,1.0,1.0,1,1,1.0,1.0,1.0,2,,,1.0,1.0,1.0,1.0,2.0,1.0,1.0,2.0,1.0,,,,,,1.0,1.0,,,,,,,,,,,,,,,,2.0,2.0,2.0,1.0,2,,,2,1,2,,,,1,1,2.0,1.0,2,2,2,2.0,4,3.0,3.0,2.0,,,,1.0,2.0,1.0,2.0,1,2.0,2.0,,,2.0,1,2.0,2.0,2.0,2.0,2.0,,2,2,,,,,2.0,,,,,,3,2,3,3,,3.0,,1,1,3,4,4,4.0,3,3.0,1,1,1,0.0,2021
Nepal,NPL,South Asia,20742576.0,185746128,0.281346651716263,1,30.0,2,1,1.0,1.0,0,0,0.0,,,2,,,,,,,,,,,,,,,,,,,2.0,2.0,2.0,2.0,2.0,2.0,1.0,2.0,2.0,,,,,,,,,,,2,,,2,2,2,,,,2,2,,2.0,2,2,2,,2,1.0,4.0,2.0,,,,2.0,,,,2,,,,,,2,,,,,,,3,2,,,,,2.0,,,,,,5,2,2,2,2.0,1.0,,0,0,4,5,4,4.0,4,5.0,2,2,0,0.0,2021
Nepal,NPL,South Asia,20742576.0,165046846,2.03673169005494,1,60.0,1,1,1.0,1.0,0,0,0.0,,,2,,,,,,,,,,,,,,,,,,,2.0,2.0,2.0,2.0,2.0,2.0,1.0,1.0,2.0,,,,,,,,,,,2,,,2,2,2,,,,2,2,,2.0,2,2,1,,3,2.0,1.0,2.0,,,,2.0,,,,1,2.0,2.0,,,1.0,2,,,,,,,2,2,,,,,1.0,1.0,2.0,2.0,1.0,,1,1,1,1,1.0,1.0,,0,1,4,4,4,2.0,2,5.0,1,2,0,0.0,2021
Nepal,NPL,South Asia,20742576.0,160041711,0.31282525814123,2,26.0,2,3,1.0,2.0,1,1,0.0,1.0,2.0,2,,,2.0,2.0,2.0,,,,1.0,2.0,2.0,,,,,,,1.0,,,,,,,,,,,,,,,,,,,,2,,,2,2,2,,,,1,2,,2.0,2,2,2,,5,2.0,1.0,2.0,,,,2.0,,,,1,2.0,2.0,,,1.0,1,2.0,2.0,2.0,1.0,,,2,2,,,,,1.0,1.0,2.0,2.0,1.0,,3,3,3,3,,2.0,,1,0,2,4,4,2.0,2,5.0,1,2,0,0.0,2021
Nepal,NPL,South Asia,20742576.0,121632524,1.06446010882785,1,19.0,2,5,2.0,1.0,0,0,0.0,,,2,,,,,,,,,,,,,,,,,,,1.0,2.0,2.0,2.0,2.0,2.0,1.0,1.0,1.0,,,,,,,,,,,2,,,2,2,2,,,,1,1,,1.0,1,2,1,2.0,3,2.0,2.0,2.0,,,,2.0,,,,2,,,,,,2,,,,,,,2,2,,,,,2.0,,,,,,1,1,2,2,1.0,1.0,,1,1,4,4,4,4.0,4,5.0,1,1,0,0.0,2021
Nepal,NPL,South Asia,20742576.0,168767057,1.24013897506681,1,45.0,1,4,2.0,1.0,0,0,0.0,,,2,,,,,,,,,,,,,,,,,,,2.0,2.0,2.0,2.0,1.0,2.0,1.0,2.0,1.0,,,,,,,,,,,2,,,2,2,2,,,,2,2,,1.0,1,2,2,1.0,4,2.0,2.0,2.0,,,,2.0,,,,2,,,,,,2,,,,,,,2,2,,,,,1.0,1.0,2.0,2.0,1.0,,1,1,1,2,2.0,1.0,,1,1,4,4,4,2.0,4,5.0,2,2,0,0.0,2021
Nepal,NPL,South Asia,20742576.0,137245620,1.42519889617324,1,16.0,1,1,2.0,1.0,0,0,0.0,,,2,,,,,,,,,,,,,,,,,,,2.0,2.0,2.0,1.0,2.0,2.0,1.0,2.0,2.0,,,,,,,,,,,2,,,2,1,2,,,,2,2,,2.0,2,2,1,,2,2.0,1.0,2.0,,,,2.0,,,,1,2.0,2.0,,,1.0,2,,,,,,,2,2,,,,,2.0,,,,,,2,1,2,2,4.0,2.0,,1,1,4,4,4,4.0,2,5.0,1,1,0,0.0,2021
Nepal,NPL,South Asia,20742576.0,187509555,1.70167838360074,1,16.0,1,3,1.0,2.0,0,0,0.0,,,2,,,,,,,,,,,,,,,,,,,1.0,2.0,2.0,1.0,2.0,2.0,2.0,2.0,2.0,,,,,,,,,,,2,,,2,1,2,,,,2,2,,2.0,2,2,2,,3,3.0,3.0,2.0,,,,2.0,,,,2,,,,,,2,,,,,,,2,2,,,,,2.0,,,,,,3,3,3,3,,1.0,,0,0,4,4,4,4.0,4,5.0,2,2,0,0.0,2021
Nepal,NPL,South Asia,20742576.0,120865502,0.840527126026043,1,22.0,3,5,1.0,1.0,1,1,1.0,1.0,2.0,1,2.0,,2.0,2.0,2.0,,,,1.0,2.0,1.0,,,,,,2.0,1.0,,,,,,,,,,,,,,,,1.0,2.0,2.0,2.0,2,,,2,1,2,,,,2,2,2.0,2.0,2,2,1,,2,2.0,1.0,2.0,,,,1.0,2.0,1.0,2.0,2,,,,,,1,1.0,2.0,2.0,2.0,2.0,,2,2,,,,,2.0,,,,,,3,3,3,2,,1.0,,1,1,3,4,4,4.0,4,3.0,1,1,1,0.0,2021
Nepal,NPL,South Asia,20742576.0,120702589,1.3330291289131,2,26.0,3,4,1.0,1.0,1,1,0.0,2.0,2.0,1,2.0,,1.0,1.0,2.0,,,,1.0,2.0,1.0,,,,,,1.0,2.0,,,,,,,,,,,,,,,,,,,,2,,,1,2,2,,,,2,2,2.0,2.0,2,2,2,,3,1.0,1.0,2.0,,,,2.0,,,,1,2.0,1.0,1.0,,,1,2.0,1.0,2.0,,,2.0,2,2,,,,,2.0,,,,,,1,1,2,1,2.0,1.0,,0,1,1,4,4,4.0,1,5.0,1,1,1,0.0,2021
Nepal,NPL,South Asia,20742576.0,166355748,1.79610426646654,2,57.0,1,3,2.0,1.0,0,0,0.0,,,2,,,,,,,,,,,,,,,,,,,2.0,2.0,2.0,2.0,2.0,2.0,1.0,2.0,2.0,,,,,,,,,,,2,,,2,2,2,,,,2,2,,2.0,2,2,1,,2,2.0,2.0,2.0,,,,1.0,2.0,1.0,1.0,1,2.0,2.0,,,1.0,2,,,,,,,1,2,2.0,2.0,1.0,,2.0,,,,,,2,1,2,2,1.0,1.0,,0,1,4,2,4,4.0,2,2.0,2,2,0,0.0,2021
Nepal,NPL,South Asia,20742576.0,207357440,0.263544210014897,1,24.0,2,3,1.0,1.0,1,1,0.0,,,2,,,,,,,,,,,,,,,,,,,,2.0,1.0,2.0,2.0,2.0,1.0,2.0,1.0,,,,,,,,,,,2,,,2,2,2,,,,2,2,,2.0,2,2,2,,6,1.0,1.0,1.0,1.0,,,1.0,2.0,2.0,2.0,1,1.0,2.0,2.0,,,2,,,,,,,1,2,1.0,2.0,,,2.0,,,,,,1,1,1,1,2.0,1.0,,0,0,4,1,4,4.0,1,1.0,1,1,1,0.0,2021
Nepal,NPL,South Asia,20742576.0,155099294,1.17468288614313,2,32.0,1,4,1.0,1.0,1,1,0.0,,,2,,,,,,,,,,,,,,,,,,,,2.0,2.0,2.0,2.0,2.0,1.0,2.0,1.0,,,,,,,,,,,2,,,2,2,2,,,,1,2,,1.0,1,2,1,2.0,3,2.0,2.0,1.0,1.0,,,1.0,2.0,1.0,2.0,1,2.0,2.0,,,1.0,1,1.0,2.0,2.0,2.0,1.0,2.0,1,2,2.0,2.0,1.0,,2.0,,,,,,2,2,2,2,1.0,3.0,,1,1,1,2,4,4.0,2,1.0,1,2,1,0.0,2021
Nepal,NPL,South Asia,20742576.0,141191682,0.43046433097909,2,36.0,1,1,1.0,1.0,0,0,0.0,,,2,,,,,,,,,,,,,,,,,,,2.0,2.0,2.0,2.0,2.0,2.0,1.0,2.0,1.0,,,,,,,,,,,2,,,2,2,2,,,,2,2,,1.0,2,2,2,1.0,2,3.0,3.0,2.0,,,,2.0,,,,1,2.0,2.0,,,1.0,2,,,,,,,2,2,,,,,1.0,1.0,2.0,2.0,1.0,,3,1,3,3,,3.0,,1,1,4,4,4,2.0,2,5.0,1,2,0,0.0,2021
Nepal,NPL,South Asia,20742576.0,150273653,1.53548425678835,1,40.0,1,3,1.0,1.0,0,0,0.0,,,2,,,,,,,,,,,,,,,,,,,2.0,2.0,2.0,2.0,2.0,2.0,1.0,2.0,2.0,,,,,,,,,,,2,,,2,2,2,,,,2,2,,2.0,2,2,1,,5,1.0,1.0,2.0,,,,2.0,,,,2,,,,,,2,,,,,,,2,2,,,,,1.0,1.0,2.0,2.0,1.0,,1,1,1,1,1.0,1.0,,0,1,4,4,4,2.0,4,5.0,1,2,0,0.0,2021
Nepal,NPL,South Asia,20742576.0,183488602,0.625650516282461,2,25.0,2,4,1.0,1.0,1,1,0.0,2.0,2.0,1,2.0,,1.0,1.0,2.0,,,,1.0,2.0,1.0,,,,,,1.0,1.0,,,,,,,,,,,,,,,,,,,,2,,,1,1,2,,,,2,2,2.0,2.0,2,2,2,,1,3.0,2.0,1.0,1.0,,,1.0,1.0,,,2,,,,,,1,2.0,1.0,2.0,,,2.0,3,2,,,,,2.0,,,,,,3,2,2,2,2.0,2.0,,0,0,1,5,4,4.0,4,1.0,1,1,1,0.0,2021
Nepal,NPL,South Asia,20742576.0,114251276,0.705173073154061,1,38.0,1,3,1.0,1.0,1,1,0.0,2.0,2.0,1,1.0,2.0,1.0,2.0,1.0,2.0,,1.0,2.0,,2.0,,,,,,,1.0,,,,,,,,,,,,,,,,,,,,2,,,2,2,2,,,,2,2,,2.0,2,2,2,,1,3.0,2.0,2.0,,,,2.0,,,,1,2.0,2.0,,,2.0,2,,,,,,,2,2,,,,,2.0,,,,,,2,2,3,3,1.0,3.0,,0,0,4,4,4,4.0,3,5.0,1,1,1,0.0,2021
Nepal,NPL,South Asia,20742576.0,160270733,1.74245840038944,2,19.0,2,5,1.0,2.0,1,1,0.0,2.0,2.0,2,,,2.0,2.0,2.0,,,,1.0,1.0,1.0,,,,,,1.0,1.0,,,,,,,,,,,,,,,,,,,,2,,,2,2,1,2.0,1.0,,2,2,,2.0,2,2,1,,2,3.0,2.0,2.0,,,,2.0,,,,2,,,,,,2,,,,,,,2,2,,,,,2.0,,,,,,2,1,2,2,2.0,2.0,,0,1,4,4,4,4.0,4,5.0,1,1,0,0.0,2021
Nepal,NPL,South Asia,20742576.0,164916068,1.03820977480994,1,54.0,1,1,2.0,1.0,0,0,0.0,,,2,,,,,,,,,,,,,,,,,,,2.0,2.0,1.0,1.0,1.0,2.0,3.0,2.0,2.0,,,,,,,,,,,2,,,2,2,2,,,,2,2,,2.0,2,2,2,,8,,,2.0,,,,3.0,,,,2,,,,,,2,,,,,,,1,2,2.0,2.0,1.0,,2.0,,,,,,2,5,5,5,,2.0,,0,0,4,2,4,4.0,4,6.0,2,2,0,0.0,2021
Nepal,NPL,South Asia,20742576.0,155314835,0.511828085596118,1,40.0,1,1,1.0,1.0,0,0,0.0,,,2,,,,,,,,,,,,,,,,,,,1.0,1.0,2.0,2.0,2.0,2.0,1.0,2.0,1.0,,,,,,,,,,,2,,,2,2,2,,,,2,2,,2.0,2,2,2,,8,,,1.0,2.0,2.0,2.0,2.0,,,,2,,,,,,2,,,,,,,2,1,2.0,2.0,2.0,2.0,2.0,,,,,,1,1,1,1,4.0,1.0,,0,0,4,4,3,4.0,4,4.0,1,2,0,0.0,2021
Nepal,NPL,South Asia,20742576.0,143142459,0.263544210014897,2,53.0,2,5,1.0,2.0,1,1,0.0,2.0,2.0,2,,,2.0,2.0,2.0,,,,1.0,1.0,1.0,,,,,,1.0,1.0,,,,,,,,,,,,,,,,,,,,2,,,2,2,2,,,,2,2,,2.0,2,2,2,,3,3.0,3.0,2.0,,,,2.0,,,,1,2.0,2.0,,,1.0,2,,,,,,,2,2,,,,,2.0,,,,,,2,2,2,2,2.0,3.0,,0,0,4,4,4,4.0,2,5.0,1,2,0,0.0,2021
Nepal,NPL,South Asia,20742576.0,175336905,2.83160028258982,2,68.0,1,2,1.0,1.0,1,1,0.0,2.0,2.0,2,,,2.0,2.0,2.0,,,,2.0,,2.0,,,,,,,1.0,,,,,,,,,,,,,,,,,,,,2,,,2,2,2,,,,1,1,,2.0,2,2,1,,2,3.0,2.0,1.0,1.0,,,1.0,1.0,,,1,2.0,2.0,,,1.0,2,,,,,,,2,2,,,,,2.0,,,,,,2,2,2,2,2.0,1.0,,1,1,4,4,4,4.0,2,1.0,1,2,1,0.0,2021
Nepal,NPL,South Asia,20742576.0,206514708,1.37320522599433,1,47.0,1,3,1.0,1.0,1,1,0.0,2.0,2.0,2,,,2.0,2.0,2.0,,,,1.0,2.0,1.0,,,,,,2.0,1.0,,,,,,,,,,,,,,,,,,,,2,,,2,2,2,,,,2,2,,2.0,1,2,1,,2,2.0,1.0,2.0,,,,2.0,,,,1,2.0,2.0,,,1.0,1,2.0,2.0,2.0,1.0,,,2,2,,,,,1.0,1.0,2.0,2.0,1.0,,1,1,1,1,1.0,1.0,,0,1,2,4,4,2.0,2,5.0,2,2,0,0.0,2021
Nepal,NPL,South Asia,20742576.0,192661654,0.723710265870225,1,27.0,2,1,1.0,1.0,0,0,0.0,,,2,,,,,,,,,,,,,,,,,,,1.0,2.0,2.0,2.0,2.0,2.0,1.0,2.0,2.0,,,,,,,,,,,2,,,2,2,2,,,,2,2,,2.0,2,2,2,,3,1.0,1.0,2.0,,,,2.0,,,,2,,,,,,2,,,,,,,2,2,,,,,2.0,,,,,,2,1,1,1,4.0,1.0,,0,0,4,4,4,4.0,4,5.0,1,2,0,0.0,2021
Nepal,NPL,South Asia,20742576.0,198214837,2.00568433166747,2,70.0,1,2,1.0,1.0,1,1,0.0,1.0,1.0,2,,,2.0,2.0,2.0,,,,2.0,,2.0,,,,,,,2.0,,,,,,,,,,,,,,,,,,,,2,,,2,2,2,,,,2,2,,2.0,2,2,2,,2,1.0,1.0,2.0,,,,2.0,,,,1,2.0,2.0,,,1.0,2,,,,,,,2,2,,,,,2.0,,,,,,1,1,1,1,4.0,1.0,,0,0,4,4,4,4.0,2,5.0,1,2,0,0.0,2021
Nepal,NPL,South Asia,20742576.0,184360992,0.353290097568145,2,22.0,2,5,1.0,2.0,1,1,0.0,2.0,1.0,1,1.0,2.0,2.0,1.0,2.0,,,,1.0,1.0,1.0,,,,,,1.0,1.0,,,,,,,,,,,,,,,,,,,,2,,,2,2,2,,,,2,2,,2.0,1,1,1,,3,1.0,1.0,2.0,,,,2.0,,,,2,,,,,,2,,,,,,,2,2,,,,,2.0,,,,,,1,1,2,1,4.0,1.0,,0,1,4,4,4,4.0,4,5.0,1,1,1,0.0,2021
Nepal,NPL,South Asia,20742576.0,175198056,0.416042532844062,1,41.0,1,5,2.0,1.0,0,0,0.0,,,2,,,,,,,,,,,,,,,,,,,1.0,2.0,2.0,2.0,2.0,2.0,1.0,2.0,2.0,,,,,,,,,,,2,,,2,2,2,,,,2,2,,2.0,1,1,1,,2,1.0,1.0,2.0,,,,2.0,,,,2,,,,,,2,,,,,,,1,2,2.0,2.0,2.0,2.0,2.0,,,,,,1,1,1,1,2.0,1.0,,0,1,4,3,4,4.0,4,5.0,1,2,0,0.0,2021
Nepal,NPL,South Asia,20742576.0,208042744,0.416080356599939,1,22.0,2,1,2.0,1.0,1,1,0.0,2.0,2.0,2,,,2.0,2.0,2.0,,,,2.0,,1.0,,,,,,2.0,1.0,,,,,,,,,,,,,,,,,,,,2,,,2,2,2,,,,2,2,,2.0,2,2,2,,3,1.0,1.0,2.0,,,,2.0,,,,2,,,,,,2,,,,,,,2,2,,,,,2.0,,,,,,1,2,1,1,3.0,2.0,,0,0,4,4,4,4.0,4,5.0,1,2,0,0.0,2021
Nepal,NPL,South Asia,20742576.0,198580657,1.87176985271136,1,70.0,1,3,2.0,1.0,0,0,0.0,,,3,,,,,,,,,,,,,,,,,,,2.0,1.0,1.0,2.0,2.0,2.0,1.0,1.0,1.0,,,,,,,,,,,3,,,3,3,3,,,,2,2,,2.0,2,2,2,,2,1.0,1.0,2.0,,,,2.0,,,,2,,,,,,2,,,,,,,2,1,2.0,2.0,1.0,,2.0,,,,,,1,1,2,3,2.0,2.0,,0,0,4,4,2,4.0,4,5.0,2,2,0,0.0,2021
Nepal,NPL,South Asia,20742576.0,155505052,2.03673169005494,1,79.0,1,2,1.0,1.0,1,1,0.0,2.0,1.0,2,,,2.0,2.0,2.0,,,,2.0,,2.0,,,,,,,1.0,,,,,,,,,,,,,,,,,,,,2,,,2,2,2,,,,2,2,,2.0,2,2,2,,2,1.0,1.0,2.0,,,,2.0,,,,2,,,,,,2,,,,,,,1,2,1.0,2.0,,,2.0,,,,,,1,1,1,2,1.0,1.0,,0,0,4,1,4,4.0,4,5.0,2,2,1,0.0,2021
Nepal,NPL,South Asia,20742576.0,171522092,0.394534057303257,1,30.0,2,4,1.0,1.0,1,1,0.0,1.0,2.0,1,2.0,,1.0,2.0,2.0,,,,1.0,1.0,1.0,,,,,,1.0,1.0,,,,,,,,,,,,,,,,,,,,2,,,2,2,2,,,,2,2,,2.0,2,2,2,,3,3.0,2.0,2.0,,,,2.0,,,,1,2.0,2.0,,,1.0,2,,,,,,,2,2,,,,,2.0,,,,,,1,1,2,2,1.0,3.0,,1,0,4,4,4,4.0,2,5.0,1,1,1,0.0,2021
Nepal,NPL,South Asia,20742576.0,134511892,0.634296685585055,2,42.0,2,4,1.0,2.0,1,1,0.0,1.0,1.0,1,2.0,,2.0,2.0,1.0,1.0,2.0,1.0,1.0,1.0,1.0,,,,,,1.0,1.0,,,,,,,,,,,,,,,,,,,,2,,,1,2,2,,,,1,1,,2.0,2,2,2,,1,3.0,3.0,2.0,,,,2.0,,,,1,1.0,2.0,1.0,,,1,1.0,1.0,2.0,,,2.0,2,2,,,,,2.0,,,,,,3,3,3,3,,3.0,,1,1,1,4,4,4.0,1,5.0,1,1,1,0.0,2021
Nepal,NPL,South Asia,20742576.0,196050136,0.742137245582608,2,76.0,1,4,2.0,1.0,1,1,0.0,2.0,1.0,2,,,2.0,2.0,2.0,,,,2.0,,1.0,,,,,,2.0,2.0,,,,,,,,,,,,,,,,,,,,2,,,2,2,2,,,,2,2,,2.0,2,2,1,,1,2.0,1.0,2.0,,,,1.0,2.0,1.0,2.0,1,2.0,2.0,,,1.0,2,,,,,,,2,1,1.0,2.0,,,2.0,,,,,,2,2,3,3,1.0,2.0,,0,1,4,4,1,4.0,2,3.0,1,2,1,0.0,2021
Nepal,NPL,South Asia,20742576.0,209005712,0.263544210014897,2,64.0,3,5,1.0,2.0,1,1,0.0,1.0,1.0,2,,,2.0,2.0,2.0,,,,1.0,2.0,1.0,,,,,,1.0,2.0,,,,,,,,,,,,,,,,,,,,2,,,2,2,2,,,,1,1,,2.0,1,2,1,,1,3.0,2.0,2.0,,,,2.0,,,,1,2.0,2.0,,,1.0,2,,,,,,,2,1,1.0,2.0,,,1.0,1.0,2.0,2.0,1.0,,1,1,2,1,2.0,2.0,,1,1,4,4,1,2.0,2,5.0,1,1,1,0.0,2021
Nepal,NPL,South Asia,20742576.0,195399884,1.04474691849236,1,17.0,2,4,2.0,2.0,0,0,0.0,,,2,,,,,,,,,,,,,,,,,,,1.0,2.0,2.0,1.0,2.0,2.0,1.0,2.0,2.0,,,,,,,,,,,2,,,2,2,2,,,,2,2,,2.0,2,2,2,,2,1.0,4.0,2.0,,,,2.0,,,,2,,,,,,2,,,,,,,1,2,2.0,2.0,1.0,,2.0,,,,,,3,2,2,1,4.0,2.0,,0,0,4,2,4,4.0,4,5.0,1,1,0,0.0,2021
Nepal,NPL,South Asia,20742576.0,125438697,1.58721973595615,2,42.0,1,2,1.0,1.0,0,0,0.0,,,2,,,,,,,,,,,,,,,,,,,1.0,1.0,1.0,2.0,1.0,1.0,1.0,2.0,1.0,,,,,,,,,,,1,1.0,,2,2,2,,,,2,2,,2.0,2,1,1,,2,1.0,1.0,2.0,,,,2.0,,,,1,2.0,2.0,,,1.0,2,,,,,,,2,2,,,,,2.0,,,,,,1,1,1,1,1.0,1.0,,0,1,4,4,4,4.0,2,5.0,1,2,0,0.0,2021
Nepal,NPL,South Asia,20742576.0,117762313,2.53380931569112,2,29.0,1,3,1.0,1.0,0,0,0.0,,,2,,,,,,,,,,,,,,,,,,,1.0,2.0,2.0,2.0,2.0,2.0,2.0,2.0,1.0,,,,,,,,,,,2,,,2,2,2,,,,1,2,,1.0,2,2,2,2.0,1,3.0,2.0,2.0,,,,2.0,,,,1,2.0,2.0,,,1.0,2,,,,,,,2,2,,,,,1.0,1.0,2.0,2.0,1.0,,3,2,3,3,,2.0,,1,0,4,4,4,2.0,2,5.0,1,1,0,0.0,2021
Nepal,NPL,South Asia,20742576.0,176436292,1.6950559945778,2,16.0,1,1,1.0,2.0,1,1,0.0,1.0,2.0,2,,,2.0,2.0,2.0,,,,2.0,,2.0,,,,,,,2.0,,,,,,,,,,,,,,,,,,,,2,,,2,2,2,,,,2,2,,2.0,2,2,2,,2,1.0,1.0,2.0,,,,2.0,,,,2,,,,,,2,,,,,,,2,2,,,,,2.0,,,,,,1,1,1,1,2.0,1.0,,0,1,4,4,4,4.0,4,5.0,1,1,0,0.0,2021
Nepal,NPL,South Asia,20742576.0,143696277,0.745697608170847,2,49.0,2,5,1.0,1.0,1,1,0.0,1.0,1.0,2,,,2.0,1.0,2.0,,,,1.0,1.0,1.0,,,,,,1.0,1.0,,,,,,,,,,,,,,,,,,,,2,,,2,2,2,,,,2,2,,2.0,2,2,2,,3,3.0,3.0,2.0,,,,2.0,,,,1,2.0,2.0,,,1.0,1,2.0,1.0,2.0,,,2.0,2,2,,,,,1.0,1.0,2.0,2.0,1.0,,3,3,3,2,,3.0,,0,0,1,4,4,2.0,2,5.0,1,1,1,0.0,2021
Nepal,NPL,South Asia,20742576.0,140554144,0.395012553093923,1,43.0,2,5,2.0,2.0,1,1,0.0,2.0,2.0,2,,,2.0,2.0,2.0,,,,1.0,2.0,1.0,,,,,,2.0,1.0,,,,,,,,,,,,,,,,,,,,1,1.0,,2,2,2,,,,2,1,,1.0,2,2,1,1.0,1,3.0,3.0,2.0,,,,2.0,,,,1,2.0,2.0,,,1.0,2,,,,,,,2,2,,,,,2.0,,,,,,3,2,3,3,,3.0,,1,1,4,4,4,4.0,2,5.0,1,1,1,1.0,2021
Nepal,NPL,South Asia,20742576.0,164816369,0.263544210014897,1,56.0,1,4,1.0,1.0,1,1,0.0,2.0,2.0,2,,,2.0,2.0,2.0,,,,1.0,1.0,1.0,,,,,,2.0,1.0,,,,,,,,,,,,,,,,,,,,2,,,2,2,2,,,,1,1,,2.0,2,2,2,,1,3.0,2.0,2.0,,,,2.0,,,,2,,,,,,2,,,,,,,2,2,,,,,2.0,,,,,,3,3,3,3,,3.0,,1,0,4,4,4,4.0,4,5.0,1,2,0,0.0,2021
Nepal,NPL,South Asia,20742576.0,130096897,0.538676181811816,1,60.0,1,4,1.0,2.0,0,0,0.0,,,2,,,,,,,,,,,,,,,,,,,1.0,2.0,2.0,2.0,2.0,2.0,1.0,2.0,2.0,,,,,,,,,,,2,,,2,2,2,,,,2,2,,2.0,1,2,2,,3,2.0,1.0,2.0,,,,2.0,,,,2,,,,,,1,2.0,2.0,2.0,1.0,,,2,2,,,,,2.0,,,,,,1,1,1,4,2.0,2.0,,0,1,2,4,4,4.0,4,5.0,1,2,0,0.0,2021
Nepal,NPL,South Asia,20742576.0,145164956,0.263544210014897,1,40.0,1,4,1.0,1.0,0,0,0.0,,,2,,,,,,,,,,,,,,,,,,,2.0,2.0,2.0,2.0,2.0,2.0,1.0,1.0,1.0,,,,,,,,,,,2,,,2,2,2,,,,2,2,,2.0,2,2,2,,3,2.0,1.0,2.0,,,,2.0,,,,1,2.0,2.0,,,1.0,2,,,,,,,2,2,,,,,2.0,,,,,,2,2,2,2,1.0,2.0,,0,0,4,4,4,4.0,2,5.0,1,2,0,0.0,2021
Nepal,NPL,South Asia,20742576.0,154989164,1.89207149392382,2,23.0,1,5,1.0,2.0,0,0,0.0,,,2,,,,,,,,,,,,,,,,,,,1.0,2.0,2.0,2.0,2.0,2.0,2.0,2.0,2.0,,,,,,,,,,,2,,,2,1,2,,,,2,2,,2.0,2,2,1,,3,3.0,2.0,2.0,,,,2.0,,,,1,2.0,2.0,,,1.0,1,2.0,2.0,2.0,1.0,,,2,2,,,,,2.0,,,,,,2,3,2,2,3.0,3.0,,0,1,2,4,4,4.0,2,5.0,1,1,0,0.0,2021
Nepal,NPL,South Asia,20742576.0,202406407,0.848414747754181,1,40.0,1,1,1.0,1.0,1,1,0.0,1.0,1.0,2,,,1.0,2.0,2.0,,,,2.0,,1.0,,,,,,1.0,2.0,,,,,,,,,,,,,,,,,,,,2,,,2,2,2,,,,1,1,,2.0,2,2,2,,1,2.0,1.0,2.0,,,,1.0,1.0,,,2,,,,,,2,,,,,,,1,1,1.0,2.0,,,2.0,,,,,,1,1,1,1,4.0,1.0,,1,0,4,1,1,4.0,4,1.0,1,2,1,0.0,2021
Nepal,NPL,South Asia,20742576.0,202531116,2.82442194971757,1,41.0,1,1,1.0,1.0,1,1,0.0,2.0,2.0,2,,,2.0,2.0,2.0,,,,2.0,,2.0,,,,,,,2.0,,,,,,,,,,,,,,,,,,,,2,,,2,2,2,,,,2,2,,2.0,1,2,1,,2,1.0,1.0,2.0,,,,2.0,,,,2,,,,,,2,,,,,,,2,2,,,,,2.0,,,,,,1,1,2,2,2.0,1.0,,0,1,4,4,4,4.0,4,5.0,2,2,0,0.0,2021
Nepal,NPL,South Asia,20742576.0,177394409,0.425508059045052,1,30.0,2,4,2.0,2.0,1,1,0.0,2.0,2.0,2,,,2.0,1.0,2.0,,,,1.0,1.0,1.0,,,,,,1.0,1.0,,,,,,,,,,,,,,,,,,,,2,,,2,2,2,,,,2,1,,2.0,2,2,1,,2,3.0,3.0,2.0,,,,2.0,,,,2,,,,,,2,,,,,,,2,2,,,,,1.0,1.0,1.0,2.0,,,3,2,3,3,,3.0,,1,1,4,4,4,1.0,4,5.0,1,1,1,0.0,2021
Nepal,NPL,South Asia,20742576.0,207767956,0.468276688241304,1,48.0,1,5,2.0,2.0,1,1,0.0,2.0,2.0,1,2.0,,2.0,1.0,2.0,,,,2.0,,1.0,,,,,,2.0,1.0,,,,,,,,,,,,,,,,,,,,2,,,2,2,2,,,,1,1,,1.0,2,2,2,2.0,1,3.0,3.0,2.0,,,,2.0,,,,1,2.0,2.0,,,1.0,2,,,,,,,2,2,,,,,2.0,,,,,,3,3,3,3,,3.0,,1,0,4,4,4,4.0,2,5.0,1,1,0,0.0,2021
Nepal,NPL,South Asia,20742576.0,117639733,1.03313916465748,2,41.0,1,3,1.0,1.0,1,1,0.0,1.0,1.0,2,,,2.0,2.0,2.0,,,,1.0,1.0,2.0,,,,,,,1.0,,,,,,,,,,,,,,,,,,,,2,,,2,2,2,,,,2,2,,2.0,2,2,1,,1,2.0,1.0,2.0,,,,2.0,,,,1,2.0,2.0,,,1.0,2,,,,,,,2,2,,,,,2.0,,,,,,1,1,2,2,2.0,2.0,,0,1,4,4,4,4.0,2,5.0,1,1,0,0.0,2021
Nepal,NPL,South Asia,20742576.0,147219806,1.01632528306637,1,22.0,1,5,2.0,1.0,1,1,0.0,1.0,2.0,2,,,2.0,2.0,2.0,,,,2.0,,2.0,,,,,,,2.0,,,,,,,,,,,,,,,,,,,,2,,,2,2,2,,,,2,2,,2.0,1,1,2,,4,1.0,2.0,2.0,,,,2.0,,,,1,2.0,2.0,,,2.0,2,,,,,,,2,2,,,,,2.0,,,,,,3,1,2,2,2.0,2.0,,1,1,4,4,4,4.0,3,5.0,1,1,0,0.0,2021
Nepal,NPL,South Asia,20742576.0,172253036,1.4799326961956,1,65.0,1,3,1.0,1.0,0,0,0.0,,,2,,,,,,,,,,,,,,,,,,,2.0,1.0,2.0,2.0,1.0,2.0,1.0,1.0,2.0,,,,,,,,,,,2,,,2,2,2,,,,2,2,,2.0,2,2,2,,5,1.0,1.0,2.0,,,,2.0,,,,2,,,,,,2,,,,,,,2,2,,,,,1.0,1.0,2.0,2.0,1.0,,1,1,1,2,1.0,1.0,,0,0,4,4,4,2.0,4,5.0,1,2,0,0.0,2021
Nepal,NPL,South Asia,20742576.0,120611304,0.386464534469009,2,20.0,3,4,1.0,2.0,1,1,1.0,1.0,2.0,1,1.0,1.0,1.0,1.0,2.0,,,,1.0,2.0,2.0,,,,,,,1.0,,,,,,,,,,,,,,,,1.0,1.0,2.0,2.0,2,2.0,,1,1,1,1.0,2.0,,2,2,2.0,2.0,2,2,1,,1,2.0,2.0,1.0,1.0,,,2.0,,,,2,,,,,,2,,,,,,,2,2,,,,,1.0,1.0,2.0,2.0,1.0,,1,1,1,1,4.0,3.0,,1,1,4,4,4,2.0,4,1.0,1,1,1,1.0,2021
Nepal,NPL,South Asia,20742576.0,115288888,0.421210568860325,2,48.0,2,4,1.0,2.0,1,1,0.0,2.0,2.0,1,2.0,,2.0,2.0,2.0,,,,1.0,2.0,1.0,,,,,,1.0,1.0,,,,,,,,,,,,,,,,,,,,2,,,2,2,2,,,,2,1,,2.0,2,2,1,,2,1.0,1.0,2.0,,,,2.0,,,,1,2.0,2.0,,,1.0,2,,,,,,,3,2,,,,,2.0,,,,,,1,1,1,1,2.0,1.0,,1,1,4,5,4,4.0,2,5.0,1,2,0,0.0,2021
Nepal,NPL,South Asia,20742576.0,125676324,0.598946227374183,2,77.0,1,4,2.0,1.0,1,1,0.0,2.0,1.0,2,,,2.0,2.0,2.0,,,,2.0,,2.0,,,,,,,2.0,,,,,,,,,,,,,,,,,,,,2,,,2,2,2,,,,2,2,,2.0,2,2,2,,2,1.0,1.0,2.0,,,,2.0,,,,2,,,,,,2,,,,,,,2,2,,,,,2.0,,,,,,2,1,2,2,2.0,2.0,,0,0,4,4,4,4.0,4,5.0,2,2,0,0.0,2021
Nepal,NPL,South Asia,20742576.0,168608019,0.832477491782507,2,56.0,1,1,1.0,1.0,0,0,0.0,,,2,,,,,,,,,,,,,,,,,,,2.0,2.0,1.0,2.0,2.0,2.0,1.0,2.0,1.0,,,,,,,,,,,2,,,2,2,2,,,,2,2,,2.0,2,2,2,,7,,,2.0,,,,2.0,,,,2,,,,,,2,,,,,,,2,2,,,,,2.0,,,,,,1,1,3,3,1.0,2.0,,0,0,4,4,4,4.0,4,5.0,2,2,0,0.0,2021
Nepal,NPL,South Asia,20742576.0,144937665,2.83160028258982,1,20.0,1,3,1.0,1.0,0,0,0.0,,,2,,,,,,,,,,,,,,,,,,,2.0,2.0,3.0,2.0,2.0,2.0,1.0,2.0,2.0,,,,,,,,,,,2,,,2,2,2,,,,2,2,,2.0,2,2,2,,7,,,2.0,,,,2.0,,,,2,,,,,,1,2.0,2.0,2.0,1.0,,,3,2,,,,,2.0,,,,,,5,1,5,5,,1.0,,0,0,2,5,4,4.0,4,5.0,1,1,0,0.0,2021
Nepal,NPL,South Asia,20742576.0,131043189,0.569308812434252,1,18.0,2,2,2.0,1.0,0,0,0.0,,,2,,,,,,,,,,,,,,,,,,,2.0,2.0,2.0,1.0,2.0,2.0,1.0,2.0,2.0,,,,,,,,,,,2,,,2,2,2,,,,2,2,,2.0,2,1,2,,2,1.0,1.0,2.0,,,,2.0,,,,2,,,,,,2,,,,,,,2,2,,,,,2.0,,,,,,1,1,1,1,4.0,4.0,,0,1,4,4,4,4.0,4,5.0,1,2,0,0.0,2021
Nepal,NPL,South Asia,20742576.0,198728400,0.425508059045052,1,26.0,2,5,2.0,2.0,1,1,0.0,2.0,2.0,1,2.0,,2.0,1.0,2.0,,,,1.0,2.0,1.0,,,,,,1.0,1.0,,,,,,,,,,,,,,,,,,,,2,,,2,1,2,,,,2,1,,2.0,1,2,1,,1,2.0,2.0,2.0,,,,1.0,2.0,2.0,1.0,2,,,,,,2,,,,,,,2,2,,,,,2.0,,,,,,3,2,2,3,2.0,2.0,,1,1,4,4,4,4.0,4,2.0,1,1,1,0.0,2021
Nepal,NPL,South Asia,20742576.0,165921134,0.705173073154061,1,35.0,1,3,1.0,1.0,1,1,0.0,2.0,2.0,2,,,2.0,2.0,2.0,,,,2.0,,2.0,,,,,,,1.0,,,,,,,,,,,,,,,,,,,,2,,,2,2,2,,,,1,2,,2.0,2,2,2,,2,1.0,1.0,2.0,,,,2.0,,,,2,,,,,,2,,,,,,,2,2,,,,,2.0,,,,,,1,1,2,1,2.0,1.0,,1,0,4,4,4,4.0,4,5.0,1,2,0,0.0,2021
Nepal,NPL,South Asia,20742576.0,177875516,0.51910488740497,1,50.0,1,5,1.0,1.0,1,1,0.0,2.0,2.0,2,,,2.0,2.0,2.0,,,,1.0,1.0,1.0,,,,,,2.0,1.0,,,,,,,,,,,,,,,,,,,,2,,,2,2,2,,,,1,1,,2.0,2,2,2,,2,1.0,1.0,1.0,1.0,,,2.0,,,,1,2.0,2.0,,,1.0,2,,,,,,,2,2,,,,,1.0,1.0,2.0,2.0,1.0,,1,1,2,1,2.0,1.0,,1,0,4,4,4,2.0,2,1.0,2,2,1,0.0,2021
Nepal,NPL,South Asia,20742576.0,113756937,0.844008272951617,2,18.0,2,5,2.0,1.0,1,1,0.0,2.0,2.0,2,,,2.0,2.0,2.0,,,,1.0,2.0,1.0,,,,,,1.0,2.0,,,,,,,,,,,,,,,,,,,,2,,,2,2,2,,,,2,2,,2.0,2,2,2,,1,2.0,1.0,1.0,1.0,,,1.0,2.0,2.0,1.0,1,2.0,2.0,,,2.0,2,,,,,,,2,2,,,,,2.0,,,,,,1,1,1,1,1.0,2.0,,0,0,4,4,4,4.0,3,1.0,1,1,1,0.0,2021
Nepal,NPL,South Asia,20742576.0,150262167,0.620069487533404,1,50.0,1,4,1.0,1.0,0,0,0.0,,,2,,,,,,,,,,,,,,,,,,,1.0,2.0,2.0,2.0,2.0,2.0,1.0,2.0,2.0,,,,,,,,,,,2,,,2,2,2,,,,2,2,,2.0,2,2,2,,3,1.0,1.0,1.0,2.0,2.0,2.0,1.0,1.0,,,1,2.0,2.0,,,1.0,1,2.0,2.0,2.0,1.0,,,2,2,,,,,2.0,,,,,,1,2,2,4,2.0,2.0,,0,0,2,4,4,4.0,2,1.0,1,2,0,0.0,2021
Nepal,NPL,South Asia,20742576.0,191100470,0.394534057303257,1,34.0,2,4,2.0,1.0,1,1,0.0,2.0,2.0,1,2.0,,2.0,2.0,2.0,,,,1.0,2.0,2.0,,,,,,,1.0,,,,,,,,,,,,,,,,,,,,2,,,2,2,2,,,,2,2,,2.0,1,2,1,,2,1.0,1.0,2.0,,,,2.0,,,,1,2.0,2.0,,,1.0,2,,,,,,,2,2,,,,,1.0,1.0,2.0,2.0,1.0,,1,1,3,3,2.0,2.0,,1,1,4,4,4,2.0,2,5.0,1,1,0,0.0,2021
Nepal,NPL,South Asia,20742576.0,199302595,1.3330291289131,2,30.0,2,1,1.0,1.0,1,1,0.0,2.0,2.0,1,2.0,,2.0,2.0,2.0,,,,1.0,2.0,1.0,,,,,,2.0,2.0,,,,,,,,,,,,,,,,,,,,2,,,2,2,2,,,,2,1,,2.0,2,2,2,,4,2.0,2.0,2.0,,,,2.0,,,,2,,,,,,2,,,,,,,2,2,,,,,2.0,,,,,,3,2,2,3,2.0,2.0,,1,0,4,4,4,4.0,4,5.0,1,1,0,0.0,2021
Nepal,NPL,South Asia,20742576.0,195749659,2.29838950341206,2,54.0,1,3,1.0,1.0,1,1,0.0,,,2,,,,,,,,,,,,,,,,,,,,2.0,1.0,1.0,1.0,2.0,2.0,1.0,1.0,,,,,,,,,,,2,,,2,2,2,,,,2,2,,2.0,2,2,2,,6,3.0,3.0,2.0,,,,2.0,,,,2,,,,,,2,,,,,,,2,1,1.0,2.0,,,1.0,1.0,2.0,2.0,1.0,,3,3,3,3,,3.0,,0,0,4,4,1,2.0,4,5.0,2,2,1,0.0,2021
Nepal,NPL,South Asia,20742576.0,159754815,0.263544210014897,1,55.0,2,4,1.0,1.0,0,0,0.0,,,2,,,,,,,,,,,,,,,,,,,2.0,1.0,2.0,2.0,2.0,2.0,1.0,1.0,1.0,,,,,,,,,,,2,,,2,2,2,,,,2,2,,2.0,2,2,1,,2,2.0,2.0,2.0,,,,2.0,,,,2,,,,,,2,,,,,,,2,2,,,,,2.0,,,,,,1,1,1,2,1.0,2.0,,0,1,4,4,4,4.0,4,5.0,2,2,0,0.0,2021
Nepal,NPL,South Asia,20742576.0,118178679,1.58869821807092,1,17.0,2,5,1.0,2.0,1,1,1.0,2.0,2.0,2,,,1.0,1.0,2.0,,,,1.0,1.0,1.0,,,,,,2.0,1.0,,,,,,,,,,,,,,,,1.0,1.0,1.0,2.0,1,1.0,,1,1,1,2.0,1.0,,2,1,1.0,1.0,1,2,2,2.0,1,2.0,2.0,1.0,1.0,,,1.0,1.0,,,1,2.0,2.0,,,1.0,1,2.0,2.0,2.0,1.0,,,2,2,,,,,2.0,,,,,,2,2,2,2,1.0,1.0,,1,1,2,4,4,4.0,2,1.0,1,1,1,1.0,2021
Nepal,NPL,South Asia,20742576.0,152077867,0.695151685806979,1,23.0,2,5,2.0,1.0,1,1,0.0,2.0,2.0,2,,,2.0,2.0,2.0,,,,1.0,2.0,1.0,,,,,,2.0,2.0,,,,,,,,,,,,,,,,,,,,2,,,2,2,2,,,,2,2,,2.0,2,2,2,,2,2.0,2.0,2.0,,,,1.0,2.0,1.0,1.0,2,,,,,,2,,,,,,,2,2,,,,,2.0,,,,,,3,3,3,3,,3.0,,0,0,4,4,4,4.0,4,2.0,1,1,0,0.0,2021
Nepal,NPL,South Asia,20742576.0,182366353,0.422004136475808,2,23.0,2,4,1.0,1.0,1,1,0.0,1.0,2.0,1,1.0,2.0,1.0,2.0,2.0,,,,1.0,2.0,1.0,,,,,,2.0,2.0,,,,,,,,,,,,,,,,,,,,2,,,2,2,2,,,,2,1,,1.0,2,2,2,2.0,3,3.0,3.0,2.0,,,,1.0,2.0,1.0,2.0,2,,,,,,1,1.0,1.0,2.0,,,2.0,2,2,,,,,2.0,,,,,,2,1,1,3,1.0,1.0,,1,0,1,4,4,4.0,4,3.0,1,2,1,0.0,2021
Nepal,NPL,South Asia,20742576.0,191585070,1.21152602376065,1,58.0,1,2,1.0,1.0,1,1,0.0,2.0,2.0,2,,,2.0,2.0,2.0,,,,1.0,2.0,2.0,,,,,,,1.0,,,,,,,,,,,,,,,,,,,,2,,,2,2,2,,,,1,1,,2.0,2,2,2,,2,2.0,1.0,2.0,,,,2.0,,,,2,,,,,,2,,,,,,,2,2,,,,,2.0,,,,,,2,2,1,2,2.0,3.0,,1,0,4,4,4,4.0,4,5.0,2,2,0,0.0,2021
Nepal,NPL,South Asia,20742576.0,178073020,2.25582464882512,2,53.0,1,3,1.0,2.0,1,1,0.0,2.0,2.0,2,,,2.0,2.0,2.0,,,,1.0,2.0,1.0,,,,,,2.0,1.0,,,,,,,,,,,,,,,,,,,,2,,,2,2,2,,,,2,1,,2.0,2,2,1,,2,1.0,4.0,2.0,,,,2.0,,,,1,2.0,2.0,,,1.0,2,,,,,,,2,2,,,,,2.0,,,,,,2,1,2,2,2.0,1.0,,1,1,4,4,4,4.0,2,5.0,1,1,0,0.0,2021
Nepal,NPL,South Asia,20742576.0,160389010,0.263544210014897,2,56.0,1,5,1.0,1.0,1,1,0.0,2.0,2.0,2,,,2.0,2.0,2.0,,,,1.0,2.0,1.0,,,,,,2.0,1.0,,,,,,,,,,,,,,,,,,,,2,,,2,2,2,,,,1,1,,1.0,2,2,1,1.0,2,1.0,1.0,1.0,1.0,,,1.0,2.0,1.0,2.0,1,2.0,2.0,,,1.0,1,2.0,2.0,2.0,1.0,,,2,2,,,,,1.0,1.0,2.0,2.0,1.0,,2,1,2,2,3.0,3.0,,1,1,2,4,4,2.0,2,1.0,1,2,1,0.0,2021
Nepal,NPL,South Asia,20742576.0,146543436,1.17468288614313,2,30.0,1,5,1.0,1.0,1,1,0.0,2.0,2.0,1,2.0,,2.0,2.0,2.0,,,,2.0,,1.0,,,,,,2.0,1.0,,,,,,,,,,,,,,,,,,,,2,,,2,2,2,,,,1,2,,1.0,2,2,2,1.0,1,3.0,3.0,2.0,,,,1.0,1.0,,,1,2.0,2.0,,,1.0,2,,,,,,,2,2,,,,,1.0,1.0,2.0,2.0,1.0,,1,1,3,3,2.0,1.0,,1,1,4,4,4,2.0,2,1.0,1,1,1,0.0,2021
Nepal,NPL,South Asia,20742576.0,163975082,0.263544210014897,1,21.0,3,5,1.0,1.0,1,1,1.0,1.0,1.0,2,,,1.0,1.0,2.0,,,,2.0,,1.0,,,,,,1.0,2.0,,,,,,,,,,,,,,,,2.0,1.0,1.0,1.0,2,,,2,1,2,,,,1,2,2.0,2.0,2,2,2,,3,3.0,3.0,2.0,,,,2.0,,,,2,,,,,,1,1.0,1.0,1.0,,,2.0,2,2,,,,,2.0,,,,,,1,1,1,3,1.0,3.0,,1,1,1,4,4,4.0,4,5.0,1,1,1,0.0,2021
Nepal,NPL,South Asia,20742576.0,180010172,0.536259153557385,1,31.0,3,3,1.0,1.0,1,1,0.0,2.0,2.0,1,1.0,2.0,2.0,1.0,1.0,2.0,,2.0,1.0,1.0,1.0,,,,,,1.0,1.0,,,,,,,,,,,,,,,,,,,,2,,,2,1,2,,,,2,2,,1.0,2,1,1,1.0,2,2.0,2.0,2.0,,,,2.0,,,,1,2.0,2.0,,,1.0,1,2.0,1.0,2.0,,,2.0,2,2,,,,,2.0,,,,,,2,1,2,1,2.0,2.0,,1,1,1,4,4,4.0,2,5.0,1,1,1,0.0,2021
Nepal,NPL,South Asia,20742576.0,206877944,1.06123635953371,1,32.0,1,5,1.0,2.0,1,1,0.0,2.0,2.0,2,,,2.0,2.0,2.0,,,,2.0,,2.0,,,,,,,2.0,,,,,,,,,,,,,,,,,,,,2,,,2,2,2,,,,2,2,,2.0,2,2,2,,1,3.0,3.0,2.0,,,,1.0,1.0,,,1,2.0,2.0,,,1.0,2,,,,,,,2,2,,,,,2.0,,,,,,3,2,1,3,2.0,1.0,,0,0,4,4,4,4.0,2,1.0,1,2,1,0.0,2021
Nepal,NPL,South Asia,20742576.0,133659226,0.598946227374183,2,60.0,1,3,1.0,1.0,0,0,0.0,,,2,,,,,,,,,,,,,,,,,,,2.0,1.0,2.0,2.0,2.0,2.0,1.0,2.0,2.0,,,,,,,,,,,2,,,2,2,2,,,,2,2,,2.0,2,2,2,,2,2.0,1.0,2.0,,,,2.0,,,,1,2.0,2.0,,,1.0,2,,,,,,,2,2,,,,,1.0,1.0,2.0,2.0,1.0,,2,2,2,3,1.0,2.0,,0,0,4,4,4,2.0,2,5.0,2,2,0,0.0,2021
Nepal,NPL,South Asia,20742576.0,142257423,2.56359896883673,2,16.0,1,5,2.0,2.0,1,1,0.0,2.0,2.0,2,,,2.0,2.0,2.0,,,,1.0,2.0,1.0,,,,,,2.0,1.0,,,,,,,,,,,,,,,,,,,,2,,,2,2,2,,,,2,1,,2.0,2,2,2,,1,3.0,3.0,2.0,,,,2.0,,,,2,,,,,,2,,,,,,,3,2,,,,,2.0,,,,,,3,3,3,3,,2.0,,1,0,4,5,4,4.0,4,5.0,1,1,0,0.0,2021
Nepal,NPL,South Asia,20742576.0,142366892,0.950344539762766,1,25.0,1,2,2.0,1.0,0,0,0.0,,,2,,,,,,,,,,,,,,,,,,,2.0,1.0,1.0,1.0,2.0,2.0,2.0,2.0,1.0,,,,,,,,,,,2,,,2,2,2,,,,2,2,,1.0,1,2,1,2.0,3,3.0,3.0,2.0,,,,1.0,2.0,2.0,1.0,2,,,,,,2,,,,,,,2,2,,,,,2.0,,,,,,2,3,2,2,4.0,3.0,,1,1,4,4,4,4.0,4,2.0,1,2,0,0.0,2021
Nepal,NPL,South Asia,20742576.0,117205139,0.522373459246182,1,22.0,3,5,2.0,2.0,1,1,1.0,2.0,2.0,1,1.0,1.0,1.0,1.0,2.0,,,,1.0,2.0,1.0,,,,,,1.0,1.0,,,,,,,,,,,,,,,,1.0,1.0,2.0,1.0,1,1.0,,1,1,1,3.0,2.0,,2,2,2.0,2.0,1,2,1,,2,1.0,1.0,1.0,1.0,,,1.0,1.0,,,2,,,,,,2,,,,,,,2,2,,,,,2.0,,,,,,1,1,1,1,4.0,1.0,,0,1,4,4,4,4.0,4,1.0,1,1,1,1.0,2021
Nepal,NPL,South Asia,20742576.0,148269761,0.277475100000039,1,41.0,1,4,1.0,1.0,1,1,0.0,2.0,2.0,2,,,2.0,2.0,2.0,,,,2.0,,1.0,,,,,,2.0,2.0,,,,,,,,,,,,,,,,,,,,2,,,2,2,2,,,,1,2,,2.0,2,2,2,,3,1.0,1.0,2.0,,,,2.0,,,,1,2.0,2.0,,,1.0,2,,,,,,,2,2,,,,,1.0,1.0,2.0,2.0,1.0,,2,2,2,2,2.0,2.0,,1,0,4,4,4,2.0,2,5.0,1,2,0,0.0,2021
Nepal,NPL,South Asia,20742576.0,172583773,2.03265056613273,1,18.0,1,2,1.0,1.0,0,0,0.0,,,2,,,,,,,,,,,,,,,,,,,2.0,2.0,1.0,2.0,1.0,2.0,1.0,2.0,2.0,,,,,,,,,,,2,,,2,2,2,,,,2,2,,2.0,2,2,2,,2,2.0,1.0,2.0,,,,2.0,,,,2,,,,,,2,,,,,,,2,2,,,,,2.0,,,,,,2,2,2,3,2.0,2.0,,0,0,4,4,4,4.0,4,5.0,1,2,0,0.0,2021
Nepal,NPL,South Asia,20742576.0,170613060,0.85083919180037,1,20.0,1,5,2.0,1.0,1,1,0.0,2.0,2.0,2,,,2.0,2.0,2.0,,,,2.0,,2.0,,,,,,,2.0,,,,,,,,,,,,,,,,,,,,2,,,2,2,2,,,,2,2,,2.0,1,2,1,,2,2.0,2.0,2.0,,,,2.0,,,,2,,,,,,2,,,,,,,2,2,,,,,2.0,,,,,,3,3,1,1,4.0,1.0,,0,1,4,4,4,4.0,4,5.0,1,1,0,0.0,2021
Nepal,NPL,South Asia,20742576.0,144810771,0.554950200000078,1,37.0,1,3,1.0,1.0,1,1,0.0,1.0,2.0,1,2.0,,2.0,2.0,2.0,,,,1.0,2.0,2.0,,,,,,,1.0,,,,,,,,,,,,,,,,,,,,2,,,2,2,2,,,,2,2,,2.0,1,1,1,,3,1.0,1.0,2.0,,,,2.0,,,,2,,,,,,1,1.0,1.0,2.0,,,2.0,2,2,,,,,2.0,,,,,,1,1,1,1,3.0,1.0,,0,1,1,4,4,4.0,4,5.0,1,2,1,0.0,2021
Nepal,NPL,South Asia,20742576.0,177179453,1.31388710904067,2,24.0,2,2,1.0,2.0,1,1,1.0,1.0,2.0,1,1.0,1.0,2.0,1.0,2.0,,,,2.0,,1.0,,,,,,1.0,2.0,,,,,,,,,,,,,,,,1.0,2.0,1.0,1.0,1,1.0,,1,2,2,,,,2,2,2.0,2.0,1,2,1,,2,2.0,2.0,2.0,,,,2.0,,,,2,,,,,,1,2.0,2.0,2.0,1.0,,,2,2,,,,,2.0,,,,,,1,1,2,1,2.0,2.0,,0,1,2,4,4,4.0,4,5.0,1,1,1,1.0,2021
Nepal,NPL,South Asia,20742576.0,178120321,0.516777477438258,1,54.0,1,1,1.0,1.0,0,0,0.0,,,2,,,,,,,,,,,,,,,,,,,1.0,1.0,2.0,2.0,2.0,2.0,1.0,2.0,1.0,,,,,,,,,,,2,,,2,2,2,,,,2,2,,2.0,2,2,1,,2,1.0,1.0,2.0,,,,2.0,,,,1,2.0,2.0,,,1.0,2,,,,,,,2,2,,,,,1.0,1.0,2.0,2.0,1.0,,3,3,3,3,,2.0,,0,1,4,4,4,2.0,2,5.0,1,1,0,0.0,2021
Nepal,NPL,South Asia,20742576.0,120788440,1.29144060707426,1,19.0,1,2,1.0,1.0,0,0,0.0,,,2,,,,,,,,,,,,,,,,,,,2.0,1.0,2.0,1.0,1.0,2.0,2.0,2.0,2.0,,,,,,,,,,,2,,,2,2,2,,,,2,2,,2.0,2,2,2,,3,2.0,1.0,2.0,,,,2.0,,,,1,2.0,2.0,,,1.0,2,,,,,,,2,2,,,,,2.0,,,,,,1,1,1,2,2.0,1.0,,0,0,4,4,4,4.0,2,5.0,1,2,0,0.0,2021
Nepal,NPL,South Asia,20742576.0,157975432,2.54081320766592,1,18.0,1,2,1.0,1.0,1,1,0.0,2.0,2.0,2,,,2.0,2.0,2.0,,,,1.0,2.0,1.0,,,,,,2.0,2.0,,,,,,,,,,,,,,,,,,,,2,,,2,2,2,,,,1,2,,2.0,2,2,2,,3,2.0,1.0,2.0,,,,2.0,,,,2,,,,,,2,,,,,,,2,2,,,,,2.0,,,,,,1,1,2,1,2.0,1.0,,1,0,4,4,4,4.0,4,5.0,1,1,0,0.0,2021
Nepal,NPL,South Asia,20742576.0,132990430,2.83160028258982,1,40.0,1,2,1.0,1.0,1,1,0.0,2.0,2.0,1,1.0,2.0,2.0,2.0,2.0,,,,2.0,,1.0,,,,,,2.0,1.0,,,,,,,,,,,,,,,,,,,,2,,,2,2,2,,,,2,2,,1.0,2,1,2,2.0,4,2.0,2.0,2.0,,,,2.0,,,,1,2.0,2.0,,,2.0,2,,,,,,,2,2,,,,,2.0,,,,,,3,2,2,2,2.0,2.0,,1,1,4,4,4,4.0,3,5.0,1,1,1,0.0,2021
Nepal,NPL,South Asia,20742576.0,128960058,1.0511650847294,1,30.0,1,2,2.0,1.0,0,0,0.0,,,2,,,,,,,,,,,,,,,,,,,2.0,2.0,2.0,2.0,2.0,2.0,1.0,2.0,2.0,,,,,,,,,,,2,,,2,2,2,,,,2,2,,2.0,1,2,1,,2,1.0,1.0,2.0,,,,2.0,,,,2,,,,,,2,,,,,,,2,2,,,,,2.0,,,,,,1,1,1,1,1.0,1.0,,0,1,4,4,4,4.0,4,5.0,2,2,0,0.0,2021
Nepal,NPL,South Asia,20742576.0,164482535,1.77762484704773,1,27.0,1,4,1.0,1.0,1,1,0.0,2.0,2.0,1,2.0,,2.0,2.0,2.0,,,,2.0,,2.0,,,,,,,2.0,,,,,,,,,,,,,,,,,,,,2,,,2,2,2,,,,2,2,,2.0,2,2,2,,3,4.0,5.0,2.0,,,,2.0,,,,1,2.0,2.0,,,1.0,1,2.0,2.0,2.0,1.0,,,2,2,,,,,2.0,,,,,,3,3,3,3,,1.0,,0,0,2,4,4,4.0,2,5.0,1,2,0,0.0,2021
Nepal,NPL,South Asia,20742576.0,129608187,0.45232439497242,2,58.0,1,1,2.0,1.0,0,0,0.0,,,2,,,,,,,,,,,,,,,,,,,1.0,2.0,3.0,3.0,3.0,2.0,2.0,1.0,1.0,,,,,,,,,,,2,,,2,2,2,,,,2,2,,2.0,1,1,2,,4,1.0,1.0,2.0,,,,2.0,,,,1,2.0,2.0,,,1.0,2,,,,,,,2,2,,,,,2.0,,,,,,3,1,1,1,3.0,3.0,,0,1,4,4,4,4.0,2,5.0,1,2,0,0.0,2021
Nepal,NPL,South Asia,20742576.0,152767956,0.31282525814123,2,32.0,2,4,1.0,1.0,1,1,0.0,1.0,1.0,2,,,2.0,2.0,2.0,,,,2.0,,2.0,,,,,,,1.0,,,,,,,,,,,,,,,,,,,,2,,,2,2,2,,,,2,2,,2.0,2,2,2,,3,2.0,1.0,2.0,,,,2.0,,,,1,2.0,2.0,,,1.0,1,2.0,1.0,2.0,,,2.0,2,2,,,,,2.0,,,,,,1,1,1,1,2.0,1.0,,1,0,1,4,4,4.0,2,5.0,1,1,1,0.0,2021
Nepal,NPL,South Asia,20742576.0,115601625,1.36649850011939,2,36.0,1,4,2.0,1.0,1,1,0.0,2.0,2.0,2,,,2.0,2.0,2.0,,,,2.0,,2.0,,,,,,,2.0,,,,,,,,,,,,,,,,,,,,2,,,2,2,2,,,,2,1,,2.0,2,2,2,,3,1.0,1.0,2.0,,,,2.0,,,,2,,,,,,2,,,,,,,2,2,,,,,2.0,,,,,,1,1,2,3,1.0,2.0,,1,0,4,4,4,4.0,4,5.0,1,1,0,0.0,2021
Nepal,NPL,South Asia,20742576.0,127280117,1.40256386691203,2,29.0,1,1,1.0,1.0,1,1,0.0,2.0,2.0,2,,,2.0,2.0,2.0,,,,2.0,,2.0,,,,,,,2.0,,,,,,,,,,,,,,,,,,,,2,,,2,2,2,,,,2,2,,2.0,2,1,2,,3,2.0,1.0,2.0,,,,2.0,,,,2,,,,,,2,,,,,,,2,2,,,,,2.0,,,,,,1,1,1,1,4.0,2.0,,0,1,4,4,4,4.0,4,5.0,1,2,0,0.0,2021
Nepal,NPL,South Asia,20742576.0,123830159,2.54081320766592,1,18.0,1,3,1.0,1.0,0,0,0.0,,,2,,,,,,,,,,,,,,,,,,,2.0,2.0,2.0,2.0,2.0,2.0,2.0,1.0,2.0,,,,,,,,,,,2,,,2,2,2,,,,2,2,,2.0,2,2,2,,7,,,2.0,,,,2.0,,,,2,,,,,,2,,,,,,,2,2,,,,,2.0,,,,,,3,2,5,5,,4.0,,0,0,4,4,4,4.0,4,5.0,1,2,0,0.0,2021
Nepal,NPL,South Asia,20742576.0,123267990,1.8755834661895,1,52.0,1,5,2.0,2.0,1,1,0.0,2.0,2.0,2,,,2.0,2.0,2.0,,,,1.0,1.0,2.0,,,,,,,1.0,,,,,,,,,,,,,,,,,,,,2,,,2,2,2,,,,2,1,,2.0,2,2,2,,2,3.0,3.0,2.0,,,,2.0,,,,2,,,,,,2,,,,,,,2,2,,,,,1.0,1.0,2.0,2.0,1.0,,3,2,2,3,2.0,2.0,,1,0,4,4,4,2.0,4,5.0,2,2,0,0.0,2021
Nepal,NPL,South Asia,20742576.0,179858839,0.778209915318601,1,40.0,1,2,1.0,1.0,1,1,0.0,,,1,1.0,2.0,2.0,2.0,2.0,,,,2.0,,2.0,,,,,,,1.0,,,,,,,,,,,,,,,,,,,,2,,,2,2,2,,,,2,2,,2.0,2,2,2,,8,,,2.0,,,,2.0,,,,2,,,,,,2,,,,,,,2,2,,,,,2.0,,,,,,2,1,2,2,1.0,3.0,,0,0,4,4,4,4.0,4,5.0,1,2,1,0.0,2021
Nepal,NPL,South Asia,20742576.0,144147250,0.306037611595189,2,49.0,2,3,1.0,1.0,1,1,0.0,1.0,2.0,1,1.0,2.0,2.0,2.0,2.0,,,,1.0,2.0,1.0,,,,,,1.0,1.0,,,,,,,,,,,,,,,,,,,,2,,,2,2,2,,,,2,2,,2.0,1,2,1,,3,2.0,1.0,1.0,1.0,,,2.0,,,,2,,,,,,2,,,,,,,2,2,,,,,1.0,1.0,2.0,2.0,1.0,,1,1,1,1,3.0,1.0,,0,1,4,4,4,2.0,4,1.0,1,1,1,0.0,2021
Nepal,NPL,South Asia,20742576.0,174884884,0.614627729046483,2,50.0,1,4,2.0,2.0,1,1,0.0,,,2,,,,,,,,,,,,,,,,,,,,2.0,1.0,2.0,1.0,2.0,1.0,1.0,1.0,,,,,,,,,,,2,,,2,2,2,,,,2,2,,2.0,1,2,1,,2,1.0,1.0,2.0,,,,2.0,,,,2,,,,,,2,,,,,,,1,2,1.0,2.0,,,2.0,,,,,,1,1,1,1,2.0,1.0,,0,1,4,1,4,4.0,4,5.0,1,2,1,0.0,2021
Nepal,NPL,South Asia,20742576.0,130910307,0.633006204713712,2,19.0,2,5,1.0,2.0,1,1,0.0,2.0,1.0,2,,,2.0,2.0,2.0,,,,2.0,,1.0,,,,,,2.0,2.0,,,,,,,,,,,,,,,,,,,,2,,,2,2,2,,,,2,2,,2.0,2,2,2,,3,3.0,2.0,2.0,,,,2.0,,,,1,2.0,2.0,,,1.0,2,,,,,,,2,2,,,,,2.0,,,,,,1,1,2,1,1.0,1.0,,0,0,4,4,4,4.0,2,5.0,1,1,0,0.0,2021
Nepal,NPL,South Asia,20742576.0,179717636,0.311534997464268,1,29.0,2,5,2.0,1.0,1,1,0.0,2.0,2.0,2,,,2.0,2.0,2.0,,,,2.0,,2.0,,,,,,,1.0,,,,,,,,,,,,,,,,,,,,2,,,2,2,2,,,,2,2,,2.0,2,2,2,,2,2.0,1.0,2.0,,,,2.0,,,,2,,,,,,2,,,,,,,2,2,,,,,1.0,1.0,2.0,2.0,1.0,,3,3,3,2,,2.0,,0,0,4,4,4,2.0,4,5.0,1,1,0,0.0,2021
Nepal,NPL,South Asia,20742576.0,158639171,1.34590482572653,2,56.0,1,2,1.0,1.0,1,1,0.0,1.0,1.0,2,,,2.0,2.0,2.0,,,,1.0,2.0,1.0,,,,,,2.0,2.0,,,,,,,,,,,,,,,,,,,,2,,,2,2,2,,,,2,2,,2.0,2,1,2,,2,2.0,1.0,1.0,1.0,,,2.0,,,,1,2.0,2.0,,,1.0,2,,,,,,,2,1,1.0,2.0,,,1.0,1.0,2.0,2.0,1.0,,1,1,2,2,3.0,1.0,,0,1,4,4,1,2.0,2,1.0,1,2,1,0.0,2021
Nepal,NPL,South Asia,20742576.0,165567635,0.689939120320085,1,32.0,1,2,1.0,1.0,0,0,0.0,,,2,,,,,,,,,,,,,,,,,,,1.0,2.0,2.0,2.0,2.0,2.0,1.0,2.0,1.0,,,,,,,,,,,2,,,2,2,2,,,,2,2,,2.0,2,2,2,,2,3.0,2.0,2.0,,,,2.0,,,,1,2.0,2.0,,,1.0,2,,,,,,,2,2,,,,,2.0,,,,,,2,2,2,2,4.0,3.0,,0,0,4,4,4,4.0,2,5.0,1,1,0,0.0,2021
Nepal,NPL,South Asia,20742576.0,160737070,0.640515390221681,2,48.0,2,2,1.0,2.0,1,1,0.0,2.0,2.0,2,,,2.0,2.0,2.0,,,,2.0,,1.0,,,,,,2.0,2.0,,,,,,,,,,,,,,,,,,,,2,,,2,2,2,,,,2,2,,2.0,1,2,1,,5,1.0,1.0,1.0,1.0,,,2.0,,,,2,,,,,,2,,,,,,,2,2,,,,,1.0,1.0,2.0,2.0,1.0,,1,1,1,1,4.0,1.0,,0,1,4,4,4,2.0,4,1.0,1,2,1,0.0,2021
Nepal,NPL,South Asia,20742576.0,139090555,0.368519802709641,1,45.0,1,3,1.0,1.0,1,1,0.0,2.0,2.0,2,,,2.0,2.0,2.0,,,,2.0,,2.0,,,,,,,2.0,,,,,,,,,,,,,,,,,,,,2,,,2,2,2,,,,2,2,,2.0,2,2,2,,2,1.0,1.0,2.0,,,,2.0,,,,2,,,,,,2,,,,,,,2,2,,,,,2.0,,,,,,1,1,2,1,1.0,3.0,,0,0,4,4,4,4.0,4,5.0,1,2,0,0.0,2021
Nepal,NPL,South Asia,20742576.0,181627163,2.82509332429633,2,22.0,1,3,1.0,1.0,0,0,0.0,,,2,,,,,,,,,,,,,,,,,,,1.0,1.0,2.0,2.0,2.0,2.0,1.0,2.0,2.0,,,,,,,,,,,2,,,2,2,2,,,,2,2,,2.0,2,2,1,,2,1.0,1.0,2.0,,,,2.0,,,,2,,,,,,2,,,,,,,2,2,,,,,2.0,,,,,,2,1,2,2,2.0,1.0,,0,1,4,4,4,4.0,4,5.0,1,1,0,0.0,2021
Nepal,NPL,South Asia,20742576.0,119117762,0.761078655006205,2,88.0,1,1,2.0,2.0,1,1,0.0,1.0,1.0,2,,,2.0,2.0,2.0,,,,2.0,,2.0,,,,,,,1.0,,,,,,,,,,,,,,,,,,,,2,,,2,2,2,,,,2,2,,2.0,2,2,2,,2,1.0,1.0,2.0,,,,2.0,,,,2,,,,,,2,,,,,,,2,2,,,,,2.0,,,,,,2,2,3,3,1.0,3.0,,0,0,4,4,4,4.0,4,5.0,2,2,0,0.0,2021
Nepal,NPL,South Asia,20742576.0,173999216,2.83160028258982,2,16.0,1,2,1.0,1.0,0,0,0.0,,,2,,,,,,,,,,,,,,,,,,,1.0,2.0,2.0,1.0,1.0,2.0,1.0,2.0,2.0,,,,,,,,,,,2,,,2,2,2,,,,2,2,,2.0,2,2,1,,2,2.0,1.0,2.0,,,,2.0,,,,1,2.0,2.0,,,1.0,2,,,,,,,2,2,,,,,1.0,1.0,2.0,2.0,1.0,,2,2,3,2,2.0,2.0,,0,1,4,4,4,2.0,2,5.0,1,2,0,0.0,2021
Nepal,NPL,South Asia,20742576.0,130847663,1.13569913242673,1,45.0,1,3,1.0,1.0,1,1,0.0,2.0,2.0,2,,,2.0,2.0,2.0,,,,2.0,,1.0,,,,,,3.0,1.0,,,,,,,,,,,,,,,,,,,,2,,,2,2,2,,,,2,2,,2.0,1,1,2,,4,1.0,1.0,2.0,,,,2.0,,,,1,2.0,2.0,,,1.0,2,,,,,,,2,2,,,,,2.0,,,,,,1,1,1,1,2.0,1.0,,0,1,4,4,4,4.0,2,5.0,1,2,0,0.0,2021
Nepal,NPL,South Asia,20742576.0,148350064,0.574014266264062,1,22.0,2,3,1.0,1.0,0,0,0.0,,,2,,,,,,,,,,,,,,,,,,,2.0,2.0,2.0,2.0,2.0,2.0,1.0,1.0,2.0,,,,,,,,,,,2,,,2,2,2,,,,2,2,,2.0,2,2,1,,2,1.0,1.0,1.0,2.0,2.0,2.0,2.0,,,,1,2.0,2.0,,,1.0,1,2.0,2.0,2.0,1.0,,,2,2,,,,,1.0,1.0,2.0,2.0,1.0,,1,2,1,2,1.0,1.0,,0,1,2,4,4,2.0,2,4.0,1,1,0,0.0,2021
Nepal,NPL,South Asia,20742576.0,144953054,0.263544210014897,2,68.0,3,5,1.0,1.0,1,1,0.0,2.0,2.0,2,,,2.0,2.0,2.0,,,,2.0,,2.0,,,,,,,1.0,,,,,,,,,,,,,,,,,,,,2,,,2,2,2,,,,1,1,,2.0,2,1,1,,6,3.0,3.0,1.0,2.0,2.0,1.0,2.0,,,,1,2.0,2.0,,,1.0,2,,,,,,,2,1,1.0,2.0,,,2.0,,,,,,2,1,3,3,1.0,2.0,,1,1,4,4,1,4.0,2,2.0,1,1,1,0.0,2021
Nepal,NPL,South Asia,20742576.0,205970713,0.725606619752004,2,60.0,1,1,1.0,1.0,0,0,0.0,,,2,,,,,,,,,,,,,,,,,,,2.0,1.0,1.0,1.0,2.0,2.0,1.0,2.0,3.0,,,,,,,,,,,2,,,2,2,2,,,,2,2,,2.0,2,2,1,,8,,,2.0,,,,2.0,,,,2,,,,,,2,,,,,,,2,2,,,,,2.0,,,,,,2,1,2,2,2.0,2.0,,0,1,4,4,4,4.0,4,5.0,2,2,0,0.0,2021
Nepal,NPL,South Asia,20742576.0,133180839,0.61702900896824,1,46.0,1,1,2.0,1.0,1,1,0.0,2.0,2.0,2,,,2.0,2.0,2.0,,,,1.0,2.0,2.0,,,,,,,1.0,,,,,,,,,,,,,,,,,,,,2,,,2,2,2,,,,2,2,,2.0,1,2,1,,2,1.0,1.0,2.0,,,,2.0,,,,2,,,,,,2,,,,,,,2,2,,,,,2.0,,,,,,1,1,1,1,2.0,3.0,,0,1,4,4,4,4.0,4,5.0,1,2,0,0.0,2021
Nepal,NPL,South Asia,20742576.0,209172993,0.263544210014897,1,68.0,1,4,1.0,1.0,0,0,0.0,,,2,,,,,,,,,,,,,,,,,,,2.0,1.0,1.0,1.0,2.0,1.0,1.0,1.0,1.0,,,,,,,,,,,2,,,2,2,2,,,,2,2,,2.0,2,2,2,,4,2.0,2.0,2.0,,,,2.0,,,,1,2.0,2.0,,,1.0,2,,,,,,,2,2,,,,,2.0,,,,,,2,2,2,3,2.0,2.0,,0,1,4,4,4,4.0,2,5.0,2,2,0,0.0,2021
Nepal,NPL,South Asia,20742576.0,151279747,0.263544210014897,2,60.0,1,1,1.0,1.0,0,0,0.0,,,2,,,,,,,,,,,,,,,,,,,2.0,2.0,2.0,2.0,2.0,2.0,1.0,2.0,2.0,,,,,,,,,,,2,,,2,2,2,,,,2,2,,2.0,1,2,1,,2,2.0,2.0,1.0,1.0,,,1.0,2.0,1.0,2.0,1,2.0,2.0,,,1.0,2,,,,,,,2,2,,,,,1.0,1.0,2.0,2.0,1.0,,1,1,3,3,1.0,3.0,,0,1,4,4,4,2.0,2,1.0,1,2,0,0.0,2021
Nepal,NPL,South Asia,20742576.0,129837240,2.83160028258982,2,40.0,1,3,1.0,2.0,1,1,0.0,2.0,2.0,2,,,2.0,2.0,2.0,,,,2.0,,2.0,,,,,,,2.0,,,,,,,,,,,,,,,,,,,,2,,,2,2,2,,,,1,1,,2.0,2,2,1,,3,3.0,1.0,2.0,,,,2.0,,,,2,,,,,,2,,,,,,,2,2,,,,,2.0,,,,,,2,1,1,1,4.0,2.0,,1,1,4,4,4,4.0,4,5.0,1,2,0,0.0,2021
Nepal,NPL,South Asia,20742576.0,188687871,0.394534057303257,1,25.0,2,5,1.0,1.0,1,1,0.0,2.0,2.0,2,,,2.0,2.0,2.0,,,,1.0,1.0,2.0,,,,,,,1.0,,,,,,,,,,,,,,,,,,,,2,,,2,2,2,,,,1,1,,2.0,2,2,2,,1,3.0,3.0,2.0,,,,2.0,,,,1,1.0,2.0,2.0,,,2,,,,,,,2,2,,,,,2.0,,,,,,3,3,3,3,,2.0,,1,0,4,4,4,4.0,1,5.0,1,1,1,0.0,2021
Nepal,NPL,South Asia,20742576.0,119783681,0.865154069108737,1,45.0,1,4,1.0,1.0,1,1,0.0,2.0,1.0,1,1.0,1.0,2.0,2.0,2.0,,,,1.0,2.0,1.0,,,,,,1.0,1.0,,,,,,,,,,,,,,,,,,,,2,1.0,,2,2,2,,,,1,1,,2.0,2,1,2,,3,1.0,1.0,1.0,1.0,,,2.0,,,,2,,,,,,1,2.0,1.0,2.0,,,1.0,1,2,1.0,2.0,,,2.0,,,,,,2,1,2,1,1.0,3.0,,1,1,1,1,4,4.0,4,1.0,1,2,1,1.0,2021
Nepal,NPL,South Asia,20742576.0,202054779,0.901929362205871,1,60.0,1,5,1.0,1.0,1,1,0.0,1.0,2.0,2,,,2.0,2.0,2.0,,,,2.0,,2.0,,,,,,,2.0,,,,,,,,,,,,,,,,,,,,2,,,2,2,2,,,,2,2,,2.0,2,2,2,,2,1.0,1.0,2.0,,,,2.0,,,,1,2.0,2.0,,,1.0,2,,,,,,,1,2,2.0,2.0,2.0,2.0,2.0,,,,,,3,2,2,2,5.0,3.0,,0,0,4,3,4,4.0,2,5.0,2,2,0,0.0,2021
Nepal,NPL,South Asia,20742576.0,143519870,1.79101462931026,2,30.0,1,1,1.0,1.0,1,1,0.0,2.0,2.0,2,,,2.0,2.0,2.0,,,,2.0,,2.0,,,,,,,1.0,,,,,,,,,,,,,,,,,,,,2,,,2,2,2,,,,2,2,,2.0,2,2,2,,2,1.0,1.0,2.0,,,,2.0,,,,2,,,,,,2,,,,,,,2,2,,,,,2.0,,,,,,1,1,1,1,2.0,1.0,,0,0,4,4,4,4.0,4,5.0,1,2,0,0.0,2021
Nepal,NPL,South Asia,20742576.0,147654165,1.03820977480994,1,46.0,1,4,2.0,1.0,1,1,0.0,2.0,2.0,2,,,2.0,2.0,2.0,,,,1.0,2.0,1.0,,,,,,2.0,1.0,,,,,,,,,,,,,,,,,,,,2,,,2,2,2,,,,2,2,,2.0,2,2,2,,2,1.0,4.0,2.0,,,,2.0,,,,1,2.0,2.0,,,1.0,2,,,,,,,2,2,,,,,2.0,,,,,,1,1,3,3,1.0,2.0,,0,0,4,4,4,4.0,2,5.0,1,2,0,0.0,2021
Nepal,NPL,South Asia,20742576.0,182616087,0.861021399396093,1,17.0,2,4,1.0,2.0,1,1,0.0,,,1,2.0,,2.0,2.0,2.0,,,,1.0,2.0,1.0,,,,,,2.0,1.0,,,,,,,,,,,,,,,,,,,,2,,,2,2,2,,,,2,1,,2.0,2,2,2,,7,,,2.0,,,,2.0,,,,2,,,,,,2,,,,,,,3,2,,,,,2.0,,,,,,3,3,3,3,,2.0,,1,0,4,5,4,4.0,4,5.0,2,1,0,0.0,2021
Nepal,NPL,South Asia,20742576.0,142613334,1.12961785522689,1,30.0,1,4,1.0,1.0,0,0,0.0,,,2,,,,,,,,,,,,,,,,,,,2.0,1.0,2.0,2.0,2.0,2.0,1.0,1.0,2.0,,,,,,,,,,,2,,,2,2,2,,,,2,2,,1.0,2,2,1,1.0,2,1.0,4.0,2.0,,,,2.0,,,,1,2.0,2.0,,,1.0,2,,,,,,,1,2,2.0,2.0,2.0,2.0,1.0,1.0,2.0,2.0,1.0,,2,2,2,2,2.0,1.0,,1,1,4,3,4,2.0,2,5.0,1,1,0,0.0,2021
Nepal,NPL,South Asia,20742576.0,160268429,0.394534057303257,1,25.0,2,4,1.0,1.0,1,1,1.0,1.0,2.0,1,1.0,1.0,1.0,1.0,1.0,1.0,1.0,1.0,1.0,2.0,1.0,,,,,,2.0,1.0,,,,,,,,,,,,,,,,1.0,2.0,2.0,1.0,1,1.0,,1,1,1,2.0,1.0,,2,2,2.0,2.0,2,2,1,,1,2.0,2.0,2.0,,,,2.0,,,,1,2.0,2.0,,,1.0,2,,,,,,,2,2,,,,,2.0,,,,,,2,1,2,2,2.0,1.0,,0,1,4,4,4,4.0,2,5.0,1,1,1,1.0,2021
Nepal,NPL,South Asia,20742576.0,133437942,0.782063145353076,2,26.0,2,2,1.0,1.0,1,1,0.0,2.0,2.0,1,2.0,,2.0,2.0,2.0,,,,3.0,,1.0,,,,,,2.0,1.0,,,,,,,,,,,,,,,,,,,,2,,,2,2,2,,,,2,1,,2.0,2,2,2,,1,2.0,1.0,2.0,,,,2.0,,,,2,,,,,,1,2.0,2.0,2.0,1.0,,,1,2,2.0,2.0,2.0,2.0,2.0,,,,,,5,2,2,5,2.0,4.0,,1,0,2,3,4,4.0,4,5.0,1,1,0,0.0,2021
Nepal,NPL,South Asia,20742576.0,149453685,1.53426658607282,2,29.0,1,4,1.0,1.0,0,0,0.0,,,2,,,,,,,,,,,,,,,,,,,1.0,1.0,2.0,2.0,2.0,2.0,1.0,2.0,2.0,,,,,,,,,,,2,,,2,2,2,,,,1,2,,1.0,2,2,2,2.0,3,2.0,2.0,2.0,,,,2.0,,,,1,2.0,2.0,,,1.0,1,2.0,2.0,2.0,1.0,,,2,2,,,,,2.0,,,,,,1,1,2,2,1.0,2.0,,1,0,2,4,4,4.0,2,5.0,1,2,0,0.0,2021
Nepal,NPL,South Asia,20742576.0,128451437,1.76251446225006,1,70.0,1,3,1.0,2.0,0,0,0.0,,,2,,,,,,,,,,,,,,,,,,,2.0,2.0,2.0,2.0,2.0,2.0,1.0,2.0,1.0,,,,,,,,,,,2,,,2,2,2,,,,2,2,,2.0,2,2,2,,2,1.0,1.0,2.0,,,,2.0,,,,2,,,,,,2,,,,,,,2,2,,,,,2.0,,,,,,2,2,2,2,1.0,1.0,,0,0,4,4,4,4.0,4,5.0,2,2,0,0.0,2021
Nepal,NPL,South Asia,20742576.0,132618814,1.08552465061943,2,18.0,2,1,2.0,1.0,0,0,0.0,,,2,,,,,,,,,,,,,,,,,,,1.0,1.0,2.0,2.0,2.0,2.0,2.0,1.0,1.0,,,,,,,,,,,2,,,2,2,2,,,,2,2,,2.0,2,2,2,,3,2.0,1.0,2.0,,,,2.0,,,,2,,,,,,2,,,,,,,2,2,,,,,2.0,,,,,,2,1,1,1,2.0,2.0,,0,0,4,4,4,4.0,4,5.0,1,1,0,0.0,2021
Nepal,NPL,South Asia,20742576.0,155362090,0.569308812434252,1,21.0,2,3,1.0,2.0,1,1,0.0,1.0,2.0,2,,,2.0,2.0,2.0,,,,2.0,,2.0,,,,,,,2.0,,,,,,,,,,,,,,,,,,,,2,,,2,2,2,,,,2,2,,2.0,2,2,2,,2,2.0,1.0,2.0,,,,2.0,,,,2,,,,,,2,,,,,,,2,2,,,,,2.0,,,,,,1,1,1,1,2.0,1.0,,0,0,4,4,4,4.0,4,5.0,1,1,0,0.0,2021
Nepal,NPL,South Asia,20742576.0,159316050,0.832477491782507,2,62.0,1,5,1.0,1.0,1,1,0.0,2.0,1.0,2,,,2.0,2.0,2.0,,,,2.0,,2.0,,,,,,,2.0,,,,,,,,,,,,,,,,,,,,2,,,2,2,2,,,,2,2,,2.0,2,2,2,,5,1.0,1.0,2.0,,,,2.0,,,,2,,,,,,1,2.0,2.0,2.0,2.0,2.0,,2,2,,,,,2.0,,,,,,1,2,2,3,1.0,3.0,,0,0,3,4,4,4.0,4,5.0,1,2,0,0.0,2021
Nepal,NPL,South Asia,20742576.0,141294235,0.532230054413927,1,23.0,3,5,1.0,1.0,1,1,0.0,2.0,2.0,1,1.0,1.0,1.0,1.0,2.0,,,,1.0,1.0,1.0,,,,,,1.0,1.0,,,,,,,,,,,,,,,,,,,,1,2.0,,1,1,1,1.0,2.0,,2,1,,2.0,2,2,1,,2,1.0,1.0,1.0,1.0,,,1.0,1.0,,,2,,,,,,2,,,,,,,2,2,,,,,2.0,,,,,,3,3,3,3,,3.0,,1,1,4,4,4,4.0,4,1.0,1,1,1,1.0,2021
Nepal,NPL,South Asia,20742576.0,128111369,1.03313916465748,2,38.0,1,4,2.0,2.0,0,0,0.0,,,2,,,,,,,,,,,,,,,,,,,2.0,1.0,1.0,1.0,1.0,2.0,1.0,2.0,1.0,,,,,,,,,,,2,,,2,2,2,,,,2,2,,2.0,1,2,1,,3,2.0,1.0,2.0,,,,2.0,,,,2,,,,,,1,2.0,2.0,2.0,1.0,,,2,2,,,,,2.0,,,,,,3,3,2,3,,2.0,,0,1,2,4,4,4.0,4,5.0,1,1,0,0.0,2021
Nepal,NPL,South Asia,20742576.0,184683930,0.437978809815461,1,25.0,2,5,1.0,2.0,1,1,0.0,1.0,2.0,1,3.0,,1.0,1.0,1.0,1.0,1.0,1.0,2.0,,1.0,,,,,,1.0,1.0,,,,,,,,,,,,,,,,,,,,2,2.0,,2,1,2,,,,2,1,,1.0,2,2,1,2.0,3,3.0,2.0,1.0,1.0,,,1.0,1.0,,,1,2.0,2.0,,,1.0,1,1.0,1.0,2.0,,,1.0,2,3,,,,,2.0,,,,,,3,3,3,3,,2.0,,1,1,1,4,5,4.0,2,1.0,1,1,1,1.0,2021
Nepal,NPL,South Asia,20742576.0,119765783,0.861105301722445,2,28.0,2,4,1.0,1.0,1,1,0.0,2.0,2.0,1,2.0,,2.0,2.0,2.0,,,,1.0,2.0,1.0,,,,,,1.0,1.0,,,,,,,,,,,,,,,,,,,,2,,,2,2,2,,,,2,1,,2.0,2,1,1,,2,1.0,1.0,1.0,1.0,,,1.0,1.0,,,1,2.0,2.0,,,1.0,1,2.0,1.0,2.0,,,2.0,1,2,1.0,2.0,,,2.0,,,,,,3,2,1,2,3.0,1.0,,1,1,1,1,4,4.0,2,1.0,1,1,1,0.0,2021
Nepal,NPL,South Asia,20742576.0,151950895,0.703366629290657,1,29.0,2,4,1.0,2.0,1,1,0.0,1.0,1.0,2,,,2.0,2.0,2.0,,,,2.0,,1.0,,,,,,1.0,2.0,,,,,,,,,,,,,,,,,,,,2,,,2,2,2,,,,2,2,,2.0,1,1,2,,3,1.0,1.0,2.0,,,,2.0,,,,2,,,,,,1,1.0,1.0,2.0,,,2.0,2,2,,,,,2.0,,,,,,2,1,2,1,2.0,1.0,,0,1,1,4,4,4.0,4,5.0,1,2,1,0.0,2021
Nepal,NPL,South Asia,20742576.0,176551008,0.34757584290349,1,17.0,2,5,2.0,1.0,0,0,0.0,,,2,,,,,,,,,,,,,,,,,,,1.0,1.0,2.0,1.0,2.0,2.0,1.0,2.0,1.0,,,,,,,,,,,2,,,2,2,2,,,,2,2,,2.0,2,2,2,,7,,,2.0,,,,2.0,,,,2,,,,,,2,,,,,,,2,2,,,,,2.0,,,,,,3,2,3,2,2.0,1.0,,0,0,4,4,4,4.0,4,5.0,1,2,0,0.0,2021
Nepal,NPL,South Asia,20742576.0,137722571,1.59665417613686,2,32.0,1,3,1.0,1.0,0,0,0.0,,,2,,,,,,,,,,,,,,,,,,,1.0,2.0,2.0,2.0,2.0,2.0,1.0,2.0,2.0,,,,,,,,,,,2,,,2,2,2,,,,2,2,,1.0,2,2,2,2.0,2,2.0,1.0,2.0,,,,2.0,,,,2,,,,,,2,,,,,,,2,2,,,,,2.0,,,,,,1,1,2,2,1.0,1.0,,1,0,4,4,4,4.0,4,5.0,1,1,0,0.0,2021
Nepal,NPL,South Asia,20742576.0,130507877,1.50097624578654,2,50.0,1,1,1.0,1.0,0,0,0.0,,,2,,,,,,,,,,,,,,,,,,,1.0,2.0,2.0,2.0,2.0,2.0,1.0,2.0,2.0,,,,,,,,,,,2,,,2,2,2,,,,2,2,,1.0,2,1,2,1.0,4,1.0,1.0,2.0,,,,1.0,1.0,,,1,2.0,2.0,,,1.0,2,,,,,,,2,2,,,,,2.0,,,,,,1,1,1,1,2.0,1.0,,1,1,4,4,4,4.0,2,1.0,1,2,0,0.0,2021
Nepal,NPL,South Asia,20742576.0,208234400,0.317739643614183,1,19.0,2,5,2.0,1.0,0,0,0.0,,,2,,,,,,,,,,,,,,,,,,,2.0,1.0,1.0,1.0,2.0,2.0,1.0,1.0,1.0,,,,,,,,,,,2,,,2,2,2,,,,2,2,,2.0,2,2,2,,3,1.0,1.0,2.0,,,,2.0,,,,2,,,,,,2,,,,,,,2,2,,,,,2.0,,,,,,1,1,1,1,4.0,3.0,,0,0,4,4,4,4.0,4,5.0,2,2,0,0.0,2021
Nepal,NPL,South Asia,20742576.0,121409331,0.984917056368844,2,80.0,1,1,1.0,1.0,0,0,0.0,,,2,,,,,,,,,,,,,,,,,,,1.0,2.0,1.0,1.0,1.0,2.0,2.0,2.0,1.0,,,,,,,,,,,2,,,2,2,2,,,,2,2,,2.0,2,2,2,,8,,,2.0,,,,2.0,,,,2,,,,,,2,,,,,,,1,1,2.0,2.0,2.0,2.0,2.0,,,,,,3,2,2,3,2.0,3.0,,0,0,4,3,3,4.0,4,5.0,2,2,0,0.0,2021
Nepal,NPL,South Asia,20742576.0,146703219,0.789068114606513,1,32.0,2,4,1.0,1.0,1,1,1.0,1.0,2.0,1,2.0,,1.0,1.0,2.0,,,,1.0,2.0,1.0,,,,,,1.0,1.0,,,,,,,,,,,,,,,,1.0,1.0,2.0,1.0,2,,,2,1,2,,,,1,1,2.0,2.0,2,2,2,,1,3.0,3.0,1.0,1.0,,,1.0,1.0,,,1,2.0,2.0,,,1.0,2,,,,,,,2,1,1.0,1.0,,,1.0,1.0,2.0,2.0,1.0,,3,3,3,3,,3.0,,1,0,4,4,1,2.0,2,1.0,1,1,1,0.0,2021
Nepal,NPL,South Asia,20742576.0,157315000,0.342176767791024,2,25.0,2,3,1.0,1.0,0,0,0.0,,,2,,,,,,,,,,,,,,,,,,,1.0,2.0,2.0,2.0,2.0,2.0,2.0,1.0,1.0,,,,,,,,,,,2,,,2,1,1,2.0,1.0,,2,2,,1.0,2,2,1,2.0,2,2.0,2.0,1.0,1.0,,,1.0,2.0,1.0,1.0,1,2.0,2.0,,,1.0,2,,,,,,,2,2,,,,,1.0,1.0,2.0,2.0,1.0,,2,1,2,1,1.0,1.0,,1,1,4,4,4,2.0,2,1.0,1,1,0,0.0,2021
Nepal,NPL,South Asia,20742576.0,166290197,1.52386482592611,1,18.0,1,1,1.0,1.0,0,0,0.0,,,2,,,,,,,,,,,,,,,,,,,1.0,2.0,2.0,2.0,2.0,2.0,1.0,2.0,2.0,,,,,,,,,,,2,,,2,2,2,,,,2,2,,2.0,1,2,1,,5,1.0,4.0,2.0,,,,1.0,2.0,2.0,1.0,1,2.0,2.0,,,1.0,1,2.0,2.0,2.0,1.0,,,2,2,,,,,1.0,1.0,2.0,2.0,1.0,,1,1,1,1,2.0,2.0,,0,1,2,4,4,2.0,2,2.0,1,1,0,0.0,2021
Nepal,NPL,South Asia,20742576.0,168924074,1.81168992150912,2,62.0,1,3,1.0,1.0,1,1,0.0,1.0,2.0,2,,,2.0,2.0,2.0,,,,1.0,2.0,1.0,,,,,,1.0,2.0,,,,,,,,,,,,,,,,,,,,2,,,2,2,2,,,,2,2,,2.0,2,1,1,,2,1.0,1.0,2.0,,,,2.0,,,,1,2.0,2.0,,,1.0,2,,,,,,,2,1,1.0,2.0,,,2.0,,,,,,1,1,1,1,2.0,2.0,,0,1,4,4,1,4.0,2,5.0,2,2,1,0.0,2021
Nepal,NPL,South Asia,20742576.0,128673813,1.12293839775022,2,42.0,2,5,1.0,1.0,1,1,0.0,1.0,1.0,2,,,2.0,1.0,2.0,,,,1.0,2.0,1.0,,,,,,1.0,1.0,,,,,,,,,,,,,,,,,,,,2,,,2,2,2,,,,2,2,,2.0,2,2,2,,4,2.0,2.0,1.0,1.0,,,2.0,,,,2,,,,,,1,2.0,1.0,2.0,,,2.0,2,2,,,,,2.0,,,,,,3,2,3,3,,2.0,,0,0,1,4,4,4.0,4,1.0,1,1,1,0.0,2021
Nepal,NPL,South Asia,20742576.0,147495722,0.725606619752004,2,60.0,1,1,1.0,1.0,1,0,1.0,,,2,,,,,,,,,,,,,,,,,,,,2.0,2.0,2.0,2.0,2.0,1.0,2.0,2.0,,,,,,,1.0,2.0,1.0,2.0,2,,,1,1,2,,,,2,2,2.0,1.0,1,2,1,2.0,2,1.0,1.0,1.0,1.0,,,2.0,,,,1,2.0,2.0,,,1.0,1,2.0,2.0,2.0,1.0,,,2,2,,,,,2.0,,,,,,1,1,1,1,5.0,1.0,,1,1,2,4,4,4.0,2,1.0,1,2,1,0.0,2021
Nepal,NPL,South Asia,20742576.0,209304407,1.13007974881161,1,25.0,1,2,2.0,1.0,1,1,0.0,1.0,2.0,2,,,2.0,2.0,2.0,,,,2.0,,2.0,,,,,,,2.0,,,,,,,,,,,,,,,,,,,,2,,,2,2,2,,,,2,2,,2.0,2,2,2,,4,1.0,1.0,2.0,,,,2.0,,,,2,,,,,,2,,,,,,,2,2,,,,,2.0,,,,,,1,1,1,1,1.0,1.0,,0,1,4,4,4,4.0,4,5.0,1,2,0,0.0,2021
Nepal,NPL,South Asia,20742576.0,156907099,0.287007133132031,1,16.0,2,5,2.0,2.0,0,0,0.0,,,2,,,,,,,,,,,,,,,,,,,1.0,2.0,2.0,1.0,2.0,2.0,2.0,1.0,1.0,,,,,,,,,,,2,,,2,2,2,,,,2,2,,2.0,2,2,2,,2,3.0,3.0,2.0,,,,1.0,1.0,,,2,,,,,,2,,,,,,,2,2,,,,,2.0,,,,,,3,2,3,3,,2.0,,0,0,4,4,4,4.0,4,1.0,1,1,0,0.0,2021
Nepal,NPL,South Asia,20742576.0,195263947,0.263544210014897,2,53.0,3,5,1.0,1.0,1,1,0.0,1.0,1.0,1,2.0,,2.0,2.0,2.0,,,,2.0,,2.0,,,,,,,2.0,,,,,,,,,,,,,,,,,,,,2,,,2,2,2,,,,2,2,,2.0,2,2,2,,4,3.0,3.0,2.0,,,,2.0,,,,1,2.0,2.0,,,1.0,1,2.0,2.0,2.0,1.0,,,2,2,,,,,1.0,1.0,2.0,2.0,1.0,,1,1,1,1,1.0,1.0,,0,0,2,4,4,2.0,2,5.0,1,2,0,0.0,2021
Nepal,NPL,South Asia,20742576.0,158024298,0.55734854143132,1,45.0,1,4,2.0,2.0,0,0,0.0,,,2,,,,,,,,,,,,,,,,,,,2.0,2.0,2.0,2.0,2.0,2.0,2.0,1.0,2.0,,,,,,,,,,,2,,,2,2,2,,,,2,2,,2.0,2,2,2,,2,2.0,2.0,2.0,,,,2.0,,,,2,,,,,,2,,,,,,,2,2,,,,,2.0,,,,,,3,2,3,3,,2.0,,0,0,4,4,4,4.0,4,5.0,2,2,0,0.0,2021
Nepal,NPL,South Asia,20742576.0,156448904,1.8755834661895,1,49.0,1,4,1.0,2.0,1,1,0.0,2.0,2.0,2,,,2.0,2.0,2.0,,,,1.0,2.0,2.0,,,,,,,1.0,,,,,,,,,,,,,,,,,,,,2,,,2,2,2,,,,2,1,,2.0,2,2,2,,2,3.0,1.0,2.0,,,,2.0,,,,2,,,,,,2,,,,,,,2,2,,,,,2.0,,,,,,1,1,1,3,1.0,3.0,,1,0,4,4,4,4.0,4,5.0,1,1,0,0.0,2021
Nepal,NPL,South Asia,20742576.0,118934738,1.83571720991778,1,29.0,1,1,1.0,1.0,1,1,0.0,2.0,1.0,2,,,1.0,2.0,2.0,,,,2.0,,2.0,,,,,,,2.0,,,,,,,,,,,,,,,,,,,,2,,,2,2,2,,,,2,2,,1.0,2,2,2,1.0,1,2.0,2.0,2.0,,,,2.0,,,,1,2.0,2.0,,,1.0,2,,,,,,,2,2,,,,,1.0,1.0,2.0,2.0,1.0,,2,3,2,2,1.0,2.0,,1,1,4,4,4,2.0,2,5.0,1,2,1,0.0,2021
Nepal,NPL,South Asia,20742576.0,206997953,1.57583980001425,1,48.0,1,3,1.0,1.0,0,0,0.0,,,2,,,,,,,,,,,,,,,,,,,2.0,2.0,1.0,2.0,2.0,2.0,1.0,1.0,2.0,,,,,,,,,,,2,,,2,2,2,,,,2,2,,2.0,1,2,1,,2,2.0,1.0,2.0,,,,2.0,,,,1,2.0,2.0,,,1.0,1,2.0,2.0,2.0,1.0,,,2,2,,,,,1.0,1.0,2.0,2.0,2.0,2.0,3,3,3,2,,2.0,,0,1,2,4,4,3.0,2,5.0,1,2,0,0.0,2021
Nepal,NPL,South Asia,20742576.0,130214878,0.281346651716263,1,25.0,2,4,1.0,2.0,1,1,0.0,1.0,1.0,2,,,2.0,2.0,2.0,,,,1.0,2.0,2.0,,,,,,,1.0,,,,,,,,,,,,,,,,,,,,2,,,2,2,2,,,,2,2,,2.0,1,1,1,,3,1.0,1.0,2.0,,,,2.0,,,,2,,,,,,2,,,,,,,2,2,,,,,2.0,,,,,,1,1,1,1,4.0,1.0,,1,1,4,4,4,4.0,4,5.0,2,1,0,0.0,2021
Nepal,NPL,South Asia,20742576.0,190060676,2.66109029356142,2,33.0,1,2,1.0,1.0,0,0,0.0,,,2,,,,,,,,,,,,,,,,,,,1.0,2.0,2.0,2.0,2.0,2.0,1.0,2.0,2.0,,,,,,,,,,,2,,,2,2,2,,,,2,2,,2.0,2,2,2,,3,2.0,1.0,2.0,,,,2.0,,,,2,,,,,,2,,,,,,,2,2,,,,,2.0,,,,,,2,1,2,3,2.0,2.0,,0,0,4,4,4,4.0,4,5.0,2,1,0,0.0,2021
Nepal,NPL,South Asia,20742576.0,194899422,0.837679512647838,2,25.0,1,3,1.0,1.0,0,0,0.0,,,2,,,,,,,,,,,,,,,,,,,1.0,2.0,2.0,2.0,2.0,2.0,2.0,2.0,2.0,,,,,,,,,,,2,,,2,2,2,,,,2,2,,2.0,2,2,1,,3,1.0,1.0,2.0,,,,2.0,,,,1,2.0,2.0,,,1.0,2,,,,,,,2,2,,,,,1.0,1.0,2.0,2.0,1.0,,2,2,2,2,4.0,1.0,,0,1,4,4,4,2.0,2,5.0,1,2,0,0.0,2021
Nepal,NPL,South Asia,20742576.0,153255659,0.751589781461944,1,68.0,1,3,2.0,1.0,1,1,0.0,2.0,1.0,2,,,2.0,2.0,2.0,,,,1.0,2.0,1.0,,,,,,2.0,2.0,,,,,,,,,,,,,,,,,,,,2,,,2,2,2,,,,2,2,,1.0,1,2,2,1.0,4,1.0,1.0,2.0,,,,1.0,1.0,,,1,2.0,2.0,,,1.0,2,,,,,,,1,2,1.0,2.0,,,1.0,1.0,2.0,2.0,1.0,,1,1,2,1,2.0,1.0,,1,1,4,1,4,2.0,2,1.0,2,2,1,0.0,2021
Nepal,NPL,South Asia,20742576.0,173389032,1.26690465784556,2,25.0,1,5,1.0,2.0,1,1,1.0,1.0,2.0,1,1.0,2.0,1.0,1.0,2.0,,,,1.0,1.0,1.0,,,,,,1.0,1.0,,,,,,,,,,,,,,,,1.0,1.0,2.0,1.0,1,1.0,,1,1,1,3.0,2.0,,2,2,2.0,2.0,2,2,1,,1,2.0,2.0,1.0,1.0,,,1.0,1.0,,,2,,,,,,1,2.0,1.0,2.0,,,2.0,2,2,,,,,2.0,,,,,,3,2,2,2,2.0,2.0,,0,1,1,4,4,4.0,4,1.0,1,2,1,1.0,2021
Nepal,NPL,South Asia,20742576.0,148856534,0.263544210014897,1,36.0,2,2,1.0,1.0,1,1,0.0,2.0,2.0,2,,,2.0,2.0,2.0,,,,1.0,2.0,1.0,,,,,,2.0,2.0,,,,,,,,,,,,,,,,,,,,2,,,2,2,2,,,,2,2,,1.0,2,2,1,1.0,2,2.0,1.0,2.0,,,,2.0,,,,1,2.0,2.0,,,1.0,2,,,,,,,2,2,,,,,1.0,1.0,2.0,2.0,1.0,,1,1,2,2,1.0,2.0,,1,1,4,4,4,2.0,2,5.0,1,2,0,0.0,2021
Nepal,NPL,South Asia,20742576.0,138358064,1.05501034118952,2,22.0,2,3,1.0,2.0,0,0,0.0,,,2,,,,,,,,,,,,,,,,,,,1.0,2.0,2.0,2.0,2.0,2.0,1.0,1.0,2.0,,,,,,,,,,,2,,,2,2,2,,,,2,2,,2.0,2,2,2,,4,2.0,1.0,2.0,,,,2.0,,,,2,,,,,,2,,,,,,,2,2,,,,,2.0,,,,,,1,1,2,2,1.0,2.0,,0,0,4,4,4,4.0,4,5.0,1,1,0,0.0,2021
Nepal,NPL,South Asia,20742576.0,120236091,2.1133485979724,2,32.0,1,2,1.0,1.0,1,1,0.0,1.0,1.0,2,,,2.0,2.0,2.0,,,,1.0,2.0,1.0,,,,,,2.0,1.0,,,,,,,,,,,,,,,,,,,,2,,,2,2,2,,,,2,2,,1.0,2,2,2,2.0,2,2.0,1.0,2.0,,,,2.0,,,,1,2.0,2.0,,,1.0,1,1.0,1.0,2.0,,,2.0,1,2,1.0,2.0,,,1.0,1.0,2.0,2.0,1.0,,2,2,3,3,2.0,1.0,,1,0,1,1,4,2.0,2,5.0,1,2,1,0.0,2021
Nepal,NPL,South Asia,20742576.0,190214718,0.346994572917911,1,44.0,2,4,2.0,1.0,1,1,0.0,1.0,1.0,2,,,2.0,1.0,2.0,,,,1.0,1.0,1.0,,,,,,1.0,2.0,,,,,,,,,,,,,,,,,,,,2,,,2,2,2,,,,2,2,,1.0,1,2,2,1.0,3,1.0,1.0,2.0,,,,2.0,,,,1,2.0,2.0,,,1.0,2,,,,,,,2,2,,,,,1.0,1.0,2.0,2.0,1.0,,1,1,1,1,2.0,2.0,,1,1,4,4,4,2.0,2,5.0,1,1,0,0.0,2021
Nepal,NPL,South Asia,20742576.0,133215906,0.849255813952123,2,35.0,1,5,1.0,1.0,1,1,0.0,2.0,2.0,1,2.0,,2.0,2.0,2.0,,,,1.0,2.0,1.0,,,,,,1.0,1.0,,,,,,,,,,,,,,,,,,,,2,,,2,2,2,,,,2,1,,2.0,2,2,2,,3,2.0,1.0,2.0,,,,2.0,,,,1,2.0,2.0,,,1.0,1,2.0,1.0,2.0,,,2.0,3,2,,,,,2.0,,,,,,3,2,2,1,2.0,1.0,,1,0,1,5,4,4.0,2,5.0,1,1,1,0.0,2021
Nepal,NPL,South Asia,20742576.0,172751772,1.05647829976555,1,28.0,1,4,1.0,1.0,0,0,0.0,,,2,,,,,,,,,,,,,,,,,,,2.0,2.0,2.0,2.0,1.0,2.0,2.0,1.0,1.0,,,,,,,,,,,2,,,2,2,2,,,,2,2,,2.0,2,2,1,,1,2.0,2.0,2.0,,,,2.0,,,,2,,,,,,1,2.0,2.0,2.0,2.0,2.0,,2,2,,,,,1.0,1.0,2.0,2.0,1.0,,2,2,2,2,1.0,3.0,,1,1,3,4,4,2.0,4,5.0,1,2,0,0.0,2021
Nepal,NPL,South Asia,20742576.0,138840001,1.76190314462603,1,30.0,1,2,2.0,1.0,0,0,0.0,,,2,,,,,,,,,,,,,,,,,,,2.0,1.0,3.0,2.0,2.0,2.0,1.0,2.0,1.0,,,,,,,,,,,2,,,2,2,2,,,,2,2,,2.0,2,2,1,,2,2.0,1.0,2.0,,,,2.0,,,,2,,,,,,2,,,,,,,2,2,,,,,2.0,,,,,,2,1,2,1,4.0,1.0,,1,1,4,4,4,4.0,4,5.0,1,2,0,0.0,2021
Nepal,NPL,South Asia,20742576.0,165975599,0.628143180652604,1,45.0,1,5,2.0,2.0,0,0,0.0,,,2,,,,,,,,,,,,,,,,,,,2.0,1.0,2.0,2.0,2.0,2.0,1.0,2.0,2.0,,,,,,,,,,,2,,,2,2,2,,,,2,2,,2.0,2,2,2,,2,2.0,1.0,2.0,,,,1.0,2.0,2.0,2.0,1,2.0,2.0,,,1.0,2,,,,,,,2,2,,,,,2.0,,,,,,3,3,3,4,,2.0,,0,0,4,4,4,4.0,2,4.0,1,2,0,0.0,2021
Nepal,NPL,South Asia,20742576.0,180482636,0.814692676021976,1,72.0,1,3,1.0,1.0,0,0,0.0,,,2,,,,,,,,,,,,,,,,,,,2.0,2.0,2.0,2.0,2.0,2.0,1.0,2.0,1.0,,,,,,,,,,,2,,,2,2,2,,,,2,2,,1.0,1,2,1,2.0,3,2.0,4.0,2.0,,,,1.0,1.0,,,1,2.0,2.0,,,1.0,2,,,,,,,2,2,,,,,2.0,,,,,,2,2,2,2,1.0,2.0,,1,1,4,4,4,4.0,2,1.0,2,2,0,0.0,2021
Nepal,NPL,South Asia,20742576.0,114166484,1.95423998989708,1,38.0,1,4,1.0,1.0,1,1,0.0,2.0,2.0,2,,,2.0,2.0,2.0,,,,2.0,,2.0,,,,,,,2.0,,,,,,,,,,,,,,,,,,,,2,,,2,2,2,,,,2,2,,2.0,2,2,2,,3,2.0,1.0,2.0,,,,2.0,,,,1,2.0,2.0,,,1.0,2,,,,,,,2,2,,,,,2.0,,,,,,2,2,1,3,1.0,2.0,,0,0,4,4,4,4.0,2,5.0,1,2,0,0.0,2021
Nepal,NPL,South Asia,20742576.0,115757046,0.969397717786065,2,40.0,2,4,1.0,1.0,1,1,1.0,2.0,2.0,2,,,1.0,1.0,2.0,,,,1.0,1.0,1.0,,,,,,1.0,1.0,,,,,,,,,,,,,,,,1.0,1.0,1.0,1.0,1,2.0,,1,1,1,1.0,2.0,,1,1,1.0,2.0,1,1,1,,3,3.0,3.0,2.0,,,,1.0,1.0,,,1,1.0,1.0,2.0,,,1,1.0,1.0,1.0,,,2.0,1,2,1.0,1.0,,,1.0,1.0,1.0,1.0,,,2,2,3,3,2.0,3.0,,1,1,1,1,4,1.0,1,1.0,1,1,1,1.0,2021
Nepal,NPL,South Asia,20742576.0,132685291,0.765463234319002,2,43.0,2,5,1.0,1.0,1,1,0.0,1.0,1.0,1,1.0,2.0,2.0,2.0,2.0,,,,1.0,1.0,1.0,,,,,,1.0,1.0,,,,,,,,,,,,,,,,,,,,2,,,1,2,2,,,,1,1,2.0,2.0,2,2,2,,1,3.0,3.0,1.0,2.0,1.0,2.0,1.0,2.0,2.0,1.0,1,2.0,1.0,2.0,,,2,,,,,,,2,1,1.0,2.0,,,2.0,,,,,,3,3,3,3,,2.0,,1,0,4,4,1,4.0,1,2.0,1,1,1,0.0,2021
Nepal,NPL,South Asia,20742576.0,159334443,0.590837423196281,1,23.0,2,5,1.0,2.0,0,0,0.0,,,2,,,,,,,,,,,,,,,,,,,1.0,2.0,2.0,2.0,2.0,2.0,1.0,1.0,2.0,,,,,,,,,,,2,,,2,2,2,,,,2,2,2.0,2.0,2,2,2,,3,3.0,2.0,1.0,2.0,2.0,2.0,2.0,,,,2,,,,,,2,,,,,,,2,2,,,,,2.0,,,,,,3,3,3,3,,3.0,,0,0,4,4,4,4.0,4,4.0,1,1,0,0.0,2021
Nepal,NPL,South Asia,20742576.0,147651616,0.580819466796479,2,24.0,3,3,1.0,2.0,1,1,0.0,2.0,2.0,1,1.0,2.0,2.0,1.0,1.0,1.0,1.0,1.0,1.0,2.0,1.0,,,,,,1.0,1.0,,,,,,,,,,,,,,,,,,,,2,1.0,,2,1,2,,,,2,2,,2.0,1,2,1,,2,2.0,2.0,1.0,2.0,1.0,2.0,1.0,1.0,,,2,,,,,,2,,,,,,,2,2,,,,,2.0,,,,,,1,1,1,1,4.0,1.0,,1,1,4,4,4,4.0,4,1.0,1,1,1,1.0,2021
Nepal,NPL,South Asia,20742576.0,185361530,1.25651926897176,2,27.0,1,2,1.0,1.0,0,0,0.0,,,2,,,,,,,,,,,,,,,,,,,2.0,2.0,2.0,2.0,2.0,2.0,1.0,1.0,2.0,,,,,,,,,,,2,,,2,2,2,,,,2,2,,2.0,1,1,1,,2,3.0,1.0,2.0,,,,2.0,,,,2,,,,,,2,,,,,,,2,2,,,,,2.0,,,,,,1,1,1,2,2.0,1.0,,0,1,4,4,4,4.0,4,5.0,1,1,0,0.0,2021
Nepal,NPL,South Asia,20742576.0,189901014,0.276276884164546,1,50.0,1,5,1.0,1.0,1,1,0.0,2.0,2.0,2,,,2.0,2.0,2.0,,,,1.0,2.0,1.0,,,,,,2.0,1.0,,,,,,,,,,,,,,,,,,,,2,,,2,2,2,,,,1,1,,1.0,2,2,2,2.0,1,3.0,3.0,2.0,,,,1.0,2.0,1.0,2.0,2,,,,,,2,,,,,,,2,2,,,,,1.0,1.0,2.0,2.0,1.0,,3,3,3,3,,3.0,,1,0,4,4,4,2.0,4,3.0,2,2,0,0.0,2021
Nepal,NPL,South Asia,20742576.0,114058376,1.13003732971853,2,23.0,1,4,1.0,1.0,1,1,0.0,1.0,2.0,2,,,2.0,2.0,2.0,,,,1.0,2.0,1.0,,,,,,1.0,1.0,,,,,,,,,,,,,,,,,,,,2,,,2,2,2,,,,2,2,2.0,2.0,2,2,1,,1,2.0,1.0,1.0,1.0,,,2.0,,,,1,2.0,2.0,,,1.0,1,2.0,1.0,2.0,,,2.0,2,2,,,,,1.0,1.0,2.0,2.0,1.0,,2,2,2,3,1.0,1.0,,0,1,1,4,4,2.0,2,1.0,1,1,1,0.0,2021
Nepal,NPL,South Asia,20742576.0,177831065,0.47311623436764,2,27.0,2,2,1.0,1.0,0,0,0.0,,,2,,,,,,,,,,,,,,,,,,,1.0,1.0,1.0,2.0,2.0,2.0,1.0,2.0,2.0,,,,,,,,,,,2,,,2,2,2,,,,2,2,,2.0,2,2,2,,2,2.0,1.0,2.0,,,,2.0,,,,2,,,,,,2,,,,,,,2,2,,,,,2.0,,,,,,1,1,2,2,2.0,2.0,,0,0,4,4,4,4.0,4,5.0,1,1,0,0.0,2021
Nepal,NPL,South Asia,20742576.0,174876293,0.946035746961908,2,19.0,1,5,1.0,2.0,1,1,0.0,2.0,1.0,2,,,2.0,2.0,2.0,,,,1.0,1.0,2.0,,,,,,,1.0,,,,,,,,,,,,,,,,,,,,1,1.0,,2,1,1,2.0,1.0,,2,2,2.0,2.0,2,2,1,,3,2.0,2.0,1.0,1.0,,,1.0,1.0,,,2,,,,,,1,2.0,2.0,2.0,1.0,,,2,2,,,,,2.0,,,,,,2,2,2,2,4.0,2.0,,1,1,2,4,4,4.0,4,1.0,1,1,1,1.0,2021
Nepal,NPL,South Asia,20742576.0,134484820,1.05647829976555,1,25.0,1,4,2.0,1.0,0,0,0.0,,,2,,,,,,,,,,,,,,,,,,,2.0,1.0,2.0,2.0,2.0,2.0,1.0,2.0,2.0,,,,,,,,,,,2,,,2,2,2,,,,2,2,,2.0,1,2,2,,2,1.0,1.0,2.0,,,,2.0,,,,2,,,,,,2,,,,,,,2,2,,,,,2.0,,,,,,2,2,1,3,3.0,2.0,,0,1,4,4,4,4.0,4,5.0,1,2,0,0.0,2021
Nepal,NPL,South Asia,20742576.0,195537898,0.948848020723753,1,22.0,2,4,2.0,1.0,0,0,0.0,,,2,,,,,,,,,,,,,,,,,,,1.0,2.0,2.0,1.0,2.0,2.0,2.0,2.0,2.0,,,,,,,,,,,2,,,2,1,2,,,,2,2,2.0,2.0,1,2,2,,2,2.0,2.0,2.0,,,,1.0,2.0,1.0,2.0,2,,,,,,2,,,,,,,2,2,,,,,2.0,,,,,,3,2,2,3,6.0,2.0,,0,1,4,4,4,4.0,4,3.0,1,1,0,0.0,2021
Nepal,NPL,South Asia,20742576.0,135985253,0.695151685806979,1,17.0,2,5,1.0,1.0,0,0,0.0,,,2,,,,,,,,,,,,,,,,,,,2.0,1.0,1.0,1.0,1.0,2.0,1.0,1.0,2.0,,,,,,,,,,,2,,,2,2,2,,,,2,2,,1.0,1,2,1,1.0,1,2.0,1.0,1.0,2.0,1.0,2.0,1.0,2.0,1.0,2.0,2,,,,,,2,,,,,,,2,2,,,,,2.0,,,,,,2,2,2,3,3.0,2.0,,1,1,4,4,4,4.0,4,3.0,1,1,0,0.0,2021
Nepal,NPL,South Asia,20742576.0,199791040,0.804358536502004,2,17.0,2,4,1.0,1.0,0,0,0.0,,,2,,,,,,,,,,,,,,,,,,,1.0,2.0,2.0,2.0,2.0,2.0,1.0,2.0,2.0,,,,,,,,,,,2,,,2,2,2,,,,2,2,,2.0,2,2,2,,2,1.0,1.0,2.0,,,,2.0,,,,2,,,,,,2,,,,,,,2,2,,,,,1.0,1.0,2.0,2.0,1.0,,1,1,2,1,2.0,1.0,,0,0,4,4,4,2.0,4,5.0,1,1,0,0.0,2021
Nepal,NPL,South Asia,20742576.0,181707387,0.774296160891017,1,36.0,1,3,1.0,1.0,1,1,0.0,2.0,2.0,2,,,2.0,2.0,2.0,,,,1.0,2.0,2.0,,,,,,,2.0,,,,,,,,,,,,,,,,,,,,2,,,2,2,2,,,,2,2,,2.0,2,2,2,,3,1.0,1.0,2.0,,,,2.0,,,,1,2.0,2.0,,,1.0,2,,,,,,,2,2,,,,,2.0,,,,,,1,1,2,3,1.0,2.0,,0,0,4,4,4,4.0,2,5.0,1,2,0,0.0,2021
Nepal,NPL,South Asia,20742576.0,117151846,0.548505227619734,2,57.0,1,3,2.0,2.0,1,1,0.0,2.0,2.0,2,,,2.0,2.0,2.0,,,,2.0,,2.0,,,,,,,2.0,,,,,,,,,,,,,,,,,,,,2,,,2,2,2,,,,2,2,,2.0,2,2,2,,1,3.0,3.0,2.0,,,,2.0,,,,2,,,,,,2,,,,,,,2,2,,,,,1.0,1.0,2.0,2.0,1.0,,1,1,2,2,2.0,1.0,,0,0,4,4,4,2.0,4,5.0,1,2,0,0.0,2021
Nepal,NPL,South Asia,20742576.0,199009001,0.855118851206909,1,44.0,1,1,1.0,1.0,0,0,0.0,,,2,,,,,,,,,,,,,,,,,,,2.0,2.0,2.0,2.0,2.0,2.0,1.0,2.0,2.0,,,,,,,,,,,2,,,2,2,2,,,,1,2,,2.0,1,1,1,,2,1.0,4.0,2.0,,,,1.0,2.0,2.0,1.0,1,2.0,2.0,,,1.0,2,,,,,,,2,2,,,,,1.0,1.0,2.0,2.0,1.0,,1,1,2,2,1.0,1.0,,1,1,4,4,4,2.0,2,2.0,1,2,0,0.0,2021
Nepal,NPL,South Asia,20742576.0,185040752,2.83160028258982,2,17.0,1,3,1.0,1.0,0,0,0.0,,,2,,,,,,,,,,,,,,,,,,,1.0,2.0,2.0,2.0,2.0,2.0,1.0,2.0,1.0,,,,,,,,,,,2,,,2,2,2,,,,2,1,,2.0,2,2,2,,2,1.0,1.0,2.0,,,,2.0,,,,2,,,,,,1,2.0,2.0,2.0,1.0,,,2,2,,,,,2.0,,,,,,1,1,2,2,2.0,1.0,,1,0,2,4,4,4.0,4,5.0,2,1,0,0.0,2021
Nepal,NPL,South Asia,20742576.0,132503235,1.8614683764449,1,23.0,1,4,1.0,1.0,1,1,0.0,2.0,2.0,2,,,2.0,2.0,2.0,,,,1.0,2.0,1.0,,,,,,2.0,2.0,,,,,,,,,,,,,,,,,,,,2,,,2,2,2,,,,2,2,,2.0,1,2,1,,3,1.0,1.0,2.0,,,,1.0,1.0,,,2,,,,,,2,,,,,,,2,2,,,,,2.0,,,,,,1,1,1,1,2.0,3.0,,0,1,4,4,4,4.0,4,1.0,1,2,1,0.0,2021
Nepal,NPL,South Asia,20742576.0,165508079,1.04755433814883,2,30.0,2,1,1.0,1.0,1,1,0.0,1.0,1.0,1,2.0,,2.0,2.0,2.0,,,,2.0,,2.0,,,,,,,2.0,,,,,,,,,,,,,,,,,,,,2,,,2,2,2,,,,2,2,,2.0,2,2,2,,2,1.0,1.0,2.0,,,,2.0,,,,1,2.0,2.0,,,1.0,2,,,,,,,2,2,,,,,2.0,,,,,,1,1,2,2,2.0,1.0,,0,0,4,4,4,4.0,2,5.0,1,2,0,0.0,2021
Nepal,NPL,South Asia,20742576.0,173357800,1.31388710904067,2,18.0,2,3,1.0,1.0,1,1,0.0,2.0,2.0,2,,,2.0,2.0,2.0,,,,1.0,2.0,2.0,,,,,,,1.0,,,,,,,,,,,,,,,,,,,,2,,,2,2,2,,,,1,1,,2.0,2,1,2,,2,2.0,1.0,2.0,,,,2.0,,,,2,,,,,,1,2.0,2.0,2.0,1.0,,,2,2,,,,,2.0,,,,,,1,1,2,2,2.0,2.0,,1,1,2,4,4,4.0,4,5.0,1,1,0,0.0,2021
Nepal,NPL,South Asia,20742576.0,120976121,0.53836193029061,2,63.0,1,5,1.0,1.0,1,1,0.0,2.0,2.0,2,,,2.0,2.0,2.0,,,,2.0,,2.0,,,,,,,2.0,,,,,,,,,,,,,,,,,,,,2,,,2,2,2,,,,1,1,,2.0,1,2,1,,3,1.0,1.0,2.0,,,,1.0,2.0,2.0,1.0,1,2.0,2.0,,,2.0,1,2.0,2.0,2.0,1.0,,,2,2,,,,,2.0,,,,,,1,1,3,3,2.0,2.0,,1,1,2,4,4,4.0,3,2.0,2,2,0,0.0,2021
Nepal,NPL,South Asia,20742576.0,203836157,0.432577034554369,1,50.0,1,3,2.0,1.0,1,1,0.0,2.0,1.0,2,,,2.0,2.0,2.0,,,,1.0,2.0,1.0,,,,,,2.0,2.0,,,,,,,,,,,,,,,,,,,,2,,,2,2,2,,,,2,2,,1.0,1,2,1,1.0,1,1.0,1.0,2.0,,,,2.0,,,,2,,,,,,2,,,,,,,1,2,1.0,2.0,,,2.0,,,,,,1,1,2,1,2.0,1.0,,1,1,4,1,4,4.0,4,5.0,1,2,1,0.0,2021
Nepal,NPL,South Asia,20742576.0,136524595,0.407346338010988,1,68.0,1,5,1.0,1.0,1,1,0.0,2.0,1.0,2,,,2.0,2.0,2.0,,,,2.0,,2.0,,,,,,,1.0,,,,,,,,,,,,,,,,,,,,2,,,2,2,2,,,,1,2,,2.0,2,2,2,,2,1.0,1.0,2.0,,,,2.0,,,,2,,,,,,2,,,,,,,1,2,1.0,2.0,,,2.0,,,,,,2,2,2,3,1.0,1.0,,1,0,4,1,4,4.0,4,5.0,2,2,1,0.0,2021
Nepal,NPL,South Asia,20742576.0,199777168,1.09701045523947,2,62.0,1,1,1.0,1.0,1,1,0.0,2.0,2.0,2,,,2.0,2.0,2.0,,,,2.0,,1.0,,,,,,2.0,2.0,,,,,,,,,,,,,,,,,,,,2,,,2,2,2,,,,2,2,,2.0,1,2,1,,2,1.0,4.0,2.0,,,,2.0,,,,1,2.0,2.0,,,1.0,2,,,,,,,2,2,,,,,1.0,1.0,2.0,2.0,1.0,,2,1,2,3,2.0,3.0,,0,1,4,4,4,2.0,2,5.0,1,2,0,0.0,2021
Nepal,NPL,South Asia,20742576.0,208037155,0.580819466796479,2,22.0,2,5,1.0,2.0,1,1,0.0,2.0,2.0,1,2.0,,2.0,2.0,2.0,,,,2.0,,2.0,,,,,,,1.0,,,,,,,,,,,,,,,,,,,,2,,,2,2,2,,,,2,2,2.0,2.0,2,2,2,,2,1.0,1.0,1.0,1.0,,,2.0,,,,2,,,,,,2,,,,,,,2,2,,,,,2.0,,,,,,2,2,2,2,2.0,2.0,,1,0,4,4,4,4.0,4,1.0,1,1,1,0.0,2021
Nepal,NPL,South Asia,20742576.0,160830388,0.383928874270552,1,33.0,1,3,1.0,1.0,1,1,0.0,1.0,2.0,2,,,2.0,2.0,2.0,,,,2.0,,2.0,,,,,,,1.0,,,,,,,,,,,,,,,,,,,,2,,,2,2,2,,,,2,2,,2.0,2,2,2,,2,2.0,1.0,2.0,,,,2.0,,,,1,2.0,2.0,,,1.0,2,,,,,,,2,2,,,,,1.0,1.0,2.0,2.0,1.0,,2,2,2,2,1.0,2.0,,0,0,4,4,4,2.0,2,5.0,1,2,0,0.0,2021
Nepal,NPL,South Asia,20742576.0,165800633,0.808014272717724,1,55.0,1,2,1.0,1.0,1,1,0.0,2.0,2.0,2,,,2.0,2.0,2.0,,,,2.0,,2.0,,,,,,,2.0,,,,,,,,,,,,,,,,,,,,2,,,2,2,2,,,,2,1,,2.0,1,2,1,,1,1.0,1.0,2.0,,,,2.0,,,,2,,,,,,2,,,,,,,2,2,,,,,1.0,1.0,2.0,2.0,1.0,,1,1,2,2,2.0,1.0,,1,1,4,4,4,2.0,4,5.0,1,2,0,0.0,2021
Nepal,NPL,South Asia,20742576.0,161036042,2.83160028258982,1,22.0,1,3,1.0,1.0,1,1,0.0,2.0,2.0,2,,,2.0,2.0,2.0,,,,2.0,,1.0,,,,,,2.0,2.0,,,,,,,,,,,,,,,,,,,,2,,,2,2,2,,,,2,1,,1.0,2,2,2,2.0,2,1.0,1.0,2.0,,,,2.0,,,,2,,,,,,2,,,,,,,2,2,,,,,2.0,,,,,,1,1,1,1,2.0,3.0,,1,0,4,4,4,4.0,4,5.0,1,2,0,0.0,2021
Nepal,NPL,South Asia,20742576.0,173938070,1.05501034118952,2,17.0,2,4,1.0,1.0,1,1,0.0,2.0,1.0,2,,,2.0,1.0,2.0,,,,1.0,1.0,1.0,,,,,,2.0,1.0,,,,,,,,,,,,,,,,,,,,2,,,2,2,2,,,,1,1,,2.0,2,2,2,,2,2.0,1.0,2.0,,,,2.0,,,,2,,,,,,2,,,,,,,2,2,,,,,1.0,1.0,2.0,2.0,1.0,,2,1,2,2,2.0,1.0,,1,1,4,4,4,2.0,4,5.0,1,1,0,0.0,2021
Nepal,NPL,South Asia,20742576.0,119272603,2.33439074094841,1,40.0,1,2,1.0,1.0,0,0,0.0,,,2,,,,,,,,,,,,,,,,,,,1.0,1.0,1.0,2.0,2.0,2.0,1.0,1.0,2.0,,,,,,,,,,,2,,,2,2,2,,,,2,2,,2.0,1,2,1,,3,2.0,1.0,2.0,,,,1.0,2.0,1.0,1.0,2,,,,,,2,,,,,,,2,2,,,,,2.0,,,,,,1,1,1,2,3.0,3.0,,1,1,4,4,4,4.0,4,2.0,1,1,0,0.0,2021
Nepal,NPL,South Asia,20742576.0,199099320,0.34850100069713,2,40.0,2,5,1.0,2.0,1,1,1.0,2.0,2.0,1,2.0,,1.0,1.0,2.0,,,,1.0,1.0,1.0,,,,,,1.0,1.0,,,,,,,,,,,,,,,,1.0,2.0,2.0,2.0,2,,,1,1,2,,,,2,1,2.0,2.0,2,1,1,,1,3.0,2.0,1.0,1.0,,,1.0,1.0,,,1,1.0,1.0,2.0,,,2,,,,,,,3,2,,,,,2.0,,,,,,3,2,2,2,2.0,2.0,,1,1,4,5,4,4.0,1,1.0,1,1,1,0.0,2021
Nepal,NPL,South Asia,20742576.0,188508316,0.847181590103711,2,15.0,1,2,2.0,1.0,0,0,0.0,,,2,,,,,,,,,,,,,,,,,,,2.0,1.0,2.0,1.0,2.0,2.0,1.0,1.0,1.0,,,,,,,,,,,2,,,2,2,2,,,,2,2,,2.0,2,2,2,,2,1.0,2.0,2.0,,,,2.0,,,,2,,,,,,2,,,,,,,2,2,,,,,2.0,,,,,,3,2,3,3,,2.0,,0,0,4,4,4,4.0,4,5.0,1,1,0,0.0,2021
Nepal,NPL,South Asia,20742576.0,165463342,2.83160028258982,2,19.0,1,4,1.0,2.0,0,0,0.0,,,2,,,,,,,,,,,,,,,,,,,1.0,2.0,2.0,1.0,2.0,2.0,1.0,1.0,1.0,,,,,,,,,,,2,,,2,1,2,,,,2,2,2.0,2.0,2,2,2,,3,2.0,1.0,2.0,,,,2.0,,,,2,,,,,,1,2.0,2.0,2.0,1.0,,,2,2,,,,,2.0,,,,,,2,1,3,2,2.0,2.0,,0,0,2,4,4,4.0,4,5.0,1,1,0,0.0,2021
Nepal,NPL,South Asia,20742576.0,201235717,0.263544210014897,2,45.0,2,5,1.0,1.0,1,1,0.0,1.0,2.0,2,,,2.0,2.0,2.0,,,,1.0,1.0,1.0,,,,,,1.0,1.0,,,,,,,,,,,,,,,,,,,,2,,,2,2,2,,,,2,2,,2.0,2,1,2,,1,3.0,3.0,2.0,,,,2.0,,,,1,2.0,2.0,,,1.0,1,2.0,1.0,2.0,,,2.0,2,2,,,,,2.0,,,,,,1,2,2,3,1.0,1.0,,0,1,1,4,4,4.0,2,5.0,1,1,1,0.0,2021
Nepal,NPL,South Asia,20742576.0,112946145,0.755388764310493,1,60.0,1,3,1.0,1.0,1,1,0.0,2.0,2.0,2,,,2.0,2.0,2.0,,,,1.0,1.0,2.0,,,,,,,1.0,,,,,,,,,,,,,,,,,,,,2,,,2,2,2,,,,2,2,,2.0,1,1,1,,2,1.0,1.0,2.0,,,,2.0,,,,1,2.0,2.0,,,1.0,2,,,,,,,2,1,2.0,2.0,1.0,,1.0,1.0,2.0,2.0,1.0,,1,1,1,1,1.0,1.0,,1,1,4,4,2,2.0,2,5.0,1,2,0,0.0,2021
Nepal,NPL,South Asia,20742576.0,151084301,0.394534057303257,1,25.0,2,2,1.0,1.0,0,0,0.0,,,2,,,,,,,,,,,,,,,,,,,2.0,2.0,2.0,1.0,2.0,2.0,1.0,2.0,2.0,,,,,,,,,,,2,,,2,2,2,,,,1,2,,2.0,2,2,1,,2,2.0,1.0,2.0,,,,2.0,,,,2,,,,,,1,2.0,2.0,2.0,1.0,,,2,2,,,,,2.0,,,,,,1,1,1,1,3.0,2.0,,1,1,2,4,4,4.0,4,5.0,1,2,0,0.0,2021
Nepal,NPL,South Asia,20742576.0,145390211,1.67535902529568,2,28.0,1,3,1.0,1.0,1,1,0.0,,,2,,,,,,,,,,,,,,,,,,,,2.0,2.0,2.0,2.0,2.0,1.0,2.0,2.0,,,,,,,,,,,2,,,2,2,2,,,,2,2,,2.0,2,2,1,,3,1.0,1.0,2.0,,,,2.0,,,,2,,,,,,1,2.0,2.0,2.0,1.0,,,1,2,1.0,2.0,,,2.0,,,,,,1,1,2,3,2.0,1.0,,0,1,2,1,4,4.0,4,5.0,2,2,1,0.0,2021
Nepal,NPL,South Asia,20742576.0,148486548,1.73205136963095,1,66.0,1,1,1.0,1.0,0,0,0.0,,,2,,,,,,,,,,,,,,,,,,,1.0,2.0,1.0,2.0,2.0,2.0,1.0,2.0,2.0,,,,,,,,,,,2,,,2,2,2,,,,2,2,,2.0,2,2,1,,5,1.0,1.0,2.0,,,,2.0,,,,1,2.0,2.0,,,1.0,2,,,,,,,1,2,2.0,2.0,3.0,2.0,2.0,,,,,,3,3,5,3,,3.0,,0,1,4,3,4,4.0,2,5.0,2,2,0,0.0,2021
Nepal,NPL,South Asia,20742576.0,122936882,1.17281410758289,1,33.0,1,5,1.0,1.0,1,1,0.0,2.0,2.0,2,,,2.0,2.0,2.0,,,,1.0,1.0,2.0,,,,,,,1.0,,,,,,,,,,,,,,,,,,,,2,,,2,2,2,,,,1,1,2.0,1.0,2,1,1,1.0,3,3.0,3.0,2.0,,,,1.0,2.0,2.0,1.0,2,,,,,,2,,,,,,,2,2,,,,,1.0,1.0,2.0,2.0,1.0,,1,1,1,1,1.0,1.0,,1,1,4,4,4,2.0,4,2.0,1,1,0,0.0,2021
Nepal,NPL,South Asia,20742576.0,208391840,0.439208723959697,2,38.0,2,3,1.0,1.0,1,1,0.0,1.0,2.0,2,,,2.0,2.0,2.0,,,,1.0,2.0,2.0,,,,,,,1.0,,,,,,,,,,,,,,,,,,,,2,,,2,2,2,,,,2,2,,2.0,1,2,1,,3,2.0,1.0,1.0,1.0,,,2.0,,,,1,2.0,2.0,,,1.0,2,,,,,,,2,2,,,,,1.0,1.0,2.0,2.0,1.0,,1,1,2,1,4.0,1.0,,0,1,4,4,4,2.0,2,1.0,1,1,1,0.0,2021
Nepal,NPL,South Asia,20742576.0,199451554,0.751589781461944,1,57.0,1,4,1.0,2.0,0,0,0.0,,,2,,,,,,,,,,,,,,,,,,,1.0,2.0,2.0,2.0,1.0,2.0,2.0,1.0,3.0,,,,,,,,,,,2,,,2,2,2,,,,2,2,,2.0,2,2,2,,3,2.0,2.0,2.0,,,,2.0,,,,1,2.0,2.0,,,1.0,2,,,,,,,2,2,,,,,2.0,,,,,,3,2,1,3,2.0,1.0,,0,0,4,4,4,4.0,2,5.0,1,2,0,0.0,2021
Nepal,NPL,South Asia,20742576.0,196012142,1.04755433814883,2,30.0,2,3,1.0,2.0,1,1,0.0,2.0,2.0,2,,,2.0,2.0,2.0,,,,2.0,,2.0,,,,,,,2.0,,,,,,,,,,,,,,,,,,,,2,,,2,2,2,,,,2,2,,2.0,1,2,1,,3,2.0,2.0,2.0,,,,2.0,,,,1,2.0,2.0,,,1.0,1,2.0,2.0,2.0,1.0,,,2,2,,,,,2.0,,,,,,2,2,2,2,2.0,2.0,,0,1,2,4,4,4.0,2,5.0,1,1,0,0.0,2021
Nepal,NPL,South Asia,20742576.0,206455728,0.7090156602292,1,23.0,1,5,1.0,1.0,0,0,0.0,,,2,,,,,,,,,,,,,,,,,,,1.0,1.0,2.0,1.0,1.0,1.0,1.0,2.0,1.0,,,,,,,,,,,2,,,2,2,2,,,,2,2,,2.0,1,2,1,,2,1.0,1.0,2.0,,,,1.0,2.0,1.0,2.0,1,2.0,2.0,,,1.0,2,,,,,,,2,2,,,,,2.0,,,,,,1,1,1,1,1.0,1.0,,0,1,4,4,4,4.0,2,3.0,1,2,0,0.0,2021
Nepal,NPL,South Asia,20742576.0,191388443,0.630714172695994,1,30.0,1,3,1.0,1.0,0,0,0.0,,,2,,,,,,,,,,,,,,,,,,,2.0,2.0,1.0,2.0,2.0,2.0,2.0,2.0,2.0,,,,,,,,,,,2,,,2,2,2,,,,2,2,,2.0,2,2,1,,2,2.0,2.0,2.0,,,,2.0,,,,1,2.0,2.0,,,1.0,2,,,,,,,2,2,,,,,2.0,,,,,,2,1,1,1,2.0,1.0,,0,1,4,4,4,4.0,2,5.0,1,2,0,0.0,2021
Nepal,NPL,South Asia,20742576.0,142532800,0.883204067914475,2,20.0,2,4,1.0,1.0,0,0,0.0,,,2,,,,,,,,,,,,,,,,,,,1.0,2.0,2.0,2.0,2.0,2.0,1.0,2.0,2.0,,,,,,,,,,,2,,,2,2,2,,,,2,2,,2.0,2,2,2,,2,2.0,2.0,2.0,,,,2.0,,,,2,,,,,,2,,,,,,,2,2,,,,,2.0,,,,,,3,1,2,1,4.0,2.0,,0,0,4,4,4,4.0,4,5.0,1,1,0,0.0,2021
Nepal,NPL,South Asia,20742576.0,207332220,1.58213696572327,1,21.0,1,4,1.0,2.0,1,1,0.0,2.0,2.0,2,,,2.0,2.0,2.0,,,,2.0,,1.0,,,,,,2.0,2.0,,,,,,,,,,,,,,,,,,,,2,,,2,2,2,,,,2,2,,2.0,2,2,1,,3,3.0,3.0,2.0,,,,1.0,2.0,2.0,2.0,2,,,,,,2,,,,,,,2,2,,,,,2.0,,,,,,3,1,5,2,2.0,2.0,,0,1,4,4,4,4.0,4,4.0,1,1,0,0.0,2021
Nepal,NPL,South Asia,20742576.0,111716142,0.634296685585055,2,39.0,2,5,1.0,2.0,1,1,0.0,2.0,2.0,2,,,2.0,2.0,2.0,,,,1.0,1.0,1.0,,,,,,1.0,1.0,,,,,,,,,,,,,,,,,,,,2,,,2,2,2,,,,2,1,,2.0,1,2,1,,2,2.0,2.0,1.0,1.0,,,1.0,2.0,1.0,1.0,2,,,,,,1,2.0,1.0,2.0,,,2.0,2,2,,,,,2.0,,,,,,2,1,1,1,2.0,2.0,,1,1,1,4,4,4.0,4,1.0,1,1,1,0.0,2021
Nepal,NPL,South Asia,20742576.0,118621754,1.74245840038944,2,16.0,2,5,2.0,2.0,1,1,0.0,,,1,2.0,,2.0,1.0,2.0,,,,1.0,1.0,1.0,,,,,,1.0,1.0,,,,,,,,,,,,,,,,,,,,1,1.0,,1,1,2,,,,2,2,2.0,2.0,2,1,2,,1,2.0,3.0,1.0,1.0,,,1.0,1.0,,,2,,,,,,2,,,,,,,2,2,,,,,2.0,,,,,,3,3,3,3,,3.0,,1,1,4,4,4,4.0,4,1.0,1,1,1,1.0,2021
Nepal,NPL,South Asia,20742576.0,143526625,0.464862036508286,1,53.0,1,5,2.0,1.0,1,1,1.0,2.0,1.0,2,,,2.0,2.0,2.0,,,,2.0,,1.0,,,,,,2.0,2.0,,,,,,,,,,,,,,,,,,,,1,3.0,,2,2,2,,,,2,2,,2.0,1,1,1,,1,1.0,1.0,2.0,,,,2.0,,,,1,1.0,1.0,1.0,,,2,,,,,,,1,1,1.0,1.0,,,2.0,,,,,,1,1,1,1,2.0,1.0,,0,1,4,1,1,4.0,1,5.0,1,2,1,1.0,2021
Nepal,NPL,South Asia,20742576.0,209066659,2.16288517277184,1,45.0,1,3,2.0,1.0,0,0,0.0,,,2,,,,,,,,,,,,,,,,,,,2.0,2.0,2.0,2.0,2.0,2.0,1.0,2.0,1.0,,,,,,,,,,,2,,,2,2,2,,,,2,2,,2.0,2,2,1,,2,1.0,1.0,2.0,,,,2.0,,,,1,2.0,2.0,,,1.0,2,,,,,,,2,2,,,,,1.0,1.0,2.0,2.0,1.0,,1,1,1,1,1.0,1.0,,0,1,4,4,4,2.0,2,5.0,1,2,0,0.0,2021
Nepal,NPL,South Asia,20742576.0,195340609,1.93232267234504,2,21.0,2,4,1.0,1.0,1,1,0.0,2.0,2.0,1,2.0,,2.0,1.0,2.0,,,,1.0,2.0,1.0,,,,,,2.0,1.0,,,,,,,,,,,,,,,,,,,,2,,,2,2,2,,,,1,1,,2.0,2,2,1,,2,2.0,2.0,2.0,,,,2.0,,,,1,2.0,1.0,1.0,,,2,,,,,,,2,2,,,,,1.0,1.0,2.0,2.0,1.0,,3,2,2,2,4.0,2.0,,1,1,4,4,4,2.0,1,5.0,1,1,0,0.0,2021
Nepal,NPL,South Asia,20742576.0,122523857,0.333862954136475,2,56.0,2,2,1.0,2.0,0,0,0.0,,,2,,,,,,,,,,,,,,,,,,,1.0,2.0,2.0,2.0,1.0,2.0,1.0,2.0,1.0,,,,,,,,,,,2,,,2,2,2,,,,2,2,,2.0,1,2,1,,3,2.0,2.0,2.0,,,,2.0,,,,1,2.0,2.0,,,1.0,2,,,,,,,2,2,,,,,1.0,1.0,2.0,2.0,1.0,,1,2,2,1,4.0,1.0,,0,1,4,4,4,2.0,2,5.0,1,2,0,0.0,2021
Nepal,NPL,South Asia,20742576.0,132750863,1.71516399638709,2,49.0,1,4,1.0,2.0,1,1,1.0,2.0,1.0,2,,,1.0,1.0,2.0,,,,1.0,2.0,2.0,,,,,,,1.0,,,,,,,,,,,,,,,,1.0,2.0,2.0,2.0,2,,,2,2,2,,,,2,2,2.0,2.0,2,1,1,,2,2.0,1.0,2.0,,,,2.0,,,,2,,,,,,2,,,,,,,2,2,,,,,2.0,,,,,,1,1,1,1,2.0,1.0,,1,1,4,4,4,4.0,4,5.0,1,1,1,0.0,2021
Nepal,NPL,South Asia,20742576.0,127833865,0.871252501742824,2,42.0,2,5,1.0,2.0,1,1,0.0,2.0,2.0,1,1.0,1.0,1.0,1.0,2.0,,,,1.0,1.0,1.0,,,,,,1.0,1.0,,,,,,,,,,,,,,,,,,,,2,2.0,,2,2,2,,,,1,1,,2.0,2,2,1,,3,3.0,3.0,1.0,1.0,,,1.0,1.0,,,2,,,,,,2,,,,,,,2,2,,,,,2.0,,,,,,3,3,3,3,,2.0,,1,1,4,4,4,4.0,4,1.0,1,1,1,1.0,2021
Nepal,NPL,South Asia,20742576.0,130253830,1.18187985001068,1,53.0,1,2,2.0,1.0,1,1,0.0,3.0,3.0,2,,,2.0,2.0,2.0,,,,2.0,,2.0,,,,,,,2.0,,,,,,,,,,,,,,,,,,,,2,,,2,2,2,,,,1,1,,2.0,2,2,2,,2,2.0,1.0,2.0,,,,2.0,,,,1,2.0,2.0,,,1.0,3,,,,,,,2,2,,,,,1.0,1.0,2.0,2.0,1.0,,1,1,1,3,1.0,1.0,,1,0,5,4,4,2.0,2,5.0,1,2,0,0.0,2021
Nepal,NPL,South Asia,20742576.0,189568982,0.536034811098868,1,55.0,1,4,1.0,1.0,1,1,0.0,2.0,2.0,2,,,2.0,2.0,2.0,,,,2.0,,2.0,,,,,,,2.0,,,,,,,,,,,,,,,,,,,,2,,,2,2,2,,,,2,2,,2.0,2,2,2,,2,3.0,2.0,2.0,,,,2.0,,,,2,,,,,,2,,,,,,,2,2,,,,,2.0,,,,,,2,1,2,3,1.0,2.0,,0,0,4,4,4,4.0,4,5.0,1,2,0,0.0,2021
Nepal,NPL,South Asia,20742576.0,131413388,1.13815224162724,1,23.0,2,4,1.0,1.0,0,0,0.0,,,2,,,,,,,,,,,,,,,,,,,1.0,2.0,2.0,2.0,2.0,2.0,1.0,2.0,2.0,,,,,,,,,,,2,,,2,2,2,,,,2,2,,2.0,2,2,2,,5,3.0,2.0,2.0,,,,1.0,2.0,1.0,1.0,2,,,,,,2,,,,,,,2,2,,,,,2.0,,,,,,3,2,2,2,4.0,3.0,,0,0,4,4,4,4.0,4,2.0,1,1,0,0.0,2021
Nepal,NPL,South Asia,20742576.0,132873490,1.93055289264042,1,48.0,1,5,1.0,1.0,1,1,0.0,2.0,2.0,2,,,2.0,2.0,2.0,,,,2.0,,2.0,,,,,,,2.0,,,,,,,,,,,,,,,,,,,,2,,,2,2,2,,,,2,2,,2.0,2,2,2,,3,1.0,1.0,2.0,,,,2.0,,,,2,,,,,,2,,,,,,,2,2,,,,,2.0,,,,,,3,1,1,1,2.0,1.0,,0,0,4,4,4,4.0,4,5.0,1,1,0,0.0,2021
Nepal,NPL,South Asia,20742576.0,125618097,1.71023770241382,1,40.0,1,5,1.0,1.0,0,0,0.0,,,2,,,,,,,,,,,,,,,,,,,2.0,2.0,2.0,2.0,2.0,2.0,1.0,1.0,2.0,,,,,,,,,,,2,,,2,2,2,,,,1,2,,1.0,1,2,1,1.0,1,2.0,2.0,2.0,,,,2.0,,,,1,2.0,2.0,,,1.0,2,,,,,,,2,2,,,,,1.0,1.0,2.0,2.0,1.0,,2,1,2,1,4.0,2.0,,1,1,4,4,4,2.0,2,5.0,1,2,0,0.0,2021
Nepal,NPL,South Asia,20742576.0,124610189,0.967073747229071,1,19.0,2,4,2.0,1.0,0,0,0.0,,,2,,,,,,,,,,,,,,,,,,,1.0,2.0,2.0,2.0,2.0,2.0,1.0,1.0,2.0,,,,,,,,,,,2,,,2,2,2,,,,2,2,,2.0,1,2,1,,3,2.0,1.0,2.0,,,,2.0,,,,2,,,,,,2,,,,,,,2,2,,,,,2.0,,,,,,2,2,2,2,2.0,2.0,,0,1,4,4,4,4.0,4,5.0,1,1,0,0.0,2021
Nepal,NPL,South Asia,20742576.0,127493789,0.933211564040195,2,42.0,1,3,1.0,1.0,0,0,0.0,,,2,,,,,,,,,,,,,,,,,,,2.0,1.0,1.0,2.0,2.0,2.0,1.0,2.0,2.0,,,,,,,,,,,2,,,2,2,2,,,,2,2,,2.0,2,2,2,,2,2.0,1.0,2.0,,,,2.0,,,,1,2.0,2.0,,,1.0,2,,,,,,,2,2,,,,,1.0,1.0,2.0,2.0,1.0,,1,1,2,2,2.0,1.0,,0,0,4,4,4,2.0,2,5.0,1,2,0,0.0,2021
Nepal,NPL,South Asia,20742576.0,137896772,0.484485545072827,1,31.0,1,4,1.0,1.0,1,1,0.0,2.0,1.0,2,,,2.0,2.0,2.0,,,,2.0,,1.0,,,,,,2.0,2.0,,,,,,,,,,,,,,,,,,,,2,,,2,2,2,,,,2,2,,2.0,2,2,2,,2,2.0,1.0,2.0,,,,2.0,,,,1,2.0,2.0,,,1.0,2,,,,,,,2,2,,,,,2.0,,,,,,2,2,2,2,4.0,2.0,,0,0,4,4,4,4.0,2,5.0,1,1,0,0.0,2021
Nepal,NPL,South Asia,20742576.0,128975772,0.532230054413927,1,24.0,2,5,1.0,1.0,0,0,0.0,,,2,,,,,,,,,,,,,,,,,,,1.0,2.0,2.0,1.0,2.0,2.0,1.0,2.0,2.0,,,,,,,,,,,2,,,2,2,2,,,,2,2,,2.0,2,2,2,,2,3.0,3.0,2.0,,,,2.0,,,,1,2.0,2.0,,,1.0,2,,,,,,,2,2,,,,,2.0,,,,,,3,3,3,3,,3.0,,0,1,4,4,4,4.0,2,5.0,1,2,0,0.0,2021
Nepal,NPL,South Asia,20742576.0,180517789,1.23408214394269,2,40.0,1,2,1.0,1.0,1,1,0.0,2.0,2.0,1,2.0,,2.0,2.0,2.0,,,,2.0,,1.0,,,,,,2.0,2.0,,,,,,,,,,,,,,,,,,,,2,,,2,2,2,,,,2,2,,2.0,2,2,2,,3,2.0,2.0,1.0,1.0,,,1.0,2.0,1.0,1.0,1,2.0,2.0,,,1.0,2,,,,,,,2,2,,,,,1.0,1.0,2.0,2.0,1.0,,1,2,2,2,2.0,2.0,,1,0,4,4,4,2.0,2,1.0,1,2,1,0.0,2021
Nepal,NPL,South Asia,20742576.0,198807936,0.598946227374183,2,64.0,1,1,1.0,1.0,1,1,0.0,2.0,2.0,2,,,2.0,2.0,2.0,,,,2.0,,2.0,,,,,,,1.0,,,,,,,,,,,,,,,,,,,,2,,,2,2,2,,,,2,2,,2.0,2,2,2,,2,2.0,1.0,2.0,,,,2.0,,,,1,2.0,2.0,,,1.0,2,,,,,,,2,2,,,,,1.0,1.0,2.0,2.0,1.0,,3,3,3,4,,3.0,,0,0,4,4,4,2.0,2,5.0,1,2,0,0.0,2021
Nepal,NPL,South Asia,20742576.0,133867925,0.914801105094853,2,72.0,2,1,2.0,2.0,1,1,0.0,2.0,1.0,1,1.0,2.0,1.0,2.0,2.0,,,,1.0,2.0,1.0,,,,,,1.0,1.0,,,,,,,,,,,,,,,,,,,,2,,,2,2,2,,,,1,1,,2.0,2,2,2,,2,1.0,1.0,2.0,,,,2.0,,,,2,,,,,,1,2.0,1.0,2.0,,,2.0,1,1,1.0,2.0,,,2.0,,,,,,3,2,3,3,,1.0,,1,0,1,1,1,4.0,4,5.0,1,2,1,0.0,2021
Nepal,NPL,South Asia,20742576.0,188320369,2.36478597058258,1,42.0,1,2,2.0,1.0,1,1,1.0,1.0,1.0,1,1.0,2.0,1.0,1.0,2.0,,,,1.0,1.0,1.0,,,,,,1.0,1.0,,,,,,,,,,,,,,,,1.0,1.0,1.0,1.0,1,2.0,,1,1,1,2.0,1.0,,1,1,1.0,2.0,1,1,1,,1,2.0,2.0,2.0,,,,1.0,1.0,,,1,1.0,2.0,1.0,,,2,,,,,,,2,2,,,,,1.0,1.0,1.0,2.0,,,1,2,1,3,1.0,2.0,,1,1,4,4,4,1.0,1,1.0,1,1,1,1.0,2021
Nepal,NPL,South Asia,20742576.0,150494508,2.62791271182349,1,25.0,1,1,1.0,1.0,0,0,0.0,,,2,,,,,,,,,,,,,,,,,,,1.0,2.0,2.0,2.0,2.0,2.0,1.0,2.0,1.0,,,,,,,,,,,2,,,2,2,2,,,,2,2,,2.0,2,2,2,,2,2.0,1.0,2.0,,,,2.0,,,,2,,,,,,2,,,,,,,1,1,2.0,2.0,2.0,2.0,2.0,,,,,,2,2,2,2,4.0,3.0,,0,0,4,3,3,4.0,4,5.0,1,2,0,0.0,2021
Nepal,NPL,South Asia,20742576.0,118528818,2.47305368612076,2,55.0,1,3,1.0,2.0,0,0,0.0,,,2,,,,,,,,,,,,,,,,,,,2.0,2.0,2.0,2.0,2.0,2.0,2.0,2.0,1.0,,,,,,,,,,,2,,,2,2,2,,,,2,2,,2.0,2,2,2,,2,3.0,3.0,1.0,1.0,,,2.0,,,,1,2.0,2.0,,,1.0,2,,,,,,,2,2,,,,,2.0,,,,,,3,3,3,3,,3.0,,0,0,4,4,4,4.0,2,1.0,1,2,0,0.0,2021
Nepal,NPL,South Asia,20742576.0,151085916,0.804358536502004,2,23.0,2,3,1.0,1.0,1,1,0.0,2.0,2.0,1,1.0,2.0,1.0,1.0,1.0,1.0,2.0,1.0,1.0,1.0,1.0,,,,,,1.0,1.0,,,,,,,,,,,,,,,,,,,,2,,,1,1,2,,,,2,1,1.0,2.0,2,2,2,,4,1.0,1.0,1.0,1.0,,,2.0,,,,1,1.0,1.0,2.0,,,2,,,,,,,2,2,,,,,2.0,,,,,,1,1,2,2,4.0,1.0,,1,1,4,4,4,4.0,1,1.0,1,1,1,0.0,2021
Nepal,NPL,South Asia,20742576.0,193573894,0.871455475226859,1,22.0,1,3,1.0,1.0,0,0,0.0,,,2,,,,,,,,,,,,,,,,,,,1.0,2.0,2.0,2.0,2.0,2.0,1.0,2.0,2.0,,,,,,,,,,,2,,,2,2,2,,,,2,2,,2.0,1,2,1,,8,,,2.0,,,,2.0,,,,1,2.0,2.0,,,2.0,2,,,,,,,2,2,,,,,2.0,,,,,,2,2,2,3,2.0,1.0,,0,1,4,4,4,4.0,3,5.0,1,2,0,0.0,2021
Nepal,NPL,South Asia,20742576.0,199775167,0.390237381020251,2,59.0,1,3,1.0,1.0,0,0,0.0,,,2,,,,,,,,,,,,,,,,,,,1.0,2.0,2.0,1.0,1.0,2.0,2.0,2.0,2.0,,,,,,,,,,,2,,,2,2,2,,,,2,2,,2.0,2,2,1,,3,2.0,2.0,2.0,,,,2.0,,,,2,,,,,,1,2.0,2.0,2.0,1.0,,,2,2,,,,,1.0,1.0,2.0,2.0,1.0,,2,2,2,3,3.0,3.0,,1,1,2,4,4,2.0,4,5.0,1,2,0,0.0,2021
Nepal,NPL,South Asia,20742576.0,116149164,2.83160028258982,2,16.0,1,1,2.0,1.0,0,0,0.0,,,2,,,,,,,,,,,,,,,,,,,2.0,2.0,2.0,2.0,2.0,2.0,2.0,2.0,2.0,,,,,,,,,,,2,,,2,1,2,,,,2,2,,2.0,2,2,2,,2,3.0,3.0,2.0,,,,2.0,,,,2,,,,,,2,,,,,,,2,2,,,,,2.0,,,,,,3,3,3,3,,1.0,,0,0,4,4,4,4.0,4,5.0,1,1,0,0.0,2021
Nepal,NPL,South Asia,20742576.0,198827310,0.600477216796788,1,35.0,1,4,1.0,1.0,0,0,0.0,,,2,,,,,,,,,,,,,,,,,,,2.0,2.0,2.0,2.0,2.0,2.0,1.0,1.0,2.0,,,,,,,,,,,2,,,2,2,2,,,,2,2,,2.0,2,2,2,,3,2.0,3.0,2.0,,,,2.0,,,,1,2.0,2.0,,,1.0,2,,,,,,,2,2,,,,,1.0,2.0,2.0,2.0,2.0,2.0,1,1,1,1,4.0,3.0,,0,0,4,4,4,3.0,2,5.0,1,1,0,0.0,2021
Nepal,NPL,South Asia,20742576.0,164118139,2.01921003960107,1,68.0,1,2,2.0,1.0,1,1,0.0,,,2,,,,,,,,,,,,,,,,,,,,1.0,1.0,1.0,2.0,3.0,1.0,2.0,2.0,,,,,,,,,,,2,,,2,2,2,,,,2,2,,2.0,2,2,2,,7,,,2.0,,,,2.0,,,,2,,,,,,2,,,,,,,1,2,1.0,2.0,,,2.0,,,,,,3,2,3,3,,2.0,,0,0,4,1,4,4.0,4,5.0,1,2,1,0.0,2021
Nepal,NPL,South Asia,20742576.0,156697381,2.83160028258982,1,60.0,1,5,2.0,2.0,0,0,0.0,,,2,,,,,,,,,,,,,,,,,,,2.0,2.0,2.0,2.0,2.0,2.0,1.0,1.0,1.0,,,,,,,,,,,2,,,2,2,2,,,,2,2,,1.0,1,2,1,1.0,1,3.0,2.0,1.0,1.0,,,1.0,2.0,1.0,2.0,2,,,,,,2,,,,,,,1,2,2.0,2.0,1.0,,2.0,,,,,,2,2,2,3,2.0,2.0,,1,1,4,2,4,4.0,4,1.0,2,2,0,0.0,2021
Nepal,NPL,South Asia,20742576.0,126275096,0.651413329965693,1,39.0,1,3,1.0,1.0,1,1,0.0,2.0,2.0,2,,,2.0,2.0,2.0,,,,2.0,,1.0,,,,,,2.0,2.0,,,,,,,,,,,,,,,,,,,,2,,,2,2,2,,,,2,2,,1.0,2,2,2,2.0,1,3.0,3.0,2.0,,,,1.0,1.0,,,2,,,,,,2,,,,,,,1,2,1.0,2.0,,,1.0,1.0,2.0,2.0,1.0,,3,2,3,3,,3.0,,1,0,4,1,4,2.0,4,1.0,1,2,1,0.0,2021
Nepal,NPL,South Asia,20742576.0,163657046,1.70167838360074,1,20.0,1,4,1.0,1.0,1,1,1.0,2.0,2.0,2,,,1.0,2.0,2.0,,,,2.0,,2.0,,,,,,,2.0,,,,,,,,,,,,,,,,,,,,2,,,1,2,2,,,,2,2,,2.0,2,2,2,,2,3.0,3.0,2.0,,,,2.0,,,,2,,,,,,2,,,,,,,2,2,,,,,1.0,1.0,1.0,1.0,,,1,1,1,2,2.0,2.0,,0,1,4,4,4,1.0,4,5.0,1,1,1,0.0,2021
Nepal,NPL,South Asia,20742576.0,166582029,1.41316039027258,2,20.0,2,2,1.0,1.0,0,0,0.0,,,2,,,,,,,,,,,,,,,,,,,1.0,2.0,2.0,2.0,2.0,2.0,2.0,2.0,2.0,,,,,,,,,,,2,,,2,2,2,,,,2,2,,2.0,2,2,2,,3,2.0,2.0,2.0,,,,2.0,,,,2,,,,,,2,,,,,,,2,2,,,,,2.0,,,,,,3,2,3,3,,3.0,,0,0,4,4,4,4.0,4,5.0,1,1,0,0.0,2021
Nepal,NPL,South Asia,20742576.0,147801904,2.59584092608771,2,35.0,1,3,2.0,1.0,1,1,1.0,1.0,1.0,1,2.0,,2.0,1.0,2.0,,,,2.0,,1.0,,,,,,2.0,1.0,,,,,,,,,,,,,,,,2.0,2.0,2.0,1.0,2,,,1,2,2,,,,2,1,2.0,2.0,2,2,2,,3,3.0,3.0,2.0,,,,2.0,,,,1,2.0,1.0,1.0,,,1,2.0,2.0,2.0,1.0,,,1,2,2.0,2.0,2.0,2.0,2.0,,,,,,1,1,2,2,2.0,2.0,,1,0,2,3,4,4.0,1,5.0,1,1,1,0.0,2021
Nepal,NPL,South Asia,20742576.0,171998038,1.72761508338194,2,22.0,1,1,1.0,1.0,0,0,0.0,,,2,,,,,,,,,,,,,,,,,,,2.0,2.0,1.0,2.0,2.0,2.0,1.0,2.0,2.0,,,,,,,,,,,2,,,2,2,2,,,,2,2,,2.0,2,2,1,,8,,,2.0,,,,2.0,,,,2,,,,,,2,,,,,,,2,2,,,,,2.0,,,,,,2,1,2,3,2.0,2.0,,0,1,4,4,4,4.0,4,5.0,1,2,0,0.0,2021
Nepal,NPL,South Asia,20742576.0,130212029,0.265865641543961,2,59.0,2,1,1.0,1.0,1,1,0.0,2.0,2.0,2,,,2.0,2.0,2.0,,,,1.0,1.0,1.0,,,,,,1.0,1.0,,,,,,,,,,,,,,,,,,,,2,,,2,2,2,,,,2,2,,2.0,1,1,1,,5,3.0,3.0,1.0,1.0,,,1.0,2.0,1.0,1.0,1,2.0,2.0,,,1.0,2,,,,,,,2,2,,,,,1.0,1.0,2.0,2.0,1.0,,1,3,3,2,1.0,3.0,,1,1,4,4,4,2.0,2,1.0,1,1,1,0.0,2021
Nepal,NPL,South Asia,20742576.0,153303709,0.385818228809499,2,40.0,2,1,1.0,1.0,1,1,0.0,2.0,1.0,2,,,2.0,2.0,2.0,,,,1.0,1.0,1.0,,,,,,1.0,1.0,,,,,,,,,,,,,,,,,,,,2,,,2,2,2,,,,1,2,,2.0,1,2,1,,4,1.0,1.0,2.0,,,,2.0,,,,1,2.0,2.0,,,1.0,2,,,,,,,1,2,2.0,2.0,1.0,,1.0,1.0,2.0,2.0,1.0,,1,1,1,1,4.0,1.0,,1,1,4,2,4,2.0,2,5.0,1,2,0,0.0,2021
Nepal,NPL,South Asia,20742576.0,131500097,1.29783119755822,1,40.0,1,3,1.0,1.0,1,1,0.0,2.0,2.0,2,,,2.0,2.0,2.0,,,,2.0,,2.0,,,,,,,2.0,,,,,,,,,,,,,,,,,,,,2,,,2,2,2,,,,2,2,,2.0,2,2,1,,2,1.0,1.0,2.0,,,,1.0,1.0,,,2,,,,,,2,,,,,,,2,2,,,,,1.0,1.0,2.0,2.0,1.0,,2,2,2,2,4.0,2.0,,0,1,4,4,4,2.0,4,1.0,1,2,1,0.0,2021
Nepal,NPL,South Asia,20742576.0,170499981,1.6950559945778,2,16.0,1,5,1.0,2.0,1,1,0.0,1.0,2.0,2,,,2.0,2.0,2.0,,,,2.0,,2.0,,,,,,,2.0,,,,,,,,,,,,,,,,,,,,2,,,2,2,2,,,,2,2,,2.0,2,2,2,,2,2.0,3.0,2.0,,,,2.0,,,,2,,,,,,2,,,,,,,2,2,,,,,2.0,,,,,,4,2,2,2,2.0,2.0,,0,0,4,4,4,4.0,4,5.0,1,1,0,0.0,2021
Nepal,NPL,South Asia,20742576.0,148902263,0.70658019513629,2,22.0,3,5,1.0,2.0,1,1,1.0,1.0,1.0,1,2.0,,1.0,1.0,2.0,,,,2.0,,1.0,,,,,,1.0,1.0,,,,,,,,,,,,,,,,1.0,1.0,1.0,1.0,2,,,2,1,2,,,,2,1,2.0,2.0,2,2,2,,3,2.0,2.0,1.0,1.0,,,1.0,1.0,,,2,,,,,,1,2.0,1.0,2.0,,,2.0,2,2,,,,,2.0,,,,,,2,2,2,2,4.0,2.0,,1,1,1,4,4,4.0,4,1.0,1,1,1,0.0,2021
Nepal,NPL,South Asia,20742576.0,114668876,1.12961785522689,1,32.0,1,5,1.0,1.0,1,1,0.0,2.0,2.0,1,2.0,,2.0,1.0,2.0,,,,2.0,,2.0,,,,,,,2.0,,,,,,,,,,,,,,,,,,,,2,,,2,2,2,,,,2,2,,2.0,2,2,1,,7,,,2.0,,,,2.0,,,,1,2.0,2.0,,,1.0,2,,,,,,,3,2,,,,,2.0,,,,,,1,1,1,1,4.0,1.0,,0,1,4,5,4,4.0,2,5.0,2,2,0,0.0,2021
Nepal,NPL,South Asia,20742576.0,207612541,0.651413329965693,1,35.0,1,3,2.0,2.0,0,0,0.0,,,2,,,,,,,,,,,,,,,,,,,2.0,2.0,2.0,2.0,2.0,2.0,1.0,1.0,2.0,,,,,,,,,,,2,,,2,2,2,,,,2,2,,2.0,2,2,2,,8,,,2.0,,,,2.0,,,,1,2.0,2.0,,,1.0,2,,,,,,,2,2,,,,,2.0,,,,,,2,2,2,1,4.0,3.0,,0,0,4,4,4,4.0,2,5.0,1,2,0,0.0,2021
Nepal,NPL,South Asia,20742576.0,127749574,0.263544210014897,2,50.0,3,5,1.0,1.0,1,1,0.0,2.0,1.0,2,,,2.0,2.0,2.0,,,,2.0,,1.0,,,,,,1.0,2.0,,,,,,,,,,,,,,,,,,,,2,,,2,2,2,,,,1,2,,1.0,2,2,1,2.0,1,3.0,3.0,2.0,,,,1.0,2.0,2.0,1.0,2,,,,,,2,,,,,,,2,2,,,,,1.0,1.0,2.0,2.0,1.0,,1,1,3,1,4.0,2.0,,1,1,4,4,4,2.0,4,2.0,1,1,0,0.0,2021
Nepal,NPL,South Asia,20742576.0,125004013,2.33439074094841,1,40.0,1,1,2.0,1.0,1,1,0.0,1.0,1.0,2,,,2.0,2.0,2.0,,,,2.0,,2.0,,,,,,,2.0,,,,,,,,,,,,,,,,,,,,2,,,2,2,2,,,,1,2,,1.0,2,2,2,2.0,1,2.0,2.0,2.0,,,,2.0,,,,2,,,,,,2,,,,,,,2,2,,,,,1.0,1.0,2.0,2.0,1.0,,3,1,1,2,2.0,2.0,,1,0,4,4,4,2.0,4,5.0,1,2,0,0.0,2021
Nepal,NPL,South Asia,20742576.0,192544399,0.520670052360673,2,50.0,1,1,2.0,1.0,1,1,0.0,2.0,2.0,1,2.0,,2.0,2.0,2.0,,,,2.0,,2.0,,,,,,,2.0,,,,,,,,,,,,,,,,,,,,2,,,2,2,2,,,,2,2,,2.0,2,2,2,,7,,,2.0,,,,2.0,,,,1,2.0,2.0,,,1.0,2,,,,,,,2,2,,,,,2.0,,,,,,1,1,1,1,2.0,3.0,,0,0,4,4,4,4.0,2,5.0,2,2,0,0.0,2021
Nepal,NPL,South Asia,20742576.0,183372232,0.572960581700974,2,34.0,2,2,1.0,1.0,0,0,0.0,,,2,,,,,,,,,,,,,,,,,,,2.0,1.0,2.0,1.0,2.0,2.0,1.0,2.0,1.0,,,,,,,,,,,2,,,2,2,2,,,,2,2,,2.0,2,2,1,,2,2.0,1.0,2.0,,,,2.0,,,,2,,,,,,1,2.0,2.0,2.0,1.0,,,2,2,,,,,2.0,,,,,,2,1,1,2,2.0,2.0,,0,1,2,4,4,4.0,4,5.0,1,2,0,0.0,2021
Nepal,NPL,South Asia,20742576.0,159438559,0.394534057303257,1,31.0,2,1,1.0,1.0,1,1,0.0,1.0,2.0,2,,,2.0,1.0,2.0,,,,2.0,,1.0,,,,,,1.0,1.0,,,,,,,,,,,,,,,,,,,,2,,,2,2,2,,,,2,2,,2.0,2,2,1,,3,1.0,1.0,2.0,,,,2.0,,,,2,,,,,,2,,,,,,,1,1,1.0,2.0,,,2.0,,,,,,2,2,3,3,1.0,3.0,,1,1,4,1,1,4.0,4,5.0,1,2,1,0.0,2021
Nepal,NPL,South Asia,20742576.0,158338931,0.356875721051611,1,40.0,1,5,2.0,2.0,1,1,0.0,2.0,2.0,1,1.0,2.0,2.0,1.0,2.0,,,,1.0,1.0,1.0,,,,,,1.0,1.0,,,,,,,,,,,,,,,,,,,,2,,,2,2,2,,,,2,2,,2.0,2,1,2,,2,3.0,3.0,2.0,,,,2.0,,,,2,,,,,,2,,,,,,,2,2,,,,,2.0,,,,,,1,1,2,3,2.0,3.0,,0,1,4,4,4,4.0,4,5.0,1,2,1,0.0,2021
Nepal,NPL,South Asia,20742576.0,161975708,0.689939120320085,1,30.0,1,4,1.0,1.0,0,0,0.0,,,2,,,,,,,,,,,,,,,,,,,2.0,2.0,2.0,1.0,1.0,2.0,1.0,1.0,1.0,,,,,,,,,,,2,,,2,2,2,,,,2,2,,2.0,2,2,2,,1,3.0,3.0,2.0,,,,2.0,,,,1,2.0,2.0,,,1.0,2,,,,,,,2,2,,,,,2.0,,,,,,5,1,1,1,2.0,1.0,,0,0,4,4,4,4.0,2,5.0,1,1,0,0.0,2021
Nepal,NPL,South Asia,20742576.0,185494730,0.269338090905908,1,58.0,1,1,1.0,1.0,0,0,0.0,,,2,,,,,,,,,,,,,,,,,,,2.0,2.0,3.0,2.0,2.0,2.0,1.0,2.0,2.0,,,,,,,,,,,2,,,2,2,2,,,,2,2,,2.0,2,2,2,,3,1.0,1.0,2.0,,,,2.0,,,,1,2.0,2.0,,,1.0,2,,,,,,,2,2,,,,,2.0,,,,,,1,1,1,1,1.0,3.0,,0,0,4,4,4,4.0,2,5.0,2,2,0,0.0,2021
Nepal,NPL,South Asia,20742576.0,176106736,0.937791733094748,1,49.0,1,5,1.0,1.0,1,1,0.0,2.0,2.0,2,,,2.0,2.0,2.0,,,,1.0,2.0,1.0,,,,,,2.0,1.0,,,,,,,,,,,,,,,,,,,,2,,,2,2,2,,,,2,1,,1.0,1,1,1,1.0,1,3.0,2.0,2.0,,,,2.0,,,,1,2.0,2.0,,,1.0,2,,,,,,,2,2,,,,,1.0,1.0,2.0,2.0,1.0,,1,1,2,4,1.0,3.0,,1,1,4,4,4,2.0,2,5.0,1,2,0,0.0,2021
Nepal,NPL,South Asia,20742576.0,130361603,1.15939360340703,2,23.0,2,3,1.0,1.0,1,1,0.0,2.0,2.0,1,2.0,,2.0,1.0,2.0,,,,2.0,,1.0,,,,,,2.0,1.0,,,,,,,,,,,,,,,,,,,,2,,,2,2,2,,,,2,2,,2.0,1,2,1,,2,1.0,1.0,1.0,2.0,1.0,1.0,1.0,1.0,,,2,,,,,,2,,,,,,,2,2,,,,,2.0,,,,,,1,1,1,1,4.0,1.0,,0,1,4,4,4,4.0,4,1.0,1,1,1,0.0,2021
Nepal,NPL,South Asia,20742576.0,116533092,0.51910488740497,1,45.0,1,4,1.0,2.0,1,1,0.0,1.0,1.0,2,,,2.0,2.0,2.0,,,,2.0,,1.0,,,,,,2.0,2.0,,,,,,,,,,,,,,,,,,,,2,,,2,2,2,,,,2,2,,2.0,2,2,2,,2,2.0,2.0,2.0,,,,2.0,,,,1,2.0,2.0,,,2.0,2,,,,,,,2,2,,,,,2.0,,,,,,2,1,1,2,2.0,1.0,,0,0,4,4,4,4.0,3,5.0,2,2,0,0.0,2021
Nepal,NPL,South Asia,20742576.0,119873128,0.70648955408535,1,41.0,2,5,1.0,1.0,1,1,1.0,1.0,2.0,1,1.0,2.0,1.0,1.0,2.0,,,,1.0,2.0,1.0,,,,,,1.0,1.0,,,,,,,,,,,,,,,,1.0,1.0,2.0,1.0,2,,,1,1,1,1.0,1.0,,1,1,1.0,1.0,2,2,1,1.0,1,2.0,1.0,1.0,2.0,1.0,2.0,1.0,2.0,1.0,2.0,1,1.0,2.0,1.0,,,1,2.0,1.0,2.0,,,1.0,2,2,,,,,2.0,,,,,,1,1,2,1,1.0,2.0,,1,1,1,4,4,4.0,1,3.0,1,1,1,1.0,2021
Nepal,NPL,South Asia,20742576.0,115900992,0.578727343214249,2,36.0,2,3,1.0,2.0,1,1,0.0,2.0,1.0,2,,,2.0,2.0,2.0,,,,2.0,,1.0,,,,,,2.0,2.0,,,,,,,,,,,,,,,,,,,,2,,,2,2,2,,,,2,2,,2.0,2,1,2,,3,3.0,3.0,2.0,,,,2.0,,,,2,,,,,,2,,,,,,,2,2,,,,,2.0,,,,,,3,2,2,2,2.0,1.0,,0,1,4,4,4,4.0,4,5.0,1,2,0,0.0,2021
Nepal,NPL,South Asia,20742576.0,188214330,0.536239024334669,2,20.0,2,4,2.0,1.0,0,0,0.0,,,2,,,,,,,,,,,,,,,,,,,1.0,2.0,2.0,2.0,2.0,2.0,2.0,2.0,2.0,,,,,,,,,,,2,,,2,2,2,,,,2,2,,2.0,2,2,2,,2,1.0,1.0,2.0,,,,2.0,,,,2,,,,,,2,,,,,,,2,2,,,,,2.0,,,,,,1,1,2,1,2.0,1.0,,0,0,4,4,4,4.0,4,5.0,1,2,0,0.0,2021
Nepal,NPL,South Asia,20742576.0,191490918,0.263544210014897,1,32.0,1,3,1.0,1.0,1,1,0.0,1.0,2.0,2,,,2.0,2.0,2.0,,,,2.0,,2.0,,,,,,,1.0,,,,,,,,,,,,,,,,,,,,2,,,2,2,2,,,,1,1,,1.0,1,2,1,2.0,3,1.0,1.0,2.0,,,,2.0,,,,1,2.0,2.0,,,1.0,2,,,,,,,2,2,,,,,2.0,,,,,,1,1,1,2,4.0,3.0,,1,1,4,4,4,4.0,2,5.0,1,2,0,0.0,2021
Nepal,NPL,South Asia,20742576.0,158989764,1.26142834539199,1,25.0,1,1,1.0,1.0,0,0,0.0,,,2,,,,,,,,,,,,,,,,,,,1.0,2.0,2.0,2.0,2.0,2.0,2.0,2.0,2.0,,,,,,,,,,,2,,,2,2,2,,,,2,2,,2.0,1,1,1,,2,1.0,1.0,1.0,2.0,2.0,2.0,1.0,1.0,,,1,2.0,2.0,,,1.0,1,2.0,2.0,2.0,1.0,,,1,2,2.0,2.0,1.0,,1.0,1.0,2.0,2.0,1.0,,3,1,1,1,4.0,1.0,,0,1,2,2,4,2.0,2,1.0,1,2,0,0.0,2021
Nepal,NPL,South Asia,20742576.0,172182833,2.54081320766592,1,16.0,1,3,1.0,1.0,0,0,0.0,,,2,,,,,,,,,,,,,,,,,,,2.0,2.0,2.0,2.0,2.0,2.0,1.0,1.0,2.0,,,,,,,,,,,2,,,2,2,2,,,,2,2,,2.0,2,2,2,,7,,,2.0,,,,2.0,,,,2,,,,,,2,,,,,,,3,2,,,,,2.0,,,,,,5,2,2,2,2.0,2.0,,0,0,4,5,4,4.0,4,5.0,1,2,0,0.0,2021
Nepal,NPL,South Asia,20742576.0,130074679,0.532230054413927,1,23.0,2,4,1.0,1.0,0,0,0.0,,,2,,,,,,,,,,,,,,,,,,,3.0,2.0,2.0,1.0,2.0,2.0,1.0,1.0,2.0,,,,,,,,,,,2,,,2,2,1,2.0,1.0,,1,2,,2.0,2,2,2,,2,2.0,1.0,2.0,,,,1.0,1.0,,,2,,,,,,2,,,,,,,2,2,,,,,2.0,,,,,,3,3,3,3,,2.0,,1,0,4,4,4,4.0,4,1.0,1,1,0,0.0,2021
Nepal,NPL,South Asia,20742576.0,197568468,0.590837423196281,1,21.0,3,5,2.0,2.0,0,0,0.0,,,2,,,,,,,,,,,,,,,,,,,1.0,2.0,2.0,1.0,2.0,2.0,1.0,1.0,1.0,,,,,,,,,,,2,,,2,2,2,,,,2,2,,2.0,2,2,2,,2,2.0,2.0,2.0,,,,1.0,2.0,1.0,2.0,2,,,,,,2,,,,,,,2,2,,,,,2.0,,,,,,2,1,3,3,2.0,3.0,,0,0,4,4,4,4.0,4,3.0,1,1,0,0.0,2021
Nepal,NPL,South Asia,20742576.0,124582453,0.290616774042975,1,39.0,2,4,1.0,1.0,1,1,0.0,2.0,2.0,2,,,2.0,1.0,2.0,,,,2.0,,2.0,,,,,,,1.0,,,,,,,,,,,,,,,,,,,,2,,,2,2,2,,,,2,1,,2.0,1,1,1,,2,1.0,1.0,2.0,,,,2.0,,,,1,2.0,2.0,,,1.0,2,,,,,,,2,2,,,,,2.0,,,,,,1,1,1,1,2.0,1.0,,1,1,4,4,4,4.0,2,5.0,1,2,0,0.0,2021
Nepal,NPL,South Asia,20742576.0,175013874,0.814692676021976,1,56.0,1,3,1.0,1.0,0,0,0.0,,,2,,,,,,,,,,,,,,,,,,,2.0,2.0,2.0,2.0,2.0,2.0,1.0,2.0,2.0,,,,,,,,,,,2,,,2,2,2,,,,2,2,,2.0,2,2,2,,2,1.0,1.0,2.0,,,,2.0,,,,2,,,,,,2,,,,,,,2,2,,,,,1.0,1.0,2.0,2.0,1.0,,1,1,1,2,2.0,1.0,,0,0,4,4,4,2.0,4,5.0,2,2,0,0.0,2021
Nepal,NPL,South Asia,20742576.0,150273890,0.614496060625505,1,38.0,1,5,1.0,1.0,1,1,0.0,2.0,2.0,2,,,2.0,2.0,2.0,,,,2.0,,2.0,,,,,,,2.0,,,,,,,,,,,,,,,,,,,,2,,,2,2,2,,,,2,2,,2.0,1,2,2,,2,3.0,3.0,2.0,,,,2.0,,,,2,,,,,,2,,,,,,,2,2,,,,,2.0,,,,,,3,3,3,3,,3.0,,0,1,4,4,4,4.0,4,5.0,2,1,0,0.0,2021
Nepal,NPL,South Asia,20742576.0,186367696,1.69436318020742,2,23.0,1,2,1.0,1.0,1,1,0.0,2.0,2.0,2,,,2.0,2.0,2.0,,,,2.0,,2.0,,,,,,,1.0,,,,,,,,,,,,,,,,,,,,2,,,2,2,2,,,,2,2,,2.0,2,2,1,,2,2.0,2.0,2.0,,,,1.0,1.0,,,2,,,,,,1,2.0,2.0,2.0,1.0,,,2,2,,,,,1.0,3.0,2.0,3.0,1.0,,3,2,3,2,2.0,3.0,,1,1,2,4,4,2.0,4,1.0,1,1,1,0.0,2021
Nepal,NPL,South Asia,20742576.0,138326637,0.379539208289501,1,15.0,2,2,2.0,1.0,0,0,0.0,,,2,,,,,,,,,,,,,,,,,,,2.0,2.0,2.0,1.0,2.0,2.0,1.0,2.0,2.0,,,,,,,,,,,2,,,2,2,2,,,,2,2,,2.0,2,2,2,,1,1.0,1.0,2.0,,,,2.0,,,,2,,,,,,2,,,,,,,2,2,,,,,2.0,,,,,,1,1,1,1,2.0,1.0,,0,0,4,4,4,4.0,4,5.0,2,2,0,0.0,2021
Nepal,NPL,South Asia,20742576.0,171343903,0.861105301722445,2,30.0,2,5,1.0,2.0,1,1,0.0,2.0,2.0,1,2.0,,2.0,1.0,2.0,,,,1.0,1.0,1.0,,,,,,1.0,1.0,,,,,,,,,,,,,,,,,,,,2,,,1,2,2,,,,2,1,2.0,1.0,2,1,1,1.0,1,3.0,2.0,2.0,,,,1.0,1.0,,,2,,,,,,2,,,,,,,3,2,,,,,2.0,,,,,,3,2,2,2,2.0,2.0,,1,1,4,5,4,4.0,4,1.0,1,1,1,0.0,2021
Nepal,NPL,South Asia,20742576.0,143186656,0.394534057303257,1,33.0,2,1,1.0,1.0,1,1,0.0,2.0,2.0,2,,,2.0,1.0,2.0,,,,1.0,2.0,1.0,,,,,,2.0,1.0,,,,,,,,,,,,,,,,,,,,2,,,2,2,2,,,,2,2,,2.0,2,2,2,,2,2.0,2.0,2.0,,,,1.0,1.0,,,1,2.0,1.0,1.0,,,1,2.0,2.0,2.0,1.0,,,2,2,,,,,2.0,,,,,,2,2,2,2,1.0,2.0,,1,0,2,4,4,4.0,1,1.0,1,1,1,0.0,2021
Nepal,NPL,South Asia,20742576.0,209777587,0.263544210014897,1,30.0,2,1,1.0,1.0,1,1,0.0,2.0,1.0,2,,,2.0,2.0,2.0,,,,2.0,,2.0,,,,,,,2.0,,,,,,,,,,,,,,,,,,,,2,,,2,2,2,,,,2,2,,2.0,1,2,1,,7,,,2.0,,,,1.0,1.0,,,1,2.0,2.0,,,1.0,2,,,,,,,2,2,,,,,2.0,,,,,,1,2,1,1,2.0,1.0,,0,1,4,4,4,4.0,2,1.0,1,2,1,0.0,2021
Nepal,NPL,South Asia,20742576.0,133341988,0.393959950003561,1,47.0,1,5,1.0,1.0,0,0,0.0,,,2,,,,,,,,,,,,,,,,,,,1.0,2.0,2.0,2.0,2.0,2.0,1.0,2.0,2.0,,,,,,,,,,,2,,,2,2,2,,,,2,2,,2.0,2,2,2,,2,1.0,1.0,2.0,,,,2.0,,,,1,2.0,2.0,,,1.0,2,,,,,,,2,2,,,,,2.0,,,,,,1,1,2,2,1.0,1.0,,0,0,4,4,4,4.0,2,5.0,1,2,0,0.0,2021
Nepal,NPL,South Asia,20742576.0,137468920,1.46636262572094,2,22.0,2,3,1.0,1.0,0,0,0.0,,,2,,,,,,,,,,,,,,,,,,,1.0,2.0,2.0,2.0,2.0,2.0,1.0,2.0,2.0,,,,,,,,,,,2,,,2,2,2,,,,2,2,,2.0,2,2,2,,2,1.0,1.0,2.0,,,,2.0,,,,2,,,,,,2,,,,,,,2,2,,,,,2.0,,,,,,3,3,3,3,,2.0,,0,0,4,4,4,4.0,4,5.0,1,1,0,0.0,2021
Nepal,NPL,South Asia,20742576.0,208563949,1.12738467219292,1,60.0,1,3,1.0,1.0,0,0,0.0,,,2,,,,,,,,,,,,,,,,,,,2.0,1.0,2.0,2.0,2.0,2.0,1.0,2.0,1.0,,,,,,,,,,,2,,,2,2,2,,,,2,2,,1.0,2,2,1,2.0,4,1.0,1.0,2.0,,,,1.0,1.0,,,2,,,,,,1,2.0,2.0,2.0,1.0,,,2,2,,,,,2.0,,,,,,2,1,2,2,2.0,3.0,,1,1,2,4,4,4.0,4,1.0,2,2,0,0.0,2021
Nepal,NPL,South Asia,20742576.0,161552612,0.525582542364698,1,32.0,1,2,1.0,1.0,0,0,0.0,,,2,,,,,,,,,,,,,,,,,,,1.0,2.0,2.0,2.0,2.0,2.0,1.0,2.0,2.0,,,,,,,,,,,2,,,2,2,2,,,,2,2,,2.0,2,2,2,,2,1.0,4.0,2.0,,,,2.0,,,,2,,,,,,2,,,,,,,2,2,,,,,2.0,,,,,,3,2,1,2,3.0,3.0,,0,0,4,4,4,4.0,4,5.0,1,2,0,0.0,2021
Nepal,NPL,South Asia,20742576.0,180929336,0.427000022247721,2,50.0,2,2,1.0,2.0,0,0,0.0,,,2,,,,,,,,,,,,,,,,,,,2.0,2.0,2.0,2.0,2.0,2.0,1.0,2.0,2.0,,,,,,,,,,,2,,,2,2,2,,,,2,2,,1.0,1,2,1,1.0,2,1.0,1.0,2.0,,,,2.0,,,,2,,,,,,2,,,,,,,2,2,,,,,2.0,,,,,,1,1,1,1,2.0,1.0,,1,1,4,4,4,4.0,4,5.0,2,2,0,0.0,2021
Nepal,NPL,South Asia,20742576.0,160123869,1.40256386691203,2,31.0,1,1,2.0,1.0,1,1,0.0,2.0,2.0,2,,,2.0,2.0,2.0,,,,2.0,,2.0,,,,,,,2.0,,,,,,,,,,,,,,,,,,,,2,,,2,2,2,,,,2,2,,2.0,1,2,1,,2,1.0,1.0,1.0,1.0,,,1.0,2.0,1.0,1.0,1,2.0,2.0,,,1.0,2,,,,,,,2,2,,,,,1.0,1.0,2.0,2.0,1.0,,1,1,1,1,4.0,1.0,,0,1,4,4,4,2.0,2,1.0,1,1,1,0.0,2021
